id,datetime
40491,2025-04-18 13:22:37
40489,2025-04-17 14:38:47
40488,2025-04-12 12:24:34
40485,2025-04-05 12:11:36
40482,2025-03-31 11:34:55
40479,2025-03-28 11:55:22
40478,2025-03-24 12:16:34
40475,2025-03-23 12:00:33
40472,2025-03-20 12:28:32
40469,2025-03-18 11:09:42
40459,2025-03-16 12:12:49
40456,2025-03-12 18:11:00
40454,2025-03-12 11:14:00
40450,2025-03-12 09:31:10
40440,2025-03-05 17:22:07
40437,2025-02-20 14:11:50
40433,2025-02-04 14:46:18
40432,2025-02-02 12:20:59
40428,2025-01-25 11:54:44
40426,2025-01-24 10:47:53
40420,2025-01-21 11:06:53
40416,2025-01-16 08:08:19
40415,2025-01-13 10:30:11
40412,2025-01-09 09:28:15
40411,2025-01-03 09:58:30
40407,2024-12-27 09:28:36
40406,2024-12-25 04:45:43
40405,2024-12-23 16:13:47
40402,2024-12-22 12:13:51
40401,2024-12-21 13:02:51
40398,2024-12-13 12:03:22
40396,2024-12-12 11:40:29
40394,2024-12-11 14:03:15
40393,2024-12-09 15:38:41
40389,2024-12-07 11:11:30
40388,2024-12-06 12:16:58
40384,2024-12-05 11:40:35
40382,2024-12-03 18:10:43
40380,2024-12-01 20:05:25
40379,2024-11-30 12:17:08
40377,2024-11-29 11:21:33
40376,2024-11-28 11:51:27
40372,2024-11-26 15:45:47
40370,2024-11-25 16:56:58
40365,2024-11-21 11:24:25
40363,2024-11-19 18:52:39
40359,2024-11-18 11:21:57
40358,2024-11-17 11:06:27
40357,2024-11-16 11:15:48
40353,2024-11-14 14:03:26
40352,2024-11-13 10:26:43
40351,2024-11-12 16:47:34
40350,2024-11-10 11:17:48
40349,2024-11-09 10:49:35
40348,2024-11-08 17:20:00
40341,2024-11-07 15:45:00
40332,2024-11-04 06:24:34
40331,2024-10-29 17:20:00
40326,2024-10-25 15:16:52
40321,2024-10-22 13:51:24
40319,2024-10-21 11:24:22
40317,2024-10-16 14:53:01
40315,2024-10-15 10:10:49
40312,2024-10-14 10:39:16
40309,2024-10-12 12:05:46
40307,2024-10-11 16:52:57
40304,2024-10-10 11:53:26
40300,2024-10-09 08:24:49
40292,2024-10-07 11:03:39
40288,2024-10-04 13:10:02
40284,2024-10-03 14:11:53
40279,2024-10-01 11:44:22
40274,2024-09-29 11:29:05
40273,2024-09-28 14:17:25
40271,2024-09-27 09:10:00
40269,2024-09-27 05:10:00
40261,2024-09-24 14:52:50
40260,2024-09-23 18:40:00
40255,2024-09-22 19:14:56
40250,2024-09-20 15:39:42
40247,2024-09-19 12:17:00
40242,2024-09-18 15:30:33
40233,2024-09-17 18:38:22
40226,2024-09-16 11:33:06
40223,2024-09-15 11:42:35
40220,2024-09-13 13:25:34
40216,2024-09-12 13:11:00
40211,2024-09-11 13:11:16
40206,2024-09-10 13:04:43
40201,2024-09-09 10:55:41
40198,2024-09-08 11:55:00
40196,2024-09-07 20:16:50
40191,2024-09-05 18:31:24
40188,2024-09-03 11:16:49
40185,2024-08-24 12:20:07
40183,2024-08-23 14:01:55
40178,2024-08-18 12:48:12
40176,2024-08-09 10:50:26
40174,2024-08-06 12:46:14
40173,2024-08-05 12:19:52
40172,2024-08-04 15:29:28
40170,2024-08-01 13:22:40
40163,2024-07-30 13:12:42
40160,2024-07-27 10:46:23
40152,2024-07-24 11:53:10
40151,2024-07-12 12:35:35
40147,2024-07-03 11:36:36
40144,2024-06-29 10:21:33
40136,2024-06-22 11:12:58
40135,2024-06-22 01:45:00
40127,2024-06-16 09:35:26
40126,2024-06-13 11:03:14
40125,2024-06-07 11:20:00
40123,2024-06-04 11:09:23
40117,2024-06-01 11:15:00
40115,2024-05-31 13:15:48
40111,2024-05-30 12:40:00
40108,2024-05-29 11:35:00
40105,2024-05-28 11:35:00
40100,2024-05-27 11:35:00
40098,2024-05-26 11:35:00
40096,2024-05-25 11:35:00
40094,2024-05-24 11:35:00
40093,2024-05-23 11:35:00
40084,2024-05-22 11:35:25
40083,2024-05-21 12:44:04
40081,2024-05-20 12:20:00
40078,2024-05-18 11:55:54
40077,2024-05-17 13:15:32
40074,2024-05-15 11:40:00
40071,2024-05-14 11:40:00
40066,2024-05-13 11:40:00
40065,2024-05-12 11:40:00
40064,2024-05-11 11:40:00
40062,2024-05-10 11:40:00
40060,2024-05-09 11:40:00
40056,2024-05-08 11:40:02
40052,2024-05-07 11:40:00
40051,2024-05-06 11:40:00
40040,2024-05-05 11:40:00
40038,2024-05-02 12:56:33
40037,2024-04-27 14:40:00
40035,2024-04-26 14:40:00
40032,2024-04-25 15:40:56
40030,2024-04-24 14:10:00
40027,2024-04-23 21:13:55
40020,2024-04-22 12:00:00
40017,2024-04-21 12:00:00
40015,2024-04-20 12:00:00
40013,2024-04-19 12:00:03
40007,2024-04-18 11:10:00
40002,2024-04-17 11:15:00
40001,2024-04-16 11:15:00
39997,2024-04-15 11:15:00
39995,2024-04-14 11:15:00
39994,2024-04-13 11:15:00
39993,2024-04-12 11:15:00
39991,2024-04-11 11:15:00
39987,2024-04-10 11:15:00
39976,2024-04-09 12:22:58
39973,2024-04-08 11:40:00
39972,2024-04-07 11:40:00
39970,2024-04-06 11:40:00
39969,2024-04-05 11:40:00
39968,2024-04-04 11:40:00
39965,2024-04-03 11:40:00
39962,2024-04-02 11:40:00
39952,2024-04-01 12:01:58
39946,2024-03-30 17:44:50
39944,2024-03-29 11:15:00
39941,2024-03-28 11:15:00
39939,2024-03-27 11:15:00
39938,2024-03-26 11:15:00
39935,2024-03-25 11:15:00
39933,2024-03-24 11:15:00
39932,2024-03-23 12:15:00
39930,2024-03-22 11:15:00
39929,2024-03-21 13:15:00
39927,2024-03-21 11:15:00
39925,2024-03-20 11:15:00
39923,2024-03-19 11:15:00
39907,2024-03-13 12:55:00
39906,2024-03-12 12:55:00
39902,2024-03-11 12:55:00
39900,2024-03-10 12:55:00
39899,2024-03-09 12:55:00
39898,2024-03-08 12:55:00
39894,2024-03-07 12:55:00
39886,2024-03-06 12:55:00
39884,2024-03-05 12:55:00
39880,2024-03-04 12:55:00
39869,2024-03-03 12:55:00
39862,2024-03-02 12:55:00
39858,2024-03-01 12:55:00
39857,2024-02-29 12:55:00
39855,2024-02-28 12:55:00
39852,2024-02-27 12:55:00
39848,2024-02-26 12:55:00
39847,2024-02-25 12:55:00
39846,2024-02-24 12:55:00
39839,2024-02-23 14:55:00
39826,2024-02-21 11:25:00
39821,2024-02-20 11:25:00
39819,2024-02-19 11:25:00
39817,2024-02-18 11:25:00
39816,2024-02-17 11:25:00
39815,2024-02-16 11:25:00
39813,2024-02-15 11:25:00
39810,2024-02-14 11:25:00
39806,2024-02-13 11:25:00
39803,2024-02-12 11:25:00
39800,2024-02-11 11:25:00
39785,2024-02-09 11:25:00
39765,2024-02-08 11:25:00
39764,2024-02-07 11:25:00
39763,2024-02-06 11:25:00
39758,2024-02-05 11:25:00
39756,2024-02-04 11:25:00
39754,2024-02-03 11:25:00
39752,2024-02-02 11:25:00
39743,2024-01-31 11:20:00
39738,2024-01-30 11:20:00
39736,2024-01-29 11:20:00
39732,2024-01-28 11:20:00
39730,2024-01-27 11:20:00
39723,2024-01-26 11:20:00
39722,2024-01-25 11:20:00
39719,2024-01-24 07:10:00
39706,2024-01-23 11:30:00
39703,2024-01-22 11:30:00
39699,2024-01-21 11:30:00
39697,2024-01-20 11:30:00
39695,2024-01-19 11:30:00
39691,2024-01-18 11:30:00
39690,2024-01-17 11:30:00
39686,2024-01-16 11:30:00
39681,2024-01-15 11:30:00
39679,2024-01-14 11:30:00
39675,2024-01-13 11:30:00
39669,2024-01-12 11:30:00
39653,2024-01-10 17:49:00
39650,2024-01-09 11:20:00
39648,2024-01-08 11:20:00
39647,2024-01-07 13:20:00
39641,2024-01-05 11:50:00
39639,2024-01-04 11:50:00
39638,2024-01-03 11:50:00
39636,2024-01-02 11:50:00
39633,2024-01-01 11:50:00
39631,2023-12-31 11:50:00
39629,2023-12-30 11:50:00
39627,2023-12-29 11:50:00
39626,2023-12-28 11:50:00
39624,2023-12-27 14:50:00
39612,2023-12-24 11:55:00
39610,2023-12-23 16:55:00
39606,2023-12-22 16:45:00
39600,2023-12-22 11:55:00
39596,2023-12-21 11:55:00
39595,2023-12-20 11:55:00
39593,2023-12-19 11:55:00
39590,2023-12-18 11:55:00
39589,2023-12-17 11:55:00
39584,2023-12-16 11:55:00
39578,2023-12-15 11:55:00
39577,2023-12-14 11:55:00
39571,2023-12-13 11:55:00
39570,2023-12-12 11:55:00
39564,2023-12-11 11:55:00
39563,2023-12-10 11:55:00
39561,2023-12-09 11:55:00
39557,2023-12-08 11:55:00
39554,2023-12-07 11:55:00
39553,2023-12-06 11:55:00
39549,2023-12-05 11:55:00
39526,2023-12-04 12:55:00
39519,2023-12-03 11:40:00
39518,2023-12-02 11:40:00
39516,2023-12-01 11:40:00
39512,2023-11-30 11:40:00
39510,2023-11-29 11:40:00
39507,2023-11-28 11:40:00
39496,2023-11-27 11:40:00
39495,2023-11-26 11:40:00
39491,2023-11-25 13:40:00
39480,2023-11-25 11:20:00
39477,2023-11-24 11:20:00
39471,2023-11-23 11:20:00
39470,2023-11-22 11:20:00
39468,2023-11-21 11:20:00
39467,2023-11-20 11:20:00
39464,2023-11-19 11:20:00
39463,2023-11-18 11:20:00
39458,2023-11-17 11:20:00
39450,2023-11-16 11:20:00
39445,2023-11-15 11:20:00
39440,2023-11-14 11:20:00
39437,2023-11-13 11:20:00
39436,2023-11-12 11:20:00
39435,2023-11-11 11:20:00
39431,2023-11-10 11:20:00
39428,2023-11-09 12:20:00
39402,2023-11-08 11:30:00
39401,2023-11-07 11:30:00
39394,2023-11-06 11:30:00
39392,2023-11-05 11:30:00
39391,2023-11-04 11:30:00
39388,2023-11-03 11:30:00
39381,2023-11-02 11:30:00
39378,2023-11-01 11:30:00
39376,2023-10-31 11:30:00
39371,2023-10-30 12:30:00
39360,2023-10-29 11:30:00
39358,2023-10-28 11:30:00
39356,2023-10-27 11:30:00
39354,2023-10-26 11:30:00
39352,2023-10-25 11:30:00
39351,2023-10-24 11:30:00
39347,2023-10-23 11:30:00
39336,2023-10-22 11:30:00
39335,2023-10-21 11:30:00
39317,2023-10-20 11:30:00
39316,2023-10-19 11:30:00
39314,2023-10-18 11:30:00
39307,2023-10-18 04:05:00
39303,2023-10-17 16:05:00
39299,2023-10-17 04:05:00
39295,2023-10-16 16:05:00
39293,2023-10-16 04:05:00
39291,2023-10-15 16:05:00
39288,2023-10-15 04:05:00
39286,2023-10-14 16:05:00
39283,2023-10-14 04:05:00
39281,2023-10-13 16:05:00
39280,2023-10-13 04:05:00
39277,2023-10-12 16:05:00
39272,2023-10-12 04:05:00
39271,2023-10-11 16:05:00
39270,2023-10-11 04:05:00
39263,2023-10-10 16:05:00
39240,2023-10-09 11:50:00
39238,2023-10-08 11:50:00
39234,2023-10-07 11:50:00
39230,2023-10-06 11:50:00
39224,2023-10-05 11:50:00
39223,2023-10-04 11:50:00
39222,2023-10-03 11:50:00
39217,2023-10-02 12:50:00
39203,2023-09-29 11:40:00
39200,2023-09-28 11:40:00
39197,2023-09-27 12:50:00
39192,2023-09-26 11:50:00
39189,2023-09-25 11:50:00
39185,2023-09-24 11:50:00
39183,2023-09-23 11:50:00
39171,2023-09-22 11:50:00
39165,2023-09-21 11:50:00
39160,2023-09-20 11:50:00
39156,2023-09-19 11:50:00
39154,2023-09-18 11:50:00
39152,2023-09-17 11:50:00
39149,2023-09-16 11:50:00
39146,2023-09-15 11:50:00
39141,2023-09-14 11:50:00
39135,2023-09-13 11:50:00
39126,2023-09-12 11:50:00
39108,2023-09-11 16:55:00
39102,2023-09-10 11:40:00
39098,2023-09-09 11:40:00
39093,2023-09-08 11:44:00
39062,2023-09-01 11:50:00
39056,2023-08-31 11:50:00
39052,2023-08-30 11:50:00
39047,2023-08-29 11:50:00
39045,2023-08-28 11:50:00
39042,2023-08-27 11:50:00
39040,2023-08-26 11:50:00
39038,2023-08-25 11:50:00
39033,2023-08-24 11:50:00
39031,2023-08-22 11:50:00
39026,2023-08-20 11:50:00
39022,2023-08-19 11:50:00
39019,2023-08-18 11:50:00
39014,2023-08-17 11:50:00
39011,2023-08-16 11:50:00
39009,2023-08-15 11:50:00
39006,2023-08-14 11:50:00
39004,2023-08-13 11:50:00
39001,2023-08-12 11:50:00
38999,2023-08-11 11:50:00
38993,2023-08-10 11:50:00
38990,2023-08-09 11:50:00
38987,2023-08-08 11:50:00
38985,2023-08-07 11:50:00
38978,2023-08-06 11:50:00
38975,2023-08-05 11:50:00
38973,2023-08-04 11:50:00
38970,2023-08-03 11:50:00
38966,2023-08-02 11:50:00
38961,2023-08-01 11:50:00
38958,2023-07-31 11:50:00
38955,2023-07-30 11:50:00
38952,2023-07-29 11:50:00
38947,2023-07-28 11:50:00
38944,2023-07-27 11:50:00
38940,2023-07-26 11:50:00
38936,2023-07-25 11:50:00
38933,2023-07-24 11:50:00
38926,2023-07-22 11:50:00
38924,2023-07-21 11:50:00
38921,2023-07-20 11:50:00
38916,2023-07-19 18:20:00
38912,2023-07-19 11:50:00
38909,2023-07-18 11:50:00
38904,2023-07-16 11:50:00
38898,2023-07-15 11:50:00
38896,2023-07-14 11:50:00
38888,2023-07-13 11:50:00
38886,2023-07-12 11:50:00
38882,2023-07-11 11:50:00
38881,2023-07-10 11:50:00
38880,2023-07-09 11:50:00
38879,2023-07-08 11:50:00
38876,2023-07-07 11:50:00
38875,2023-07-06 11:50:00
38861,2023-07-03 11:50:00
38860,2023-07-02 11:50:00
38858,2023-07-01 11:50:00
38855,2023-06-30 11:50:00
38853,2023-06-29 11:50:00
38847,2023-06-27 11:50:00
38843,2023-06-26 11:50:00
38840,2023-06-25 11:50:00
38834,2023-06-25 09:51:09
38830,2023-06-22 11:50:00
38822,2023-06-21 11:50:00
38818,2023-06-20 11:50:00
38817,2023-06-19 11:50:00
38816,2023-06-18 11:50:00
38815,2023-06-17 11:50:00
38806,2023-06-16 11:50:00
38800,2023-06-15 11:50:00
38791,2023-06-14 11:50:00
38788,2023-06-13 11:50:00
38784,2023-06-12 11:50:00
38782,2023-06-11 11:50:00
38781,2023-06-10 11:50:00
38777,2023-06-09 11:50:00
38776,2023-06-08 11:50:00
38773,2023-06-07 11:50:00
38760,2023-06-05 11:50:00
38756,2023-06-04 11:50:00
38752,2023-06-03 11:50:00
38750,2023-06-02 11:50:00
38747,2023-06-01 11:50:00
38743,2023-05-31 11:50:00
38742,2023-05-30 11:50:00
38726,2023-05-26 11:50:00
38724,2023-05-25 11:50:00
38723,2023-05-24 11:50:00
38721,2023-05-23 11:50:00
38716,2023-05-22 11:50:00
38710,2023-05-21 11:50:00
38708,2023-05-20 11:50:00
38706,2023-05-19 11:50:00
38697,2023-05-17 11:50:00
38694,2023-05-16 11:50:00
38684,2023-05-15 11:50:00
38681,2023-05-14 11:50:00
38679,2023-05-13 11:50:00
38678,2023-05-12 11:50:00
38674,2023-05-11 11:50:00
38673,2023-05-10 11:50:00
38664,2023-05-09 13:23:14
38658,2023-05-08 11:50:00
38655,2023-05-07 11:50:00
38654,2023-05-06 11:50:00
38653,2023-05-05 11:50:00
38652,2023-05-04 11:50:00
38651,2023-05-03 11:50:00
38649,2023-05-02 11:50:00
38646,2023-05-01 11:50:00
38635,2023-04-30 11:50:00
38632,2023-04-29 11:50:00
38630,2023-04-28 11:50:00
38625,2023-04-27 11:50:00
38618,2023-04-26 11:50:00
38615,2023-04-25 11:50:00
38612,2023-04-24 11:50:00
38610,2023-04-23 11:50:00
38601,2023-04-22 11:50:00
38597,2023-04-21 11:50:00
38596,2023-04-20 11:50:00
38584,2023-04-19 11:50:00
38583,2023-04-18 11:50:00
38581,2023-04-17 11:50:00
38580,2023-04-16 11:50:00
38577,2023-04-15 11:50:00
38574,2023-04-14 11:50:00
38572,2023-04-13 11:50:00
38571,2023-04-12 11:50:00
38566,2023-04-11 11:50:00
38564,2023-04-10 11:50:00
38548,2023-04-07 11:50:00
38542,2023-04-06 11:50:00
38541,2023-04-05 11:50:00
38534,2023-04-04 11:50:00
38531,2023-04-03 11:50:00
38524,2023-04-02 11:50:00
38523,2023-04-01 11:50:00
38521,2023-03-31 11:50:00
38515,2023-03-31 09:51:51
38512,2023-03-30 11:50:00
38510,2023-03-29 11:50:00
38509,2023-03-28 11:50:00
38508,2023-03-27 11:50:00
38504,2023-03-26 11:50:00
38503,2023-03-25 11:50:00
38494,2023-03-23 11:50:00
38492,2023-03-22 11:50:00
38488,2023-03-21 11:50:00
38485,2023-03-20 11:50:00
38482,2023-03-19 11:50:00
38481,2023-03-18 11:50:00
38477,2023-03-17 11:50:00
38475,2023-03-16 11:50:00
38439,2023-03-15 11:50:00
38433,2023-03-14 11:50:00
38422,2023-03-13 11:50:00
38415,2023-03-12 11:50:00
38413,2023-03-11 11:50:00
38410,2023-03-10 11:50:00
38408,2023-03-09 11:50:00
38406,2023-03-08 11:50:00
38401,2023-03-07 11:50:00
38395,2023-03-06 11:50:00
38394,2023-03-05 11:50:00
38391,2023-03-04 11:50:00
38390,2023-03-03 11:50:00
38387,2023-03-02 11:50:00
38386,2023-03-01 11:50:00
38382,2023-02-28 11:50:00
38377,2023-02-27 11:50:00
38370,2023-02-26 11:50:00
38368,2023-02-25 11:50:00
38351,2023-02-24 11:50:00
38350,2023-02-23 11:50:00
38347,2023-02-22 11:50:00
38340,2023-02-21 11:50:00
38337,2023-02-20 11:50:00
38333,2023-02-19 11:50:00
38330,2023-02-18 11:50:00
38319,2023-02-17 11:50:00
38317,2023-02-16 11:50:00
38305,2023-02-15 11:50:00
38298,2023-02-14 11:50:00
38295,2023-02-13 11:50:00
38294,2023-02-12 11:50:00
38293,2023-02-11 11:50:00
38283,2023-02-10 11:50:00
38277,2023-02-09 11:50:00
38273,2023-02-08 11:50:00
38261,2023-02-07 11:50:00
38258,2023-02-06 11:50:00
38255,2023-02-05 11:50:00
38252,2023-02-04 11:50:00
38248,2023-02-03 11:50:00
38242,2023-02-02 11:50:00
38240,2023-02-01 11:50:00
38235,2023-01-31 11:50:00
38229,2023-01-30 11:50:00
38219,2023-01-28 11:50:00
38214,2023-01-27 11:50:00
38210,2023-01-26 11:50:00
38206,2023-01-25 11:50:00
38202,2023-01-24 11:50:00
38190,2023-01-23 11:50:00
38185,2023-01-22 11:50:00
38181,2023-01-21 11:50:00
38134,2023-01-20 11:50:00
38129,2023-01-19 11:50:00
38126,2023-01-18 11:50:00
38122,2023-01-17 11:50:00
38116,2023-01-16 11:50:00
38115,2023-01-15 11:50:00
38109,2023-01-14 11:50:00
38108,2023-01-14 11:35:00
38100,2023-01-13 11:50:00
38099,2023-01-13 11:45:00
38088,2023-01-12 11:45:00
38083,2023-01-11 11:45:00
38081,2023-01-10 11:45:00
38077,2023-01-09 11:45:00
38074,2023-01-08 11:45:00
38073,2023-01-07 11:45:00
38072,2023-01-06 11:45:00
38063,2023-01-05 11:45:00
38060,2023-01-04 11:45:00
38055,2023-01-03 11:45:00
38050,2023-01-02 11:45:00
38047,2023-01-01 11:45:00
38044,2022-12-31 11:45:00
38036,2022-12-30 11:45:00
38007,2022-12-29 11:45:00
37968,2022-12-28 11:45:00
37959,2022-12-27 11:45:00
37957,2022-12-26 11:45:00
37948,2022-12-25 11:45:00
37946,2022-12-24 11:45:00
37943,2022-12-23 11:45:00
37940,2022-12-22 11:45:00
37926,2022-12-21 11:45:00
37923,2022-12-20 11:45:00
37919,2022-12-19 11:45:00
37915,2022-12-18 11:45:00
37912,2022-12-17 11:45:00
37909,2022-12-16 11:45:00
37907,2022-12-15 11:45:00
37889,2022-12-13 11:45:00
37885,2022-12-12 11:45:00
37880,2022-12-11 11:45:00
37873,2022-12-10 11:45:00
37870,2022-12-09 11:45:00
37862,2022-12-08 11:45:00
37855,2022-12-07 11:45:00
37851,2022-12-06 11:45:00
37840,2022-12-05 11:45:00
37838,2022-12-04 11:45:00
37836,2022-12-03 11:45:00
37835,2022-12-02 11:45:00
37823,2022-12-01 11:55:00
37819,2022-11-30 11:55:00
37814,2022-11-29 11:55:00
37801,2022-11-28 11:55:00
37798,2022-11-27 11:55:00
37797,2022-11-26 11:55:00
37794,2022-11-24 11:55:00
37779,2022-11-23 11:55:00
37771,2022-11-22 11:55:00
37762,2022-11-21 11:55:00
37761,2022-11-20 11:55:00
37756,2022-11-19 11:55:00
37749,2022-11-18 11:55:00
37739,2022-11-17 11:55:00
37731,2022-11-16 11:55:00
37723,2022-11-15 11:55:00
37715,2022-11-14 11:55:00
37706,2022-11-13 11:55:00
37688,2022-11-12 11:55:00
37680,2022-11-11 11:55:00
37675,2022-11-10 11:55:00
37671,2022-11-09 11:55:00
37664,2022-11-08 11:55:00
37661,2022-11-07 11:55:00
37657,2022-11-06 11:55:00
37645,2022-11-05 11:55:00
37641,2022-11-04 11:55:00
37632,2022-11-03 11:55:00
37629,2022-11-02 11:55:00
37622,2022-11-01 11:55:00
37612,2022-10-31 11:55:00
37609,2022-10-30 11:55:00
37601,2022-10-29 11:55:00
37598,2022-10-27 11:55:00
37596,2022-10-26 11:55:00
37594,2022-10-25 11:55:00
37591,2022-10-24 11:55:00
37581,2022-10-23 15:35:00
37580,2022-10-23 12:35:00
37579,2022-10-23 09:35:00
37577,2022-10-22 15:35:00
37576,2022-10-22 12:35:00
37570,2022-10-22 09:35:00
37567,2022-10-21 15:35:00
37566,2022-10-21 12:35:00
37561,2022-10-21 09:35:00
37558,2022-10-20 15:35:00
37557,2022-10-20 12:35:00
37537,2022-10-19 15:35:00
37536,2022-10-19 12:35:00
37535,2022-10-19 09:35:00
37529,2022-10-18 15:35:00
37527,2022-10-18 12:35:00
37526,2022-10-18 09:35:00
37522,2022-10-17 15:35:00
37520,2022-10-17 12:35:00
37517,2022-10-17 09:35:00
37509,2022-10-16 15:35:00
37503,2022-10-16 12:35:00
37501,2022-10-16 09:35:00
37497,2022-10-15 15:35:00
37495,2022-10-15 12:35:00
37490,2022-10-15 11:45:00
37487,2022-10-15 09:35:00
37468,2022-10-14 13:45:00
37466,2022-10-14 11:45:00
37457,2022-10-13 11:45:00
37451,2022-10-12 11:45:00
37445,2022-10-11 11:45:00
37440,2022-10-10 11:45:00
37429,2022-10-09 11:45:00
37422,2022-10-08 11:45:00
37393,2022-10-07 11:45:00
37387,2022-10-06 11:45:00
37377,2022-10-05 11:45:00
37372,2022-10-04 11:45:00
37364,2022-10-03 11:45:00
37361,2022-10-02 11:45:00
37358,2022-10-01 11:45:00
37356,2022-09-30 11:45:00
37349,2022-09-29 11:45:00
37341,2022-09-28 11:45:00
37329,2022-09-27 11:45:00
37320,2022-09-26 11:45:00
37312,2022-09-25 11:45:00
37308,2022-09-24 11:45:00
37305,2022-09-23 11:45:00
37300,2022-09-22 11:45:00
37293,2022-09-21 11:45:00
37275,2022-09-20 11:45:00
37265,2022-09-19 11:45:00
37263,2022-09-18 11:45:00
37261,2022-09-17 11:45:00
37251,2022-09-16 11:45:00
37246,2022-09-15 11:45:00
37237,2022-09-14 11:45:00
37217,2022-09-11 11:45:00
37205,2022-09-08 11:45:00
37192,2022-09-05 11:45:00
37186,2022-09-02 11:45:00
37179,2022-08-30 11:45:00
37176,2022-08-27 11:45:00
37173,2022-08-24 11:45:00
37163,2022-08-21 11:45:00
37160,2022-08-18 11:45:00
37156,2022-08-16 11:45:00
37154,2022-08-14 11:45:00
37153,2022-08-12 11:45:00
37149,2022-08-10 11:45:00
37146,2022-08-08 11:45:00
37145,2022-08-06 11:45:00
37142,2022-08-04 11:45:00
37137,2022-08-02 11:45:00
37129,2022-07-31 11:45:00
37116,2022-07-30 11:45:00
37112,2022-07-29 11:45:00
37109,2022-07-28 11:45:00
37106,2022-07-27 11:45:00
37104,2022-07-26 11:45:00
37102,2022-07-25 11:45:00
37101,2022-07-24 11:45:00
37096,2022-07-23 11:45:00
37087,2022-07-22 11:45:00
37085,2022-07-21 11:45:00
37076,2022-07-20 11:45:00
37074,2022-07-19 11:45:00
37070,2022-07-18 11:45:00
37068,2022-07-17 11:45:00
37067,2022-07-16 11:45:00
37066,2022-07-15 11:45:00
37065,2022-07-14 11:45:00
37061,2022-07-13 11:45:00
37060,2022-07-12 11:45:00
37057,2022-07-11 11:45:00
37054,2022-07-10 11:45:00
37033,2022-07-09 11:45:00
37028,2022-07-08 11:45:00
37024,2022-07-07 11:45:00
37021,2022-07-06 11:45:00
37016,2022-07-05 11:45:00
37009,2022-07-04 11:45:00
37007,2022-07-03 11:45:00
37004,2022-07-02 11:45:00
36994,2022-07-01 11:45:00
36992,2022-06-30 11:45:00
36991,2022-06-29 11:45:00
36990,2022-06-28 11:45:00
36985,2022-06-27 11:45:00
36979,2022-06-26 11:45:00
36970,2022-06-25 11:25:00
36966,2022-06-24 11:25:00
36964,2022-06-23 11:25:00
36963,2022-06-22 11:25:00
36962,2022-06-21 11:25:00
36958,2022-06-20 11:25:00
36954,2022-06-19 11:25:00
36953,2022-06-18 11:25:00
36943,2022-06-17 11:25:00
36942,2022-06-16 11:25:00
36939,2022-06-15 11:25:00
36933,2022-06-14 11:25:00
36931,2022-06-13 11:25:00
36929,2022-06-12 11:25:00
36926,2022-06-11 11:25:00
36917,2022-06-10 11:25:00
36912,2022-06-09 11:25:00
36906,2022-06-08 11:25:00
36903,2022-06-07 11:25:00
36901,2022-06-06 11:25:00
36896,2022-06-05 11:25:00
36894,2022-06-04 11:25:00
36886,2022-06-03 11:25:00
36885,2022-06-02 11:25:00
36882,2022-06-01 11:25:00
36879,2022-05-31 11:25:00
36873,2022-05-30 11:25:00
36858,2022-05-29 11:25:00
36855,2022-05-28 11:25:00
36851,2022-05-27 12:25:00
36838,2022-05-26 11:25:00
36834,2022-05-25 11:25:00
36828,2022-05-24 11:25:00
36827,2022-05-23 11:25:00
36824,2022-05-22 11:25:00
36817,2022-05-21 11:25:00
36812,2022-05-20 11:25:00
36806,2022-05-19 11:25:00
36768,2022-05-18 11:25:00
36763,2022-05-17 11:25:00
36746,2022-05-15 11:25:00
36745,2022-05-14 11:25:00
36743,2022-05-13 11:25:00
36738,2022-05-12 11:25:00
36730,2022-05-11 11:25:00
36726,2022-05-10 11:25:00
36725,2022-05-09 11:25:00
36724,2022-05-08 11:25:00
36722,2022-05-07 11:25:00
36720,2022-05-06 11:25:00
36717,2022-05-05 11:25:00
36711,2022-05-04 11:25:00
36700,2022-05-03 11:25:00
36697,2022-05-02 11:25:00
36695,2022-05-01 11:25:00
36693,2022-04-30 11:25:00
36679,2022-04-29 11:25:00
36672,2022-04-28 11:25:00
36669,2022-04-27 11:25:00
36666,2022-04-26 11:25:00
36655,2022-04-25 11:25:00
36651,2022-04-24 11:25:00
36650,2022-04-23 11:25:00
36648,2022-04-22 11:25:00
36641,2022-04-21 11:25:00
36622,2022-04-20 11:25:00
36617,2022-04-19 11:25:00
36615,2022-04-18 11:25:00
36614,2022-04-17 11:25:00
36612,2022-04-16 11:25:00
36610,2022-04-15 11:25:00
36604,2022-04-14 11:25:00
36592,2022-04-13 11:25:00
36586,2022-04-12 11:25:00
36585,2022-04-11 11:25:00
36576,2022-04-10 11:25:00
36574,2022-04-09 11:25:00
36568,2022-04-08 11:25:00
36564,2022-04-07 11:25:00
36553,2022-04-06 11:25:00
36551,2022-04-05 11:25:00
36549,2022-04-04 11:25:00
36546,2022-04-03 11:25:00
36544,2022-04-02 11:25:00
36542,2022-04-01 11:25:00
36532,2022-03-31 11:25:00
36527,2022-03-30 11:25:00
36526,2022-03-29 11:25:00
36524,2022-03-28 11:25:00
36519,2022-03-27 11:25:00
36517,2022-03-26 11:25:00
36507,2022-03-25 11:25:00
36506,2022-03-24 11:25:00
36498,2022-03-23 11:25:00
36496,2022-03-22 11:25:00
36491,2022-03-21 11:25:00
36488,2022-03-20 11:25:00
36486,2022-03-19 11:25:00
36479,2022-03-18 11:25:00
36477,2022-03-17 11:25:00
36460,2022-03-16 11:25:00
36457,2022-03-15 11:25:00
36452,2022-03-14 11:25:00
36451,2022-03-13 11:25:00
36444,2022-03-11 12:35:00
36440,2022-03-11 09:35:00
36437,2022-03-10 15:35:00
36435,2022-03-10 12:35:00
36432,2022-03-10 09:35:00
36426,2022-03-09 15:35:00
36425,2022-03-09 12:35:00
36424,2022-03-09 09:35:00
36419,2022-03-08 15:35:00
36416,2022-03-08 12:35:00
36415,2022-03-08 09:35:00
36414,2022-03-07 15:35:00
36411,2022-03-07 12:35:00
36409,2022-03-07 09:35:00
36408,2022-03-06 15:35:00
36406,2022-03-06 12:35:00
36404,2022-03-06 09:35:00
36397,2022-03-05 15:35:00
36396,2022-03-05 12:35:00
36395,2022-03-05 09:35:00
36391,2022-03-04 15:35:00
36390,2022-03-04 12:35:00
36389,2022-03-04 09:35:00
36387,2022-03-03 15:35:00
36380,2022-03-03 12:35:00
36379,2022-03-03 09:35:00
36353,2022-03-02 15:35:00
36352,2022-03-02 12:35:00
36351,2022-03-02 09:35:00
36349,2022-03-01 15:35:00
36347,2022-03-01 12:35:00
36346,2022-03-01 09:35:00
36341,2022-02-28 15:35:00
36339,2022-02-28 12:35:00
36337,2022-02-28 09:35:00
36333,2022-02-27 15:35:00
36332,2022-02-27 12:35:00
36331,2022-02-27 09:35:00
36328,2022-02-26 15:35:00
36326,2022-02-26 12:35:00
36325,2022-02-26 09:35:00
36324,2022-02-25 15:35:00
36323,2022-02-25 12:35:00
36322,2022-02-25 09:35:00
36321,2022-02-24 15:35:00
36320,2022-02-24 12:35:00
36319,2022-02-24 09:35:00
36315,2022-02-23 15:35:00
36311,2022-02-23 12:35:00
36310,2022-02-23 09:35:00
36273,2022-02-21 15:35:00
36272,2022-02-21 12:35:00
36267,2022-02-21 09:35:00
36264,2022-02-20 15:35:00
36262,2022-02-20 12:35:00
36261,2022-02-20 09:35:00
36260,2022-02-19 15:35:00
36259,2022-02-19 12:35:00
36247,2022-02-18 15:35:00
36245,2022-02-18 12:35:00
36243,2022-02-18 09:35:00
36239,2022-02-17 15:35:00
36238,2022-02-17 12:35:00
36236,2022-02-17 09:35:00
36228,2022-02-16 15:35:00
36227,2022-02-16 12:35:00
36225,2022-02-16 09:35:00
36222,2022-02-15 15:35:00
36221,2022-02-15 12:35:00
36220,2022-02-15 09:35:00
36217,2022-02-14 15:35:00
36213,2022-02-14 12:35:00
36209,2022-02-14 09:35:00
36207,2022-02-13 15:35:00
36206,2022-02-13 12:35:00
36204,2022-02-13 09:35:00
36203,2022-02-12 15:35:00
36202,2022-02-12 12:35:00
36200,2022-02-12 09:35:00
36195,2022-02-11 15:35:00
36170,2022-02-11 12:35:00
36162,2022-02-10 12:35:00
36157,2022-02-09 12:35:00
36154,2022-02-08 12:35:00
36140,2022-02-07 12:35:00
36135,2022-02-06 12:35:00
36132,2022-02-05 12:35:00
36122,2022-02-04 12:35:00
36114,2022-02-03 12:35:00
36111,2022-02-02 12:35:00
36108,2022-02-01 14:35:00
36104,2022-01-31 12:35:00
36098,2022-01-30 12:35:00
36096,2022-01-29 12:35:00
36093,2022-01-28 12:47:00
36087,2022-01-27 12:35:00
36072,2022-01-26 12:35:00
36069,2022-01-25 12:35:00
36066,2022-01-24 12:35:00
36062,2022-01-23 12:35:00
36061,2022-01-22 12:35:00
36057,2022-01-21 12:35:00
36033,2022-01-20 12:35:00
36031,2022-01-19 12:35:00
36027,2022-01-18 12:35:00
36024,2022-01-17 12:35:00
36010,2022-01-16 12:35:00
36009,2022-01-15 12:35:00
36006,2022-01-14 12:35:00
36002,2022-01-13 12:35:00
36000,2022-01-12 12:35:00
35997,2022-01-11 12:35:00
35993,2022-01-10 12:35:00
35991,2022-01-09 12:35:00
35988,2022-01-08 12:35:00
35983,2022-01-07 12:35:00
35979,2022-01-06 12:35:00
35974,2022-01-05 15:49:00
35971,2022-01-05 12:35:00
35970,2022-01-05 12:25:00
35951,2022-01-04 15:35:00
35950,2022-01-04 12:35:00
35949,2022-01-04 09:35:00
35948,2022-01-03 15:35:00
35947,2022-01-03 12:35:00
35943,2022-01-03 09:35:00
35939,2022-01-02 15:35:00
35937,2022-01-02 12:35:00
35936,2022-01-02 09:35:00
35933,2022-01-01 15:35:00
35931,2022-01-01 12:35:00
35930,2022-01-01 09:35:00
35929,2021-12-31 15:35:00
35928,2021-12-31 12:35:00
35927,2021-12-31 09:35:00
35924,2021-12-30 15:35:00
35922,2021-12-30 12:35:00
35921,2021-12-30 09:35:00
35920,2021-12-29 15:35:00
35919,2021-12-29 12:35:00
35918,2021-12-29 09:35:00
35912,2021-12-28 15:35:00
35911,2021-12-28 12:35:00
35910,2021-12-28 09:35:00
35908,2021-12-27 15:35:00
35884,2021-12-26 15:35:00
35882,2021-12-26 12:35:00
35880,2021-12-26 09:35:00
35875,2021-12-25 15:35:00
35874,2021-12-25 12:35:00
35873,2021-12-25 09:35:00
35864,2021-12-24 15:35:00
35863,2021-12-24 12:35:00
35862,2021-12-24 09:35:00
35861,2021-12-23 15:35:00
35859,2021-12-23 12:35:00
35858,2021-12-23 09:35:00
35857,2021-12-22 15:35:00
35855,2021-12-22 12:35:00
35852,2021-12-22 09:35:00
35846,2021-12-21 15:35:00
35838,2021-12-21 12:35:00
35833,2021-12-21 09:35:00
35831,2021-12-20 15:35:00
35825,2021-12-20 12:35:00
35823,2021-12-20 09:35:00
35820,2021-12-19 15:35:00
35818,2021-12-19 12:35:00
35814,2021-12-19 09:35:00
35812,2021-12-18 15:35:00
35785,2021-12-17 15:35:00
35782,2021-12-17 12:35:00
35781,2021-12-17 09:35:00
35780,2021-12-16 15:35:00
35779,2021-12-16 12:35:00
35776,2021-12-16 09:35:00
35773,2021-12-15 15:35:00
35772,2021-12-15 12:35:00
35769,2021-12-15 09:35:00
35767,2021-12-14 15:35:00
35764,2021-12-14 12:35:00
35762,2021-12-14 09:35:00
35760,2021-12-13 15:35:00
35758,2021-12-13 12:35:00
35755,2021-12-13 09:35:00
35748,2021-12-12 15:35:00
35746,2021-12-12 12:35:00
35745,2021-12-12 09:35:00
35737,2021-12-11 15:35:00
35731,2021-12-11 12:35:00
35729,2021-12-11 09:35:00
35726,2021-12-10 15:35:00
35722,2021-12-10 12:35:00
35721,2021-12-10 09:35:00
35696,2021-12-09 15:35:00
35693,2021-12-09 12:35:00
35691,2021-12-09 09:35:00
35687,2021-12-08 15:35:00
35686,2021-12-08 12:35:00
35682,2021-12-08 09:35:00
35680,2021-12-07 15:35:00
35678,2021-12-07 12:35:00
35677,2021-12-07 09:35:00
35674,2021-12-06 15:35:00
35673,2021-12-06 12:35:00
35672,2021-12-06 09:35:00
35652,2021-12-05 15:35:00
35642,2021-12-05 12:35:00
35641,2021-12-05 09:35:00
35640,2021-12-04 15:35:00
35639,2021-12-04 12:35:00
35638,2021-12-04 09:35:00
35636,2021-12-03 15:35:00
35633,2021-12-03 12:35:00
35631,2021-12-03 09:35:00
35628,2021-12-02 15:35:00
35627,2021-12-02 12:35:00
35600,2021-12-02 09:35:00
35597,2021-12-01 15:35:00
35596,2021-12-01 12:35:00
35595,2021-12-01 09:35:00
35591,2021-11-30 15:35:00
35586,2021-11-30 12:35:00
35585,2021-11-30 09:35:00
35583,2021-11-29 15:35:00
35580,2021-11-29 12:35:00
35579,2021-11-29 09:35:00
35576,2021-11-28 15:35:00
35575,2021-11-28 12:35:00
35574,2021-11-28 09:35:00
35569,2021-11-27 15:35:00
35567,2021-11-27 12:35:00
35564,2021-11-27 09:35:00
35559,2021-11-26 15:35:00
35558,2021-11-26 12:35:00
35550,2021-11-26 09:35:00
35541,2021-11-25 15:35:00
35539,2021-11-25 12:35:00
35537,2021-11-25 09:35:00
35534,2021-11-24 15:35:00
35506,2021-11-24 09:35:00
35501,2021-11-23 15:35:00
35499,2021-11-23 12:35:00
35495,2021-11-23 09:35:00
35490,2021-11-22 15:35:00
35487,2021-11-22 12:35:00
35483,2021-11-22 09:35:00
35472,2021-11-21 13:25:00
35470,2021-11-20 13:25:00
35463,2021-11-19 09:35:00
35451,2021-11-18 15:35:00
35450,2021-11-18 12:35:00
35448,2021-11-18 09:35:00
35441,2021-11-17 15:35:00
35438,2021-11-17 12:35:00
35434,2021-11-17 09:35:00
35427,2021-11-16 15:35:00
35426,2021-11-16 12:35:00
35418,2021-11-16 09:35:00
35414,2021-11-15 15:35:00
35410,2021-11-15 12:35:00
35408,2021-11-15 09:35:00
35406,2021-11-14 15:35:00
35405,2021-11-14 12:35:00
35403,2021-11-14 09:35:00
35399,2021-11-13 15:35:00
35396,2021-11-13 12:35:00
35395,2021-11-13 09:35:00
35391,2021-11-12 15:35:00
35389,2021-11-12 12:35:00
35386,2021-11-12 09:35:00
35381,2021-11-11 15:35:00
35377,2021-11-11 12:35:00
35375,2021-11-11 09:35:00
35346,2021-11-10 15:35:00
35345,2021-11-10 12:35:00
35344,2021-11-10 09:35:00
35342,2021-11-09 15:35:00
35338,2021-11-09 12:35:00
35334,2021-11-09 09:35:00
35330,2021-11-08 15:35:00
35328,2021-11-08 12:35:00
35322,2021-11-08 09:35:00
35320,2021-11-07 15:35:00
35319,2021-11-07 12:35:00
35318,2021-11-07 09:35:00
35314,2021-11-06 15:35:00
35313,2021-11-06 12:35:00
35312,2021-11-06 09:35:00
35311,2021-11-05 15:35:00
35309,2021-11-05 12:35:00
35303,2021-11-05 09:35:00
35301,2021-11-04 15:35:00
35299,2021-11-04 12:35:00
35297,2021-11-04 09:35:00
35294,2021-11-03 15:35:00
35292,2021-11-03 12:35:00
35291,2021-11-03 09:35:00
35286,2021-11-02 15:35:00
35282,2021-11-02 12:35:00
35280,2021-11-02 09:35:00
35250,2021-11-01 15:35:00
35247,2021-11-01 12:35:00
35243,2021-11-01 09:35:00
35241,2021-10-31 15:35:00
35240,2021-10-31 12:35:00
35238,2021-10-31 09:35:00
35235,2021-10-30 15:35:00
35232,2021-10-30 12:35:00
35230,2021-10-30 09:35:00
35229,2021-10-29 15:35:00
35227,2021-10-29 12:35:00
35225,2021-10-29 09:35:00
35220,2021-10-28 15:35:00
35216,2021-10-28 12:35:00
35215,2021-10-28 09:35:00
35212,2021-10-27 15:35:00
35208,2021-10-27 12:35:00
35206,2021-10-27 09:35:00
35203,2021-10-26 15:35:00
35200,2021-10-26 12:35:00
35198,2021-10-26 09:35:00
35195,2021-10-25 16:35:00
35194,2021-10-25 15:35:00
35191,2021-10-25 12:35:00
35188,2021-10-25 09:35:00
35160,2021-10-24 12:35:00
35155,2021-10-23 12:35:00
35154,2021-10-22 12:35:00
35153,2021-10-21 12:35:00
35151,2021-10-20 12:35:00
35150,2021-10-19 12:35:00
35141,2021-10-18 12:35:00
35137,2021-10-17 12:35:00
35135,2021-10-16 12:35:00
35130,2021-10-15 12:35:00
35123,2021-10-14 12:35:00
35117,2021-10-13 12:35:00
35112,2021-10-12 12:35:00
35108,2021-10-11 12:35:00
35099,2021-10-10 12:35:00
35095,2021-10-09 12:35:00
35093,2021-10-08 12:35:00
35087,2021-10-07 12:35:00
35076,2021-10-06 12:35:00
35072,2021-10-05 12:35:00
35052,2021-10-04 12:35:00
34997,2021-10-03 12:35:00
34964,2021-10-02 12:35:00
34961,2021-10-01 12:35:00
34954,2021-09-30 12:35:00
34948,2021-09-29 12:35:00
34941,2021-09-28 12:35:00
34923,2021-09-26 12:35:00
34903,2021-09-24 12:35:00
34890,2021-09-22 12:35:00
34877,2021-09-20 12:35:00
34871,2021-09-18 12:35:00
34863,2021-09-16 12:35:00
34856,2021-09-14 12:35:00
34850,2021-09-12 12:35:00
34843,2021-09-10 12:35:00
34821,2021-09-08 12:35:00
34806,2021-09-06 12:35:00
34803,2021-09-04 12:35:00
34793,2021-09-02 12:35:00
34790,2021-08-31 12:35:00
34775,2021-08-30 12:35:00
34774,2021-08-29 12:35:00
34773,2021-08-28 12:35:00
34768,2021-08-27 12:35:00
34767,2021-08-26 12:35:00
34764,2021-08-25 12:35:00
34761,2021-08-24 12:35:00
34760,2021-08-23 12:35:00
34755,2021-08-22 12:35:00
34754,2021-08-21 12:35:00
34752,2021-08-20 12:35:00
34751,2021-08-19 12:35:00
34750,2021-08-18 12:35:00
34749,2021-08-17 12:35:00
34747,2021-08-16 12:35:00
34744,2021-08-15 12:35:00
34738,2021-08-14 12:35:00
34736,2021-08-13 12:35:00
34733,2021-08-12 12:35:00
34732,2021-08-11 12:35:00
34731,2021-08-10 12:35:00
34729,2021-08-09 12:35:00
34727,2021-08-08 12:35:00
34726,2021-08-07 12:35:00
34723,2021-08-06 12:35:00
34721,2021-08-05 12:35:00
34717,2021-08-04 12:35:00
34715,2021-08-03 12:35:00
34714,2021-08-02 12:35:00
34712,2021-08-01 12:35:00
34709,2021-07-31 12:35:00
34708,2021-07-30 12:35:00
34707,2021-07-29 12:35:00
34706,2021-07-28 12:35:00
34704,2021-07-27 12:35:00
34703,2021-07-26 12:35:00
34701,2021-07-25 12:35:00
34699,2021-07-24 12:35:00
34695,2021-07-23 12:35:00
34694,2021-07-22 12:35:00
34693,2021-07-21 12:35:00
34692,2021-07-20 12:35:00
34691,2021-07-19 12:35:00
34647,2021-07-17 12:35:00
34646,2021-07-15 12:35:00
34641,2021-07-13 12:35:00
34636,2021-07-11 12:35:00
34634,2021-07-09 12:35:00
34633,2021-07-07 12:35:00
34631,2021-07-05 12:35:00
34621,2021-07-03 12:35:00
34619,2021-07-01 12:35:00
34615,2021-06-28 17:45:00
34608,2021-06-27 12:35:00
34607,2021-06-25 12:35:00
34606,2021-06-23 12:35:00
34605,2021-06-21 13:35:00
34602,2021-06-19 12:25:00
34601,2021-06-17 11:15:00
34598,2021-06-15 11:20:00
34596,2021-06-13 11:25:00
34595,2021-06-11 11:30:00
34594,2021-06-09 11:35:00
34587,2021-06-07 11:40:00
34578,2021-06-05 11:45:00
34566,2021-06-03 11:50:00
34563,2021-06-01 11:55:00
34552,2021-05-30 12:00:00
34546,2021-05-28 12:05:00
34540,2021-05-26 12:10:00
34523,2021-05-24 12:15:00
34514,2021-05-22 12:20:00
34508,2021-05-20 15:30:00
34505,2021-05-20 12:25:00
34504,2021-05-20 09:30:00
34478,2021-05-19 15:30:00
34476,2021-05-19 09:30:00
34473,2021-05-18 15:30:00
34469,2021-05-18 09:30:00
34468,2021-05-17 21:30:00
34466,2021-05-17 15:30:00
34461,2021-05-17 09:30:00
34457,2021-05-16 15:30:00
34456,2021-05-16 09:30:00
34451,2021-05-15 15:30:00
34449,2021-05-15 09:30:00
34448,2021-05-14 15:30:00
34445,2021-05-14 09:30:00
34442,2021-05-13 15:30:00
34441,2021-05-13 09:30:00
34423,2021-05-12 15:30:00
34421,2021-05-12 09:30:00
34402,2021-05-11 15:30:00
34401,2021-05-11 09:30:00
34398,2021-05-10 15:30:00
34394,2021-05-10 09:30:00
34391,2021-05-09 15:30:00
34390,2021-05-09 09:30:00
34385,2021-05-08 15:30:00
34382,2021-05-08 09:30:00
34376,2021-05-07 15:30:00
34374,2021-05-07 09:30:00
34373,2021-05-06 15:30:00
34372,2021-05-06 09:30:00
34359,2021-05-05 15:30:00
34357,2021-05-05 09:30:00
34353,2021-05-04 15:30:00
34348,2021-05-04 09:30:00
34346,2021-05-03 15:30:00
34343,2021-05-03 09:30:00
34341,2021-05-02 15:30:00
34338,2021-05-02 09:30:00
34336,2021-05-01 15:30:00
34335,2021-05-01 09:30:00
34332,2021-04-30 09:30:03
34327,2021-04-29 17:25:00
34325,2021-04-29 13:25:00
34322,2021-04-29 09:25:00
34307,2021-04-28 17:25:00
34305,2021-04-28 13:25:00
34303,2021-04-28 09:25:00
34296,2021-04-27 17:25:00
34294,2021-04-27 13:25:00
34291,2021-04-27 09:25:00
34281,2021-04-26 17:25:00
34277,2021-04-26 13:25:00
34276,2021-04-26 09:25:00
34261,2021-04-25 17:25:00
34260,2021-04-25 13:25:00
34259,2021-04-25 09:25:00
34257,2021-04-24 17:25:00
34256,2021-04-24 13:25:00
34252,2021-04-24 09:25:00
34248,2021-04-23 17:25:00
34246,2021-04-23 13:25:00
34240,2021-04-23 09:25:00
34227,2021-04-22 17:25:00
34226,2021-04-22 13:25:00
34225,2021-04-22 09:25:00
34221,2021-04-21 17:25:00
34219,2021-04-21 13:25:00
34216,2021-04-21 09:25:00
34215,2021-04-20 17:25:00
34213,2021-04-20 13:25:00
34208,2021-04-20 09:25:00
34206,2021-04-19 17:25:00
34204,2021-04-19 13:25:00
34183,2021-04-19 09:25:00
34179,2021-04-18 15:25:00
34177,2021-04-18 09:25:00
34149,2021-04-17 15:25:00
34145,2021-04-17 09:25:00
34132,2021-04-16 19:25:00
34131,2021-04-16 17:25:00
34130,2021-04-16 15:25:00
34128,2021-04-16 13:25:00
34126,2021-04-16 11:25:00
34123,2021-04-16 09:25:00
34111,2021-04-16 07:25:00
34110,2021-04-15 19:25:00
34108,2021-04-15 17:25:00
34107,2021-04-15 15:25:00
34106,2021-04-15 13:25:00
34105,2021-04-15 11:25:00
34103,2021-04-15 09:25:00
34099,2021-04-15 07:25:00
34090,2021-04-14 19:25:00
34088,2021-04-14 17:25:00
34086,2021-04-14 15:25:00
34085,2021-04-14 13:25:00
34083,2021-04-14 11:25:00
34073,2021-04-14 09:25:00
34071,2021-04-14 07:25:00
34070,2021-04-13 19:25:00
34069,2021-04-13 17:25:00
34066,2021-04-13 15:25:00
34065,2021-04-13 13:25:00
34063,2021-04-13 11:25:00
34061,2021-04-13 09:25:00
34058,2021-04-13 07:25:00
34053,2021-04-12 19:25:00
34051,2021-04-12 17:25:00
34049,2021-04-12 15:25:00
34048,2021-04-12 13:25:00
34045,2021-04-12 11:25:00
34044,2021-04-12 09:25:00
34042,2021-04-12 07:25:00
34035,2021-04-11 19:25:00
34033,2021-04-11 17:25:00
34032,2021-04-11 15:25:00
34031,2021-04-11 13:25:00
34026,2021-04-11 11:25:00
34025,2021-04-11 09:25:00
34021,2021-04-11 07:25:00
34018,2021-04-10 19:25:00
34017,2021-04-10 17:25:00
34016,2021-04-10 15:25:00
34014,2021-04-10 13:25:00
34012,2021-04-10 11:25:00
34011,2021-04-10 09:25:00
34009,2021-04-10 07:25:00
34004,2021-04-09 18:25:00
34002,2021-04-09 15:25:00
33999,2021-04-09 12:25:00
33998,2021-04-09 09:25:00
33934,2021-04-08 18:25:00
33930,2021-04-08 15:25:00
33929,2021-04-08 12:25:00
33927,2021-04-08 09:25:00
33925,2021-04-07 18:25:00
33924,2021-04-07 15:25:00
33921,2021-04-07 12:25:00
33918,2021-04-07 09:25:00
33911,2021-04-06 18:25:00
33909,2021-04-06 15:25:00
33905,2021-04-06 12:25:00
33901,2021-04-06 09:25:00
33896,2021-04-05 18:25:00
33894,2021-04-05 15:25:00
33893,2021-04-05 12:25:00
33888,2021-04-05 09:25:00
33876,2021-04-04 18:25:00
33874,2021-04-04 15:25:00
33873,2021-04-04 12:25:00
33871,2021-04-04 09:25:00
33864,2021-04-03 18:25:00
33856,2021-04-03 15:25:00
33855,2021-04-03 12:25:00
33853,2021-04-03 09:25:00
33833,2021-04-02 17:25:00
33828,2021-04-02 13:25:00
33827,2021-04-02 09:25:00
33794,2021-04-01 17:25:00
33793,2021-04-01 13:25:00
33792,2021-04-01 09:25:00
33786,2021-03-31 17:25:00
33783,2021-03-31 13:25:00
33782,2021-03-31 09:25:00
33774,2021-03-30 17:25:00
33768,2021-03-30 13:25:00
33767,2021-03-30 09:25:00
33764,2021-03-29 17:25:00
33763,2021-03-29 13:25:00
33762,2021-03-29 09:25:00
33756,2021-03-28 17:25:00
33755,2021-03-28 13:25:00
33753,2021-03-28 09:25:00
33742,2021-03-27 17:25:00
33740,2021-03-27 13:25:00
33739,2021-03-27 09:25:00
33723,2021-03-26 17:25:00
33721,2021-03-26 13:25:00
33718,2021-03-26 09:25:00
33713,2021-03-25 17:25:00
33712,2021-03-25 13:25:00
33711,2021-03-25 09:25:00
33698,2021-03-24 17:25:00
33697,2021-03-24 13:25:00
33695,2021-03-24 09:25:00
33692,2021-03-23 17:25:00
33690,2021-03-23 13:25:00
33689,2021-03-23 09:25:00
33688,2021-03-22 17:25:00
33687,2021-03-22 13:25:00
33679,2021-03-22 09:25:00
33675,2021-03-21 17:25:00
33673,2021-03-21 13:25:00
33669,2021-03-21 09:25:00
33667,2021-03-20 15:25:00
33663,2021-03-20 09:25:00
33629,2021-03-19 15:25:00
33620,2021-03-19 09:25:00
33619,2021-03-18 15:25:00
33617,2021-03-18 09:25:00
33613,2021-03-17 15:25:00
33611,2021-03-17 09:25:00
33607,2021-03-16 15:25:00
33596,2021-03-16 09:25:00
33593,2021-03-15 15:25:00
33591,2021-03-15 09:25:00
33586,2021-03-14 15:25:00
33584,2021-03-14 09:25:00
33577,2021-03-13 15:25:00
33574,2021-03-13 09:25:00
33568,2021-03-12 15:25:00
33566,2021-03-12 09:25:00
33565,2021-03-11 15:25:00
33562,2021-03-11 09:25:00
33555,2021-03-10 15:25:00
33554,2021-03-10 09:25:00
33552,2021-03-09 15:25:00
33549,2021-03-09 09:25:00
33547,2021-03-08 15:25:00
33546,2021-03-08 09:25:00
33545,2021-03-07 15:25:00
33541,2021-03-07 09:25:00
33535,2021-03-06 15:25:00
33525,2021-03-06 09:25:00
33493,2021-03-05 15:25:00
33484,2021-03-05 09:25:00
33482,2021-03-04 15:25:00
33478,2021-03-04 09:25:00
33476,2021-03-03 15:25:00
33471,2021-03-03 09:25:00
33468,2021-03-02 15:25:00
33463,2021-03-02 09:25:00
33458,2021-03-01 15:25:00
33456,2021-03-01 09:25:00
33452,2021-02-28 15:30:00
33450,2021-02-28 09:30:00
33448,2021-02-27 15:30:00
33447,2021-02-27 09:30:00
33431,2021-02-26 17:30:00
33429,2021-02-26 13:30:00
33426,2021-02-26 07:30:00
33425,2021-02-25 19:30:00
33423,2021-02-25 15:30:00
33420,2021-02-25 11:30:00
33417,2021-02-25 07:30:00
33409,2021-02-24 17:30:00
33408,2021-02-24 13:30:00
33403,2021-02-24 09:30:00
33401,2021-02-23 19:30:00
33397,2021-02-23 17:30:00
33382,2021-02-23 15:30:00
33381,2021-02-23 13:30:00
33380,2021-02-23 11:30:00
33379,2021-02-23 09:30:00
33370,2021-02-22 19:30:00
33368,2021-02-22 17:30:00
33367,2021-02-22 15:30:00
33366,2021-02-22 13:30:00
33364,2021-02-22 11:30:00
33361,2021-02-22 09:30:00
33360,2021-02-22 07:30:00
33358,2021-02-21 19:30:00
33357,2021-02-21 17:30:00
33355,2021-02-21 15:30:00
33354,2021-02-21 13:30:00
33353,2021-02-21 11:30:00
33351,2021-02-21 09:30:00
33348,2021-02-21 07:30:00
33347,2021-02-20 21:30:00
33345,2021-02-20 19:30:00
33343,2021-02-20 17:30:00
33340,2021-02-20 15:30:00
33337,2021-02-20 13:30:00
33336,2021-02-20 11:30:00
33335,2021-02-20 09:30:00
33333,2021-02-20 07:30:00
33329,2021-02-19 19:30:00
33327,2021-02-19 17:30:00
33323,2021-02-19 15:30:00
33322,2021-02-19 13:30:00
33320,2021-02-19 11:30:00
33315,2021-02-19 09:30:00
33314,2021-02-19 07:30:00
33312,2021-02-18 19:30:00
33307,2021-02-18 17:30:00
33305,2021-02-18 15:30:00
33304,2021-02-18 13:30:00
33302,2021-02-18 11:30:00
33301,2021-02-18 09:30:00
33298,2021-02-18 07:30:00
33297,2021-02-17 19:30:00
33296,2021-02-17 17:30:00
33293,2021-02-17 15:30:00
33292,2021-02-17 13:30:00
33291,2021-02-17 11:30:00
33288,2021-02-17 09:30:00
33286,2021-02-17 07:30:00
33281,2021-02-16 18:30:00
33280,2021-02-16 15:30:00
33278,2021-02-16 12:30:00
33274,2021-02-16 09:30:00
33219,2021-02-15 18:30:00
33217,2021-02-15 15:30:00
33215,2021-02-15 12:30:00
33213,2021-02-15 09:30:00
33198,2021-02-14 18:30:00
33197,2021-02-14 15:30:00
33195,2021-02-14 12:30:00
33192,2021-02-14 09:30:00
33191,2021-02-13 18:30:00
33190,2021-02-13 15:30:00
33186,2021-02-13 12:30:00
33184,2021-02-13 09:30:00
33183,2021-02-12 18:30:00
33182,2021-02-12 15:30:00
33180,2021-02-12 12:30:00
33179,2021-02-12 09:30:00
33171,2021-02-11 18:30:00
33170,2021-02-11 15:30:00
33169,2021-02-11 12:30:00
33165,2021-02-11 09:30:00
33163,2021-02-10 18:30:00
33161,2021-02-10 15:30:00
33160,2021-02-10 12:30:00
33159,2021-02-10 09:30:01
33157,2021-02-09 18:30:00
33154,2021-02-09 15:30:00
33129,2021-02-09 12:30:00
33124,2021-02-09 09:30:00
33093,2021-02-08 18:30:00
33091,2021-02-08 15:30:00
33090,2021-02-08 12:30:00
33088,2021-02-08 09:30:00
33086,2021-02-07 18:30:00
33085,2021-02-07 15:30:00
33084,2021-02-07 12:30:00
33083,2021-02-07 09:30:00
33080,2021-02-06 18:30:00
33077,2021-02-06 15:30:00
33074,2021-02-06 12:30:00
33070,2021-02-06 09:30:00
33066,2021-02-05 16:30:00
33061,2021-02-05 12:30:00
33060,2021-02-05 08:30:00
33043,2021-02-04 16:30:00
33041,2021-02-04 12:30:00
33039,2021-02-04 08:30:00
33038,2021-02-03 16:30:00
33037,2021-02-03 12:30:00
33036,2021-02-03 08:30:00
33034,2021-02-02 16:30:00
33032,2021-02-02 12:30:00
33030,2021-02-02 08:30:00
33024,2021-02-01 16:30:00
33022,2021-02-01 12:30:00
33018,2021-02-01 08:30:00
33016,2021-01-31 16:30:00
33015,2021-01-31 12:30:00
33014,2021-01-31 08:30:00
33012,2021-01-30 12:50:00
33003,2021-01-29 12:50:00
32983,2021-01-28 12:50:00
32969,2021-01-27 12:50:00
32964,2021-01-26 12:50:00
32958,2021-01-25 12:50:00
32956,2021-01-24 12:50:00
32955,2021-01-23 12:50:00
32951,2021-01-22 12:50:00
32941,2021-01-21 12:50:00
32937,2021-01-20 12:50:00
32920,2021-01-19 12:50:00
32882,2021-01-18 12:50:00
32870,2021-01-17 12:50:00
32866,2021-01-16 12:50:00
32862,2021-01-15 12:50:00
32846,2021-01-15 07:19:58
32834,2021-01-14 12:50:00
32829,2021-01-13 12:50:00
32817,2021-01-12 12:50:00
32802,2021-01-11 12:50:00
32797,2021-01-10 12:50:00
32796,2021-01-09 12:50:00
32793,2021-01-08 12:50:00
32792,2021-01-07 12:50:00
32786,2021-01-06 17:50:00
32785,2021-01-06 13:50:00
32784,2021-01-06 09:50:00
32773,2021-01-05 17:50:00
32772,2021-01-05 13:50:00
32771,2021-01-05 09:50:00
32770,2021-01-04 17:50:00
32768,2021-01-04 13:50:00
32766,2021-01-04 09:50:00
32765,2021-01-03 17:50:00
32759,2021-01-03 13:50:00
32758,2021-01-03 09:50:00
32753,2021-01-02 17:50:00
32749,2021-01-02 13:50:00
32748,2021-01-02 09:50:00
32746,2021-01-01 17:50:00
32745,2021-01-01 13:50:00
32744,2021-01-01 09:50:00
32740,2020-12-31 17:50:00
32739,2020-12-31 13:50:00
32738,2020-12-31 09:50:00
32736,2020-12-30 17:50:00
32734,2020-12-30 13:50:00
32732,2020-12-30 09:50:00
32730,2020-12-29 17:50:00
32729,2020-12-29 13:50:00
32727,2020-12-29 09:50:00
32702,2020-12-28 17:50:00
32700,2020-12-28 13:50:00
32697,2020-12-28 09:50:00
32696,2020-12-27 17:50:00
32695,2020-12-27 13:50:00
32693,2020-12-27 09:50:00
32690,2020-12-26 17:50:00
32688,2020-12-26 13:50:00
32687,2020-12-26 09:50:00
32677,2020-12-25 17:50:00
32675,2020-12-25 13:50:00
32674,2020-12-25 09:50:00
32672,2020-12-24 17:50:00
32671,2020-12-24 13:50:00
32669,2020-12-24 09:50:00
32667,2020-12-23 17:50:00
32666,2020-12-23 13:50:00
32664,2020-12-23 09:50:00
32660,2020-12-22 17:50:00
32659,2020-12-22 13:50:00
32657,2020-12-22 09:50:00
32654,2020-12-21 17:50:00
32652,2020-12-21 13:50:00
32649,2020-12-21 09:50:00
32646,2020-12-20 17:50:00
32644,2020-12-20 13:50:00
32643,2020-12-20 09:50:00
32640,2020-12-19 17:50:00
32635,2020-12-19 13:50:00
32634,2020-12-19 09:50:00
32608,2020-12-18 17:50:00
32605,2020-12-18 13:50:00
32603,2020-12-18 09:50:00
32597,2020-12-17 17:50:00
32596,2020-12-17 13:50:00
32593,2020-12-17 09:50:00
32588,2020-12-16 17:50:00
32583,2020-12-16 13:50:00
32582,2020-12-16 09:50:00
32578,2020-12-15 17:50:00
32575,2020-12-15 13:50:00
32574,2020-12-15 09:50:00
32568,2020-12-14 17:50:00
32567,2020-12-14 13:50:00
32564,2020-12-14 09:50:00
32561,2020-12-13 17:50:00
32559,2020-12-13 13:50:00
32556,2020-12-13 09:50:00
32555,2020-12-12 21:50:00
32551,2020-12-12 17:50:00
32549,2020-12-12 13:50:00
32548,2020-12-12 09:50:00
32521,2020-12-11 17:55:00
32519,2020-12-11 13:55:00
32517,2020-12-11 09:55:00
32512,2020-12-10 17:55:00
32511,2020-12-10 13:55:00
32509,2020-12-10 09:55:00
32503,2020-12-09 17:55:00
32499,2020-12-09 13:55:00
32495,2020-12-09 09:55:00
32485,2020-12-08 17:55:00
32483,2020-12-08 13:55:00
32481,2020-12-08 09:55:00
32478,2020-12-07 17:55:00
32474,2020-12-07 13:55:00
32472,2020-12-07 09:55:00
32468,2020-12-06 17:55:00
32467,2020-12-06 13:55:00
32465,2020-12-06 09:55:00
32463,2020-12-05 17:55:00
32462,2020-12-05 13:55:00
32459,2020-12-05 09:55:00
32457,2020-12-04 17:55:00
32396,2020-12-04 13:55:00
32393,2020-12-04 09:55:00
32370,2020-12-03 17:55:00
32368,2020-12-03 13:55:00
32365,2020-12-03 09:55:00
32277,2020-12-02 17:55:00
32061,2020-12-02 13:55:00
32058,2020-12-02 09:55:00
32050,2020-12-01 17:55:00
32045,2020-12-01 13:55:00
32042,2020-12-01 09:55:00
32037,2020-11-30 17:55:00
32035,2020-11-30 13:55:00
32034,2020-11-30 09:55:00
32031,2020-11-29 17:55:00
32030,2020-11-29 13:55:00
32029,2020-11-29 09:55:00
32022,2020-11-28 17:55:00
32019,2020-11-28 13:55:00
32017,2020-11-28 09:55:00
32009,2020-11-27 17:55:00
32008,2020-11-27 13:55:00
32005,2020-11-27 09:55:00
32003,2020-11-26 17:55:00
32001,2020-11-26 13:55:00
31997,2020-11-26 09:55:00
31994,2020-11-25 17:55:00
31991,2020-11-25 13:55:00
31990,2020-11-25 09:55:00
31989,2020-11-24 17:55:00
31986,2020-11-24 13:55:00
31982,2020-11-24 09:55:00
31976,2020-11-23 17:55:00
31971,2020-11-23 13:55:00
31969,2020-11-23 09:55:00
31967,2020-11-22 17:55:00
31965,2020-11-22 13:55:00
31964,2020-11-22 09:55:00
31961,2020-11-21 17:55:00
31960,2020-11-21 13:55:00
31955,2020-11-21 09:55:00
31935,2020-11-20 17:55:00
31933,2020-11-20 13:55:00
31932,2020-11-20 09:55:00
31928,2020-11-19 17:55:00
31925,2020-11-19 13:55:00
31923,2020-11-19 09:55:00
31916,2020-11-18 17:55:00
31910,2020-11-18 13:55:00
31906,2020-11-18 09:55:00
31904,2020-11-17 17:55:00
31901,2020-11-17 13:55:00
31898,2020-11-17 09:55:00
31896,2020-11-16 17:55:00
31889,2020-11-16 13:55:00
31886,2020-11-16 09:55:00
31884,2020-11-15 17:55:00
31883,2020-11-15 13:55:00
31881,2020-11-15 09:55:00
31858,2020-11-14 17:55:00
31857,2020-11-14 13:55:00
31856,2020-11-14 09:55:00
31851,2020-11-13 17:55:00
31849,2020-11-13 13:55:00
31842,2020-11-13 09:55:00
31839,2020-11-12 17:55:00
31836,2020-11-12 13:55:00
31834,2020-11-12 09:55:00
31829,2020-11-11 17:55:00
31824,2020-11-11 13:55:00
31817,2020-11-11 09:55:00
31814,2020-11-10 17:55:00
31811,2020-11-10 13:55:00
31809,2020-11-10 09:55:00
31807,2020-11-09 17:55:00
31801,2020-11-09 13:55:00
31798,2020-11-09 09:55:00
31796,2020-11-08 17:55:00
31794,2020-11-08 13:55:00
31793,2020-11-08 09:55:00
31790,2020-11-07 17:55:00
31789,2020-11-07 13:55:00
31786,2020-11-07 09:55:00
31759,2020-11-06 17:55:00
31757,2020-11-06 13:55:00
31754,2020-11-06 09:55:00
31751,2020-11-05 17:55:00
31746,2020-11-05 13:55:00
31744,2020-11-05 09:55:00
31742,2020-11-04 17:55:00
31741,2020-11-04 13:55:00
31740,2020-11-04 09:55:00
31739,2020-11-03 17:55:00
31735,2020-11-03 13:55:00
31728,2020-11-03 09:55:00
31724,2020-11-02 17:55:00
31720,2020-11-02 13:55:00
31715,2020-11-02 09:55:00
31710,2020-11-01 17:55:00
31709,2020-11-01 13:55:00
31707,2020-11-01 09:55:00
31704,2020-10-31 17:55:00
31702,2020-10-31 13:55:00
31698,2020-10-31 09:55:00
31672,2020-10-30 17:55:00
31670,2020-10-30 13:55:00
31665,2020-10-30 09:55:00
31660,2020-10-29 17:55:00
31653,2020-10-29 13:55:00
31651,2020-10-29 09:55:00
31650,2020-10-28 17:55:00
31641,2020-10-28 13:55:00
31638,2020-10-28 09:55:00
31632,2020-10-27 17:55:00
31629,2020-10-27 13:55:00
31624,2020-10-27 09:55:00
31621,2020-10-26 17:55:00
31616,2020-10-26 13:55:00
31609,2020-10-26 09:55:00
31605,2020-10-25 17:55:00
31604,2020-10-25 13:55:00
31603,2020-10-25 09:55:00
31601,2020-10-24 19:55:00
31600,2020-10-24 15:55:00
31599,2020-10-24 11:55:00
31577,2020-10-24 07:55:00
31576,2020-10-23 19:55:00
31575,2020-10-23 15:55:00
31574,2020-10-23 11:55:00
31573,2020-10-23 07:55:00
31572,2020-10-22 19:55:00
31571,2020-10-22 15:55:00
31570,2020-10-22 11:55:00
31567,2020-10-22 07:55:00
31566,2020-10-21 23:55:00
31565,2020-10-21 19:55:00
31564,2020-10-21 15:55:00
31561,2020-10-21 11:55:00
31560,2020-10-21 07:55:00
31559,2020-10-20 19:55:00
31557,2020-10-20 15:55:00
31555,2020-10-20 11:55:00
31554,2020-10-20 07:55:00
31550,2020-10-19 19:55:00
31547,2020-10-19 15:55:00
31544,2020-10-19 11:55:00
31541,2020-10-19 07:55:00
31540,2020-10-18 19:55:00
31539,2020-10-18 15:55:00
31538,2020-10-18 11:55:00
31537,2020-10-18 07:55:00
31535,2020-10-17 19:55:00
31533,2020-10-17 15:55:00
31531,2020-10-17 11:55:00
31529,2020-10-17 07:55:00
31497,2020-10-16 19:55:00
31495,2020-10-16 15:55:00
31487,2020-10-16 11:55:00
31480,2020-10-16 07:55:00
31473,2020-10-15 19:55:00
31465,2020-10-15 15:55:00
31464,2020-10-15 11:55:00
31463,2020-10-15 07:55:00
31461,2020-10-14 19:55:00
31459,2020-10-14 15:55:00
31454,2020-10-14 11:55:00
31449,2020-10-14 07:55:00
31448,2020-10-13 19:55:00
31446,2020-10-13 17:55:00
31442,2020-10-13 15:55:00
31439,2020-10-13 13:55:00
31437,2020-10-13 11:55:00
31436,2020-10-13 09:55:00
31433,2020-10-13 07:55:00
31415,2020-10-12 19:55:00
31414,2020-10-12 17:55:00
31409,2020-10-12 15:55:00
31404,2020-10-12 13:55:00
31403,2020-10-12 11:55:00
31398,2020-10-12 09:55:00
31391,2020-10-12 07:55:00
31390,2020-10-11 19:55:00
31389,2020-10-11 17:55:00
31388,2020-10-11 15:55:00
31387,2020-10-11 13:55:00
31384,2020-10-11 11:55:00
31381,2020-10-11 09:55:00
31379,2020-10-11 07:55:00
31375,2020-10-10 19:55:00
31374,2020-10-10 17:55:00
31370,2020-10-10 15:55:00
31369,2020-10-10 13:55:00
31368,2020-10-10 11:55:00
31366,2020-10-10 09:55:00
31364,2020-10-10 07:55:00
31356,2020-10-09 19:55:00
31354,2020-10-09 17:55:00
31351,2020-10-09 15:55:00
31345,2020-10-09 13:55:00
31342,2020-10-09 11:55:00
31336,2020-10-09 09:55:00
31332,2020-10-09 07:55:00
31326,2020-10-08 19:55:00
31324,2020-10-08 17:55:00
31322,2020-10-08 15:55:00
31319,2020-10-08 13:55:00
31316,2020-10-08 11:55:00
31315,2020-10-08 09:55:00
31313,2020-10-08 07:55:00
31269,2020-10-07 20:35:00
31267,2020-10-07 19:35:00
31266,2020-10-07 19:10:00
31264,2020-10-07 17:35:00
31262,2020-10-07 16:35:00
31260,2020-10-07 15:35:00
31259,2020-10-07 14:35:00
31258,2020-10-07 13:35:00
31256,2020-10-07 12:35:00
31253,2020-10-07 11:35:00
31248,2020-10-07 10:35:00
31246,2020-10-07 09:35:00
31244,2020-10-07 08:35:00
31240,2020-10-07 07:35:00
31237,2020-10-06 20:35:00
31236,2020-10-06 19:35:00
31233,2020-10-06 18:35:00
31225,2020-10-06 17:35:00
31223,2020-10-06 16:35:00
31221,2020-10-06 15:35:00
31220,2020-10-06 14:35:00
31219,2020-10-06 13:35:00
31217,2020-10-06 12:35:00
31212,2020-10-06 11:35:00
31210,2020-10-06 10:35:00
31207,2020-10-06 09:35:00
31204,2020-10-06 08:35:00
31201,2020-10-06 07:35:00
31182,2020-10-05 20:35:00
31179,2020-10-05 19:35:00
31178,2020-10-05 18:35:00
31176,2020-10-05 17:35:00
31175,2020-10-05 16:35:00
31171,2020-10-05 16:10:00
31168,2020-10-05 14:35:00
31166,2020-10-05 13:35:00
31162,2020-10-05 12:35:00
31159,2020-10-05 11:35:00
31157,2020-10-05 10:35:00
31156,2020-10-05 09:35:00
31124,2020-10-05 09:19:52
31104,2020-10-04 19:45:00
31101,2020-10-04 15:45:00
31100,2020-10-04 11:45:00
31098,2020-10-04 07:45:00
31095,2020-10-03 19:45:00
31091,2020-10-03 15:45:00
31089,2020-10-03 11:45:00
31084,2020-10-03 07:45:00
31082,2020-10-02 19:45:00
31078,2020-10-02 15:45:00
31070,2020-10-02 11:45:00
31062,2020-10-02 07:45:00
31060,2020-10-01 19:45:00
31057,2020-10-01 15:45:00
31052,2020-10-01 11:45:00
31051,2020-10-01 07:45:00
31048,2020-09-30 19:45:00
31047,2020-09-30 15:45:00
31043,2020-09-30 11:45:00
31020,2020-09-30 07:45:00
31014,2020-09-29 19:45:00
31009,2020-09-29 15:45:00
31004,2020-09-29 11:45:00
30999,2020-09-29 07:45:00
30995,2020-09-28 19:45:00
30992,2020-09-28 15:45:00
30982,2020-09-28 11:45:00
30977,2020-09-28 07:45:00
30975,2020-09-27 19:45:00
30974,2020-09-27 15:45:00
30973,2020-09-27 11:45:00
30961,2020-09-27 07:45:00
30938,2020-09-26 19:35:00
30937,2020-09-26 15:35:00
30935,2020-09-26 11:35:00
30929,2020-09-26 07:35:00
30928,2020-09-25 19:35:00
30926,2020-09-25 15:35:00
30920,2020-09-25 11:35:00
30909,2020-09-25 07:35:00
30902,2020-09-24 17:35:00
30896,2020-09-24 13:35:00
30890,2020-09-24 09:35:00
30882,2020-09-23 17:35:00
30880,2020-09-23 13:35:00
30877,2020-09-23 09:35:00
30873,2020-09-22 17:35:00
30864,2020-09-22 13:35:00
30852,2020-09-22 09:35:00
30845,2020-09-21 17:35:00
30842,2020-09-21 13:35:00
30836,2020-09-21 09:35:00
30826,2020-09-20 17:35:00
30823,2020-09-20 13:35:00
30822,2020-09-20 09:35:00
30821,2020-09-19 17:35:00
30817,2020-09-19 13:35:00
30812,2020-09-19 09:35:00
30801,2020-09-18 13:25:00
30798,2020-09-18 11:25:00
30793,2020-09-18 09:25:00
30785,2020-09-17 17:25:00
30782,2020-09-17 15:25:00
30781,2020-09-17 13:25:00
30779,2020-09-17 11:25:00
30778,2020-09-17 09:25:00
30775,2020-09-16 17:25:00
30774,2020-09-16 15:25:00
30773,2020-09-16 13:25:00
30771,2020-09-16 11:25:00
30767,2020-09-16 09:25:00
30735,2020-09-15 11:25:00
30730,2020-09-15 09:25:00
30728,2020-09-15 07:25:00
30727,2020-09-14 19:25:00
30726,2020-09-14 17:25:00
30724,2020-09-14 15:25:00
30723,2020-09-14 13:25:00
30722,2020-09-14 11:25:00
30721,2020-09-14 09:25:00
30718,2020-09-14 07:25:00
30716,2020-09-13 19:25:00
30715,2020-09-13 17:25:00
30714,2020-09-13 15:25:00
30713,2020-09-13 13:25:00
30712,2020-09-13 11:25:00
30711,2020-09-13 09:25:00
30708,2020-09-13 07:25:00
30707,2020-09-13 07:21:38
30689,2020-09-12 19:25:00
30687,2020-09-12 17:25:00
30686,2020-09-12 15:25:00
30685,2020-09-12 13:25:00
30684,2020-09-12 11:25:00
30683,2020-09-12 09:25:00
30681,2020-09-12 07:25:00
30679,2020-09-11 19:25:00
30678,2020-09-11 17:25:00
30676,2020-09-11 15:25:00
30675,2020-09-11 13:25:00
30670,2020-09-11 11:25:00
30667,2020-09-11 09:25:00
30662,2020-09-10 19:25:00
30661,2020-09-10 17:25:00
30660,2020-09-10 15:25:00
30659,2020-09-10 13:25:00
30657,2020-09-10 11:25:00
30656,2020-09-10 09:25:00
30648,2020-09-09 11:25:00
30607,2020-09-08 11:25:00
30601,2020-09-07 11:25:00
30589,2020-09-06 11:25:00
30586,2020-09-05 19:25:00
30585,2020-09-05 17:25:00
30582,2020-09-05 15:25:00
30581,2020-09-05 13:25:00
30580,2020-09-05 11:25:00
30577,2020-09-05 08:25:00
30567,2020-09-04 14:25:00
30562,2020-09-04 11:25:00
30560,2020-09-04 08:25:00
30548,2020-09-03 13:55:00
30546,2020-09-03 11:55:00
30545,2020-09-03 09:55:00
30544,2020-09-03 07:55:00
30543,2020-09-02 19:55:00
30542,2020-09-02 17:55:00
30541,2020-09-02 15:55:00
30540,2020-09-02 13:55:00
30539,2020-09-02 11:55:00
30538,2020-09-02 09:55:00
30527,2020-09-02 07:55:00
30523,2020-09-01 12:25:00
30508,2020-08-28 12:50:00
30495,2020-07-10 12:45:00
30492,2020-07-09 12:35:00
30491,2020-07-08 12:35:00
30489,2020-07-07 12:35:00
30488,2020-07-06 12:35:00
30486,2020-07-05 12:35:00
30485,2020-07-05 07:37:22
30482,2020-07-04 12:35:00
30481,2020-07-03 12:35:00
30475,2020-07-02 12:35:00
30473,2020-07-01 12:35:00
30472,2020-06-30 12:35:00
30470,2020-06-29 12:35:00
30469,2020-06-28 12:35:00
30467,2020-06-27 12:35:00
30464,2020-06-26 12:35:00
30463,2020-06-25 12:35:00
30462,2020-06-24 12:35:00
30459,2020-06-23 12:35:00
30458,2020-06-22 12:35:00
30457,2020-06-21 12:35:00
30445,2020-06-21 07:01:58
30442,2020-06-20 12:35:00
30439,2020-06-19 12:35:00
30438,2020-06-18 12:35:00
30435,2020-06-17 12:35:00
30434,2020-06-16 16:35:00
30433,2020-06-16 10:35:00
30423,2020-06-15 16:35:00
30422,2020-06-15 10:35:00
30419,2020-06-14 16:35:00
30417,2020-06-14 10:35:00
30415,2020-06-13 16:35:00
30414,2020-06-13 10:35:00
30411,2020-06-12 16:35:00
30408,2020-06-12 10:35:00
30406,2020-06-11 16:35:00
30404,2020-06-11 10:35:00
30401,2020-06-10 16:35:00
30399,2020-06-10 10:35:00
30396,2020-06-09 16:35:00
30395,2020-06-09 10:35:00
30393,2020-06-08 16:35:00
30390,2020-06-08 10:35:00
30389,2020-06-07 17:35:00
30387,2020-06-07 13:35:00
30385,2020-06-07 09:35:00
30366,2020-06-06 17:35:00
30365,2020-06-06 13:35:00
30363,2020-06-06 09:35:00
30361,2020-06-05 17:35:00
30360,2020-06-05 13:35:00
30358,2020-06-05 09:35:00
30356,2020-06-04 17:35:00
30355,2020-06-04 13:35:00
30352,2020-06-04 09:35:00
30346,2020-06-03 17:35:00
30345,2020-06-03 13:35:00
30343,2020-06-03 09:35:00
30341,2020-06-02 17:35:00
30338,2020-06-02 13:35:00
30333,2020-06-02 09:35:00
30316,2020-06-01 17:35:00
30313,2020-06-01 13:35:00
30312,2020-06-01 09:35:00
30311,2020-05-31 17:35:00
30310,2020-05-31 13:35:00
30309,2020-05-31 09:35:00
30301,2020-05-30 17:35:00
30300,2020-05-30 13:35:00
30298,2020-05-30 09:35:00
30296,2020-05-29 17:35:00
30294,2020-05-29 13:35:00
30292,2020-05-29 09:35:00
30284,2020-05-28 17:35:00
30282,2020-05-28 13:35:00
30281,2020-05-28 09:35:00
30280,2020-05-27 17:35:00
30279,2020-05-27 13:35:00
30273,2020-05-27 09:35:00
30260,2020-05-26 17:35:00
30258,2020-05-26 13:35:00
30255,2020-05-26 09:35:01
30254,2020-05-25 17:35:02
30253,2020-05-25 13:35:01
30250,2020-05-25 09:35:03
30248,2020-05-24 17:35:05
30246,2020-05-24 13:35:02
30245,2020-05-24 09:35:05
30243,2020-05-23 17:45:02
30242,2020-05-23 17:35:08
30239,2020-05-23 13:45:00
30238,2020-05-23 13:35:01
30236,2020-05-23 09:45:00
30235,2020-05-23 09:35:01
30217,2020-05-22 17:45:00
30216,2020-05-22 13:45:00
30214,2020-05-22 09:45:00
30213,2020-05-21 17:45:00
30210,2020-05-21 13:45:03
30207,2020-05-21 09:45:02
30206,2020-05-20 17:45:00
30205,2020-05-20 13:45:00
30204,2020-05-20 09:45:00
30200,2020-05-19 17:35:00
30198,2020-05-19 13:35:00
30194,2020-05-19 09:35:00
30180,2020-05-18 17:35:00
30179,2020-05-18 13:35:00
30176,2020-05-18 09:35:00
30175,2020-05-17 17:35:00
30174,2020-05-17 13:35:00
30171,2020-05-17 09:35:00
30163,2020-05-16 17:35:00
30162,2020-05-16 13:35:00
30157,2020-05-16 09:35:00
30155,2020-05-15 17:35:00
30154,2020-05-15 13:35:00
30153,2020-05-15 09:35:00
30149,2020-05-14 17:35:00
30147,2020-05-14 13:35:00
30146,2020-05-14 09:35:00
30133,2020-05-13 17:35:00
30132,2020-05-13 13:35:00
30130,2020-05-13 09:35:00
30128,2020-05-12 17:35:00
30127,2020-05-12 11:35:00
30118,2020-05-11 17:35:00
30114,2020-05-11 11:35:00
30112,2020-05-10 17:35:00
30111,2020-05-10 11:35:00
30103,2020-05-09 15:30:00
30102,2020-05-09 10:30:00
30101,2020-05-08 16:30:00
30099,2020-05-08 10:30:00
30096,2020-05-07 16:30:00
30089,2020-05-07 10:30:00
30087,2020-05-06 16:30:00
30085,2020-05-06 10:30:00
30079,2020-05-05 16:30:00
30077,2020-05-05 10:30:00
30075,2020-05-04 16:30:00
30073,2020-05-04 10:30:00
30072,2020-05-03 16:30:00
30071,2020-05-03 10:30:00
30069,2020-05-02 16:30:00
30068,2020-05-02 10:30:00
30067,2020-05-01 15:25:00
30066,2020-05-01 11:25:00
30050,2020-04-30 15:25:00
30048,2020-04-30 11:25:00
30046,2020-04-29 15:25:00
30040,2020-04-29 11:25:00
30036,2020-04-28 17:25:00
30026,2020-04-28 11:25:00
30011,2020-04-27 17:25:00
30009,2020-04-27 11:25:00
30005,2020-04-26 17:25:00
30004,2020-04-26 11:25:00
30002,2020-04-25 17:25:00
30001,2020-04-25 11:25:00
29998,2020-04-24 17:25:00
29995,2020-04-24 11:25:00
29992,2020-04-23 17:25:00
29991,2020-04-23 11:25:00
29986,2020-04-22 17:25:00
29981,2020-04-22 11:25:00
29977,2020-04-21 17:25:00
29975,2020-04-21 11:45:00
29974,2020-04-21 11:25:00
29951,2020-04-20 11:45:00
29949,2020-04-19 11:45:00
29913,2020-04-18 11:45:00
29912,2020-04-17 17:45:00
29895,2020-04-16 11:45:00
29887,2020-04-15 11:45:00
29884,2020-04-14 11:45:00
29879,2020-04-13 11:45:00
29873,2020-04-12 11:45:00
29871,2020-04-11 11:45:00
29853,2020-04-10 11:45:00
29848,2020-04-09 11:45:00
29842,2020-04-08 11:45:00
29832,2020-04-07 11:45:00
29825,2020-04-06 11:45:00
29819,2020-04-05 11:45:00
29818,2020-04-04 11:45:00
29816,2020-04-03 11:45:00
29815,2020-04-02 11:45:00
29803,2020-04-01 11:45:00
29798,2020-03-31 11:45:00
29797,2020-03-30 11:45:00
29795,2020-03-29 11:45:00
29794,2020-03-28 11:45:00
29790,2020-03-27 11:45:00
29788,2020-03-26 11:45:00
29785,2020-03-25 16:45:00
29784,2020-03-25 11:45:00
29783,2020-03-25 09:45:00
29781,2020-03-24 16:45:00
29779,2020-03-24 09:45:00
29767,2020-03-23 16:45:00
29763,2020-03-23 09:45:00
29761,2020-03-22 16:45:00
29759,2020-03-22 09:45:00
29757,2020-03-21 13:45:00
29754,2020-03-21 06:45:00
29753,2020-03-20 23:45:00
29752,2020-03-20 16:45:00
29751,2020-03-20 09:45:00
29750,2020-03-19 16:45:00
29748,2020-03-19 09:45:00
29746,2020-03-18 16:45:00
29744,2020-03-18 09:45:00
29742,2020-03-17 16:45:00
29739,2020-03-17 09:45:00
29738,2020-03-16 16:45:00
29734,2020-03-16 09:45:00
29729,2020-03-15 16:45:00
29728,2020-03-15 13:45:00
29727,2020-03-15 10:45:00
29725,2020-03-15 07:45:00
29703,2020-03-14 19:45:00
29701,2020-03-14 16:45:00
29699,2020-03-14 13:45:00
29698,2020-03-14 10:45:00
29695,2020-03-14 07:45:00
29692,2020-03-13 19:45:00
29691,2020-03-13 16:45:00
29690,2020-03-13 13:45:00
29688,2020-03-13 10:45:00
29687,2020-03-13 07:45:00
29686,2020-03-12 19:45:00
29685,2020-03-12 16:45:00
29684,2020-03-12 13:45:00
29674,2020-03-12 10:45:00
29668,2020-03-12 07:45:00
29666,2020-03-11 19:45:00
29664,2020-03-11 16:45:00
29659,2020-03-11 13:45:00
29658,2020-03-11 10:45:00
29654,2020-03-11 07:45:00
29652,2020-03-10 19:45:00
29650,2020-03-10 16:45:00
29649,2020-03-10 13:45:00
29647,2020-03-10 10:45:00
29645,2020-03-10 07:45:00
29642,2020-03-09 19:45:00
29640,2020-03-09 16:45:00
29638,2020-03-09 13:45:00
29637,2020-03-09 10:45:00
29636,2020-03-09 07:45:00
29601,2020-03-08 16:40:00
29599,2020-03-08 13:40:00
29596,2020-03-08 10:40:00
29595,2020-03-08 07:40:00
29594,2020-03-07 19:40:00
29593,2020-03-07 16:40:00
29590,2020-03-07 13:40:00
29588,2020-03-07 10:40:00
29585,2020-03-07 07:40:00
29582,2020-03-06 19:40:00
29579,2020-03-06 16:40:00
29577,2020-03-06 13:40:00
29574,2020-03-06 10:40:00
29572,2020-03-06 07:40:00
29569,2020-03-05 19:40:00
29567,2020-03-05 16:40:00
29560,2020-03-05 13:40:00
29558,2020-03-05 10:40:00
29553,2020-03-05 07:40:00
29551,2020-03-04 19:40:00
29550,2020-03-04 16:40:00
29547,2020-03-04 13:40:00
29544,2020-03-04 10:40:00
29541,2020-03-04 07:40:00
29538,2020-03-03 19:40:00
29536,2020-03-03 16:40:00
29534,2020-03-03 13:40:00
29530,2020-03-03 10:40:00
29524,2020-03-03 07:40:00
29520,2020-03-02 09:55:00
29518,2020-03-01 09:55:00
29485,2020-02-29 09:55:00
29476,2020-02-28 19:50:00
29474,2020-02-28 16:50:00
29473,2020-02-28 14:50:00
29468,2020-02-28 10:50:00
29462,2020-02-28 07:50:00
29459,2020-02-27 19:50:00
29458,2020-02-27 16:50:00
29457,2020-02-27 13:50:00
29456,2020-02-27 10:50:00
29455,2020-02-27 07:50:00
29452,2020-02-26 19:50:00
29450,2020-02-26 16:50:00
29449,2020-02-26 13:50:00
29447,2020-02-26 10:50:00
29444,2020-02-26 07:50:00
29442,2020-02-25 19:50:00
29437,2020-02-25 16:50:00
29434,2020-02-25 13:50:00
29430,2020-02-25 10:50:00
29428,2020-02-25 07:50:00
29408,2020-02-24 19:50:00
29407,2020-02-24 16:50:00
29405,2020-02-24 13:50:00
29404,2020-02-24 10:50:00
29403,2020-02-24 07:50:00
29402,2020-02-23 19:50:00
29401,2020-02-23 16:50:00
29395,2020-02-23 13:50:00
29394,2020-02-23 10:50:00
29393,2020-02-23 07:50:00
29365,2020-02-22 19:50:00
29362,2020-02-22 16:50:00
29360,2020-02-22 13:50:00
29359,2020-02-22 10:50:00
29353,2020-02-22 07:50:00
29350,2020-02-21 19:50:00
29349,2020-02-21 16:50:00
29347,2020-02-21 13:50:00
29346,2020-02-21 10:50:00
29343,2020-02-21 07:50:00
29340,2020-02-20 19:50:00
29338,2020-02-20 16:50:00
29336,2020-02-20 13:50:00
29332,2020-02-20 10:50:00
29327,2020-02-20 07:50:00
29326,2020-02-19 19:50:00
29324,2020-02-19 16:50:00
29323,2020-02-19 13:50:00
29322,2020-02-19 10:50:00
29321,2020-02-19 07:50:00
29318,2020-02-18 19:50:00
29317,2020-02-18 16:50:00
29316,2020-02-18 13:50:00
29312,2020-02-18 10:50:00
29307,2020-02-18 07:50:00
29304,2020-02-17 19:50:00
29302,2020-02-17 16:50:00
29300,2020-02-17 13:50:00
29298,2020-02-17 10:50:00
29297,2020-02-17 07:50:00
29295,2020-02-16 19:50:00
29294,2020-02-16 16:50:00
29289,2020-02-16 10:50:00
29288,2020-02-16 07:50:00
29247,2020-02-15 19:40:00
29246,2020-02-15 16:40:00
29244,2020-02-15 13:40:00
29241,2020-02-15 10:40:00
29237,2020-02-15 07:40:00
29236,2020-02-14 19:40:00
29231,2020-02-14 16:40:00
29229,2020-02-14 13:40:00
29226,2020-02-14 10:40:00
29224,2020-02-14 07:40:00
29221,2020-02-13 19:40:00
29218,2020-02-13 16:40:00
29213,2020-02-13 13:40:00
29211,2020-02-13 10:40:00
29204,2020-02-13 07:40:00
29202,2020-02-12 19:40:00
29201,2020-02-12 16:40:00
29199,2020-02-12 13:40:00
29198,2020-02-12 10:40:00
29196,2020-02-12 07:40:00
29194,2020-02-11 19:40:00
29191,2020-02-11 16:40:00
29189,2020-02-11 13:40:00
29187,2020-02-11 10:40:00
29181,2020-02-11 07:40:00
29177,2020-02-10 19:40:00
29175,2020-02-10 16:40:00
29171,2020-02-10 13:40:00
29168,2020-02-10 10:40:00
29166,2020-02-10 07:40:00
29162,2020-02-09 19:40:00
29160,2020-02-09 16:40:00
29159,2020-02-09 13:40:00
29158,2020-02-09 10:40:00
29157,2020-02-09 07:40:00
29156,2020-02-08 19:40:00
29155,2020-02-08 16:40:00
29154,2020-02-08 13:40:00
29151,2020-02-08 10:40:00
29148,2020-02-08 07:40:00
29115,2020-02-07 19:40:00
29113,2020-02-07 16:40:00
29110,2020-02-07 13:40:00
29108,2020-02-07 10:40:00
29105,2020-02-07 07:40:00
29104,2020-02-06 19:40:00
29102,2020-02-06 16:40:00
29098,2020-02-06 13:40:00
29095,2020-02-06 10:40:00
29094,2020-02-06 07:40:00
29092,2020-02-05 19:40:00
29087,2020-02-05 16:40:00
29085,2020-02-05 13:40:00
29082,2020-02-05 10:40:00
29081,2020-02-05 07:40:00
29078,2020-02-04 19:40:00
29076,2020-02-04 16:40:00
29066,2020-02-04 13:40:00
29056,2020-02-04 10:40:00
29047,2020-02-04 07:40:00
29041,2020-02-03 19:40:00
29038,2020-02-03 16:40:00
29032,2020-02-03 13:40:00
29029,2020-02-03 10:40:00
29024,2020-02-03 07:40:00
28987,2020-02-02 19:40:00
28985,2020-02-02 16:40:00
28981,2020-02-02 13:40:00
28980,2020-02-02 10:40:00
28979,2020-02-02 07:40:00
28976,2020-02-01 19:40:00
28975,2020-02-01 16:40:00
28973,2020-02-01 13:40:00
28971,2020-02-01 10:40:00
28970,2020-02-01 07:40:00
28968,2020-01-31 19:40:00
28965,2020-01-31 16:40:00
28962,2020-01-31 13:40:00
28951,2020-01-31 10:40:00
28946,2020-01-31 07:40:00
28941,2020-01-30 19:40:00
28940,2020-01-30 16:40:00
28938,2020-01-30 13:40:00
28935,2020-01-30 10:40:00
28930,2020-01-30 07:40:00
28925,2020-01-29 19:40:00
28921,2020-01-29 16:40:00
28919,2020-01-29 13:40:00
28915,2020-01-29 10:40:00
28914,2020-01-29 07:40:00
28913,2020-01-28 19:40:00
28910,2020-01-28 16:40:00
28907,2020-01-28 13:40:00
28905,2020-01-28 10:40:00
28900,2020-01-28 07:40:00
28898,2020-01-27 19:40:00
28897,2020-01-27 16:40:00
28889,2020-01-27 13:40:00
28882,2020-01-27 10:40:00
28872,2020-01-27 07:40:00
28836,2020-01-26 19:25:00
28835,2020-01-26 16:25:00
28834,2020-01-26 13:25:00
28833,2020-01-26 10:25:00
28830,2020-01-26 07:25:00
28828,2020-01-25 19:25:00
28826,2020-01-25 16:25:00
28821,2020-01-25 13:25:00
28820,2020-01-25 10:25:00
28816,2020-01-25 07:25:00
28815,2020-01-24 19:25:00
28814,2020-01-24 16:25:00
28813,2020-01-24 13:25:00
28811,2020-01-24 10:25:00
28810,2020-01-24 07:25:00
28806,2020-01-23 19:25:00
28803,2020-01-23 16:25:00
28796,2020-01-23 13:25:00
28792,2020-01-23 10:25:00
28791,2020-01-23 07:25:00
28790,2020-01-22 19:25:00
28789,2020-01-22 16:25:00
28787,2020-01-22 13:25:00
28781,2020-01-22 10:25:00
28776,2020-01-22 07:25:00
28775,2020-01-21 17:20:00
28773,2020-01-21 12:20:00
28770,2020-01-21 07:20:00
28768,2020-01-20 17:20:00
28761,2020-01-20 12:20:00
28753,2020-01-20 07:20:00
28748,2020-01-19 17:20:00
28745,2020-01-19 12:20:00
28718,2020-01-19 07:20:00
28714,2020-01-18 17:20:00
28711,2020-01-18 12:20:00
28706,2020-01-18 07:20:00
28704,2020-01-17 17:20:00
28702,2020-01-17 12:20:00
28696,2020-01-17 07:20:00
28694,2020-01-16 17:20:00
28690,2020-01-16 12:20:00
28686,2020-01-16 07:20:00
28684,2020-01-15 17:20:00
28681,2020-01-15 12:20:00
28675,2020-01-15 07:20:00
28670,2020-01-14 20:20:00
28663,2020-01-14 15:20:00
28660,2020-01-14 10:20:01
28611,2020-01-12 14:25:00
28608,2020-01-12 09:25:00
28606,2020-01-11 14:25:00
28604,2020-01-11 09:25:00
28602,2020-01-10 14:25:00
28596,2020-01-10 09:25:00
28594,2020-01-09 14:25:00
28592,2020-01-09 09:25:00
28591,2020-01-08 14:25:00
28589,2020-01-08 09:25:00
28587,2020-01-07 14:25:00
28585,2020-01-06 09:25:00
28580,2020-01-05 15:25:00
28578,2020-01-05 09:25:00
28563,2020-01-04 15:25:00
28555,2020-01-04 09:25:00
28554,2020-01-03 15:25:00
28553,2020-01-03 09:25:00
28551,2020-01-02 15:25:00
28548,2020-01-02 09:25:00
28540,2020-01-01 15:25:00
28538,2020-01-01 09:25:00
28535,2019-12-31 15:25:00
28532,2019-12-31 09:25:00
28531,2019-12-30 19:25:00
28530,2019-12-30 15:25:00
28529,2019-12-30 11:25:00
28527,2019-12-30 07:25:00
28526,2019-12-29 19:25:00
28524,2019-12-29 15:25:00
28520,2019-12-29 11:25:00
28507,2019-12-29 07:25:00
28502,2019-12-28 19:25:00
28499,2019-12-28 15:25:00
28498,2019-12-28 11:25:00
28496,2019-12-28 07:25:00
28495,2019-12-27 17:25:00
28493,2019-12-27 13:25:00
28490,2019-12-27 09:25:00
28489,2019-12-26 14:35:00
28488,2019-12-26 09:35:00
28471,2019-12-25 14:35:00
28470,2019-12-25 10:35:00
28461,2019-12-24 14:25:00
28458,2019-12-24 09:25:00
28456,2019-12-23 14:25:00
28454,2019-12-23 09:25:00
28447,2019-12-22 19:25:00
28440,2019-12-22 15:25:00
28436,2019-12-22 11:25:00
28434,2019-12-22 07:25:00
28428,2019-12-21 19:25:00
28426,2019-12-21 15:25:00
28422,2019-12-21 11:25:00
28419,2019-12-21 07:25:00
28414,2019-12-20 07:25:00
28410,2019-12-19 19:25:00
28408,2019-12-19 15:25:00
28407,2019-12-19 11:25:00
28405,2019-12-19 07:25:00
28402,2019-12-18 19:25:00
28400,2019-12-18 15:25:00
28398,2019-12-18 11:25:00
28396,2019-12-18 07:25:00
28394,2019-12-17 19:25:00
28392,2019-12-17 15:25:00
28388,2019-12-17 11:25:00
28385,2019-12-17 07:25:00
28384,2019-12-16 19:25:00
28383,2019-12-16 15:25:00
28380,2019-12-16 11:25:00
28368,2019-12-16 07:25:00
28365,2019-12-15 19:25:00
28364,2019-12-15 15:25:00
28363,2019-12-15 11:25:00
28362,2019-12-15 07:25:00
28360,2019-12-14 19:25:00
28358,2019-12-14 15:25:00
28350,2019-12-14 11:25:00
28348,2019-12-14 07:25:00
28312,2019-12-13 14:25:00
28308,2019-12-13 09:25:00
28300,2019-12-12 14:25:00
28292,2019-12-12 09:25:00
28286,2019-12-11 14:25:00
28284,2019-12-11 09:25:00
28279,2019-12-10 15:25:00
28267,2019-12-10 09:25:00
28260,2019-12-09 19:25:00
28258,2019-12-09 15:25:00
28256,2019-12-09 11:25:00
28250,2019-12-09 07:25:00
28246,2019-12-08 19:25:00
28244,2019-12-08 15:25:00
28243,2019-12-08 11:25:00
28240,2019-12-08 07:25:00
28239,2019-12-07 19:25:00
28238,2019-12-07 15:25:00
28234,2019-12-07 11:25:00
28230,2019-12-07 07:25:00
28229,2019-12-06 17:25:00
28226,2019-12-06 13:25:00
28224,2019-12-06 09:25:00
28199,2019-12-05 09:25:00
28191,2019-12-04 19:25:00
28188,2019-12-04 17:25:00
28187,2019-12-04 15:25:00
28183,2019-12-04 13:25:00
28181,2019-12-04 11:25:00
28179,2019-12-04 09:25:00
28177,2019-12-04 07:25:00
28176,2019-12-03 19:25:00
28175,2019-12-03 17:25:00
28173,2019-12-03 15:25:00
28169,2019-12-03 13:25:00
28166,2019-12-03 11:25:00
28162,2019-12-03 09:25:00
28161,2019-12-03 07:25:00
28160,2019-12-02 19:25:00
28159,2019-12-02 17:25:00
28157,2019-12-02 15:25:00
28155,2019-12-02 13:25:00
28154,2019-12-02 11:25:00
28152,2019-12-02 09:25:00
28151,2019-12-02 07:25:00
28148,2019-12-01 19:25:00
28147,2019-12-01 17:25:00
28146,2019-12-01 15:25:00
28144,2019-12-01 13:25:00
28143,2019-12-01 11:25:00
28142,2019-12-01 09:25:00
28140,2019-12-01 07:25:00
28123,2019-11-30 19:25:00
28122,2019-11-30 17:25:00
28118,2019-11-30 15:25:00
28117,2019-11-30 13:25:00
28116,2019-11-30 11:25:00
28112,2019-11-30 09:25:00
28110,2019-11-30 07:25:00
28108,2019-11-29 19:25:00
28105,2019-11-29 17:25:00
28104,2019-11-29 15:25:00
28102,2019-11-29 13:25:00
28100,2019-11-29 11:25:00
28098,2019-11-29 09:25:00
28097,2019-11-29 07:25:00
28096,2019-11-28 19:25:00
28095,2019-11-28 17:25:00
28094,2019-11-28 15:25:00
28093,2019-11-28 13:25:00
28088,2019-11-28 11:25:00
28087,2019-11-28 09:25:00
28083,2019-11-28 07:25:00
28070,2019-11-27 19:25:00
28065,2019-11-27 17:25:00
28063,2019-11-27 15:25:00
28060,2019-11-27 13:25:00
28056,2019-11-27 11:25:00
28053,2019-11-27 09:20:00
27994,2019-11-26 09:20:00
27988,2019-11-25 09:20:00
27982,2019-11-24 09:20:00
27975,2019-11-23 09:20:00
27966,2019-11-22 19:25:00
27963,2019-11-22 16:25:00
27962,2019-11-22 13:25:00
27959,2019-11-22 10:25:00
27958,2019-11-22 07:25:00
27955,2019-11-21 19:25:00
27952,2019-11-21 16:25:00
27944,2019-11-21 13:25:00
27942,2019-11-21 10:25:00
27934,2019-11-21 07:25:00
27929,2019-11-20 19:25:00
27927,2019-11-20 16:25:00
27919,2019-11-20 13:25:00
27916,2019-11-20 10:25:00
27914,2019-11-20 07:25:00
27910,2019-11-19 18:25:00
27907,2019-11-19 15:25:00
27904,2019-11-19 12:25:00
27897,2019-11-19 09:25:00
27868,2019-11-18 19:25:00
27867,2019-11-18 17:25:00
27866,2019-11-18 15:25:00
27865,2019-11-18 13:25:00
27864,2019-11-18 11:25:00
27860,2019-11-18 09:25:00
27859,2019-11-18 07:25:00
27857,2019-11-17 19:25:00
27853,2019-11-17 17:25:00
27849,2019-11-17 15:25:00
27844,2019-11-17 13:25:00
27841,2019-11-17 11:25:00
27840,2019-11-17 09:25:00
27838,2019-11-17 07:25:00
27834,2019-11-16 19:25:00
27831,2019-11-16 17:25:00
27830,2019-11-16 15:25:00
27828,2019-11-16 13:25:00
27825,2019-11-16 11:25:00
27823,2019-11-16 07:25:00
27801,2019-11-15 17:25:00
27795,2019-11-15 12:25:00
27794,2019-11-15 07:25:00
27793,2019-11-14 19:25:00
27792,2019-11-14 14:25:00
27787,2019-11-14 09:25:00
27780,2019-11-13 09:50:00
27758,2019-11-12 09:50:00
27741,2019-11-11 08:50:00
27729,2019-11-10 08:50:00
27720,2019-11-09 08:50:00
27714,2019-11-08 19:55:00
27713,2019-11-08 16:55:00
27711,2019-11-08 13:55:00
27705,2019-11-08 10:55:00
27686,2019-11-08 07:55:00
27685,2019-11-07 19:55:00
27682,2019-11-07 16:55:00
27679,2019-11-07 13:55:00
27676,2019-11-07 10:55:00
27673,2019-11-07 07:55:00
27672,2019-11-06 19:55:00
27669,2019-11-06 16:55:00
27668,2019-11-06 13:55:00
27663,2019-11-06 10:55:00
27659,2019-11-06 07:55:00
27657,2019-11-05 19:55:00
27655,2019-11-05 16:55:00
27654,2019-11-05 13:55:00
27649,2019-11-05 10:55:00
27647,2019-11-05 07:55:00
27640,2019-11-04 19:55:00
27637,2019-11-04 16:55:00
27636,2019-11-04 13:55:02
27635,2019-11-04 10:55:00
27634,2019-11-04 07:55:00
27632,2019-11-03 19:55:00
27630,2019-11-03 16:55:00
27628,2019-11-03 13:55:00
27627,2019-11-03 10:55:00
27626,2019-11-03 07:55:00
27625,2019-11-02 19:55:00
27623,2019-11-02 16:55:00
27621,2019-11-02 13:55:00
27616,2019-11-02 10:55:00
27614,2019-11-02 07:55:00
27606,2019-11-01 19:55:00
27605,2019-11-01 16:55:00
27604,2019-11-01 13:55:00
27599,2019-11-01 10:55:00
27572,2019-11-01 07:55:00
27554,2019-10-31 15:50:00
27550,2019-10-31 13:50:00
27549,2019-10-31 11:50:00
27544,2019-10-31 09:50:00
27540,2019-10-31 07:50:00
27535,2019-10-30 19:50:00
27534,2019-10-30 17:50:00
27533,2019-10-30 15:50:00
27531,2019-10-30 13:50:00
27529,2019-10-30 11:50:00
27523,2019-10-30 09:50:00
27519,2019-10-30 07:50:00
27506,2019-10-29 19:50:00
27495,2019-10-29 17:50:00
27492,2019-10-29 15:50:00
27489,2019-10-29 13:50:00
27485,2019-10-29 11:50:00
27479,2019-10-29 09:50:00
27475,2019-10-29 07:50:00
27474,2019-10-28 21:50:00
27471,2019-10-28 19:50:00
27469,2019-10-28 17:50:00
27466,2019-10-28 15:50:00
27462,2019-10-28 13:50:00
27459,2019-10-28 11:50:00
27452,2019-10-28 09:50:00
27448,2019-10-28 07:50:00
27443,2019-10-27 19:50:00
27442,2019-10-27 17:50:00
27440,2019-10-27 15:50:00
27438,2019-10-27 13:50:00
27437,2019-10-27 11:50:00
27433,2019-10-27 09:50:00
27432,2019-10-27 07:50:00
27430,2019-10-26 19:50:00
27428,2019-10-26 17:50:00
27427,2019-10-26 15:50:00
27426,2019-10-26 13:50:00
27422,2019-10-26 11:50:00
27419,2019-10-26 09:50:00
27377,2019-10-25 19:25:00
27375,2019-10-25 17:25:00
27374,2019-10-25 15:25:00
27373,2019-10-25 13:25:00
27372,2019-10-25 11:25:00
27371,2019-10-25 09:25:00
27369,2019-10-25 07:25:00
27365,2019-10-24 19:25:00
27363,2019-10-24 17:25:00
27362,2019-10-24 15:25:00
27360,2019-10-24 13:25:00
27352,2019-10-24 11:25:00
27351,2019-10-24 09:25:00
27342,2019-10-24 07:25:00
27334,2019-10-23 19:25:00
27331,2019-10-23 17:25:00
27330,2019-10-23 15:25:00
27329,2019-10-23 13:25:00
27328,2019-10-23 11:25:00
27323,2019-10-23 09:25:00
27321,2019-10-23 07:25:00
27314,2019-10-22 19:25:00
27307,2019-10-22 17:25:00
27305,2019-10-22 15:25:00
27303,2019-10-22 13:25:00
27296,2019-10-22 11:25:00
27293,2019-10-22 09:25:00
27292,2019-10-22 07:25:00
27284,2019-10-21 19:25:00
27280,2019-10-21 17:25:00
27278,2019-10-21 15:25:00
27277,2019-10-21 13:25:00
27274,2019-10-21 11:25:00
27273,2019-10-21 09:25:00
27245,2019-10-20 10:35:00
27242,2019-10-19 10:35:00
27233,2019-10-18 15:50:00
27232,2019-10-18 13:50:00
27229,2019-10-18 11:50:00
27227,2019-10-18 09:50:00
27223,2019-10-18 07:50:00
27221,2019-10-17 19:50:00
27220,2019-10-17 17:50:00
27219,2019-10-17 15:50:00
27218,2019-10-17 13:50:00
27216,2019-10-17 11:50:00
27215,2019-10-17 09:50:00
27209,2019-10-17 07:50:00
27206,2019-10-16 19:50:00
27204,2019-10-16 17:50:00
27203,2019-10-16 15:50:00
27201,2019-10-16 13:50:00
27199,2019-10-16 11:50:00
27193,2019-10-16 09:50:00
27187,2019-10-16 07:50:00
27183,2019-10-15 19:50:00
27178,2019-10-15 17:50:00
27175,2019-10-15 15:50:00
27173,2019-10-15 13:50:00
27171,2019-10-15 11:50:00
27168,2019-10-15 09:50:00
27167,2019-10-15 07:50:00
27160,2019-10-14 19:50:00
27156,2019-10-14 17:50:00
27153,2019-10-14 15:50:00
27148,2019-10-14 13:50:00
27144,2019-10-14 11:50:00
27133,2019-10-14 09:50:00
27096,2019-10-13 20:25:00
27095,2019-10-13 19:25:00
27093,2019-10-13 18:25:00
27089,2019-10-13 17:25:00
27087,2019-10-13 16:25:00
27086,2019-10-13 15:25:00
27085,2019-10-13 14:25:00
27084,2019-10-13 13:25:00
27083,2019-10-13 12:25:00
27082,2019-10-13 11:25:00
27081,2019-10-13 10:25:00
27080,2019-10-13 09:25:00
27078,2019-10-13 08:25:00
27077,2019-10-13 07:25:00
27075,2019-10-12 20:25:00
27073,2019-10-12 19:25:00
27072,2019-10-12 18:25:00
27071,2019-10-12 17:25:00
27070,2019-10-12 16:25:00
27068,2019-10-12 15:25:00
27067,2019-10-12 14:25:00
27065,2019-10-12 13:25:00
27063,2019-10-12 12:25:00
27062,2019-10-12 11:25:00
27060,2019-10-12 10:25:00
27058,2019-10-12 09:25:00
27057,2019-10-12 08:25:00
27054,2019-10-12 07:25:00
27048,2019-10-11 20:25:00
27045,2019-10-11 19:25:00
27042,2019-10-11 18:25:00
27041,2019-10-11 17:25:00
27040,2019-10-11 16:25:00
27038,2019-10-11 15:25:00
27035,2019-10-11 14:25:00
27033,2019-10-11 13:25:00
27032,2019-10-11 12:25:00
27030,2019-10-11 11:25:00
27026,2019-10-11 10:25:00
27025,2019-10-11 09:25:00
27024,2019-10-11 08:25:00
27023,2019-10-11 07:25:00
27020,2019-10-10 20:25:00
27013,2019-10-10 19:25:00
27012,2019-10-10 18:25:00
27010,2019-10-10 17:25:00
27007,2019-10-10 16:25:00
27005,2019-10-10 15:25:00
27004,2019-10-10 14:25:00
27003,2019-10-10 13:25:00
27001,2019-10-10 12:25:00
26998,2019-10-10 11:25:00
26995,2019-10-10 10:25:00
26992,2019-10-10 09:25:00
26984,2019-10-10 08:25:00
26923,2019-10-09 15:10:01
26916,2019-10-09 11:09:26
26906,2019-10-07 12:25:00
26900,2019-10-07 07:25:00
26899,2019-10-06 17:25:00
26896,2019-10-06 12:25:00
26894,2019-10-06 07:25:00
26893,2019-10-05 17:25:00
26892,2019-10-05 12:25:00
26888,2019-10-05 07:25:00
26883,2019-10-04 17:25:00
26881,2019-10-04 12:25:00
26872,2019-10-04 07:25:00
26868,2019-10-03 17:25:00
26866,2019-10-03 12:25:00
26864,2019-10-03 07:25:00
26837,2019-10-01 19:50:00
26834,2019-10-01 17:50:00
26832,2019-10-01 15:50:00
26830,2019-10-01 13:50:00
26828,2019-10-01 11:50:00
26825,2019-10-01 09:50:00
26822,2019-10-01 07:50:00
26819,2019-09-30 19:50:00
26817,2019-09-30 17:50:00
26815,2019-09-30 15:50:00
26813,2019-09-30 13:50:00
26810,2019-09-30 11:50:00
26798,2019-09-30 09:50:00
26782,2019-09-28 15:30:00
26779,2019-09-28 13:30:00
26776,2019-09-28 11:30:00
26774,2019-09-28 09:30:00
26772,2019-09-28 07:30:00
26770,2019-09-27 19:30:00
26769,2019-09-27 17:30:00
26765,2019-09-27 15:30:00
26760,2019-09-27 13:30:00
26756,2019-09-27 11:30:00
26755,2019-09-27 09:30:00
26752,2019-09-27 07:30:00
26751,2019-09-26 19:30:00
26749,2019-09-26 17:30:00
26745,2019-09-26 15:30:00
26743,2019-09-26 13:30:00
26741,2019-09-26 11:30:00
26734,2019-09-26 09:30:00
26720,2019-09-26 07:30:00
26714,2019-09-25 19:30:00
26708,2019-09-25 17:30:00
26707,2019-09-25 15:30:00
26704,2019-09-25 13:30:00
26701,2019-09-25 11:30:00
26698,2019-09-25 09:30:00
26691,2019-09-25 07:30:00
26684,2019-09-24 19:30:00
26679,2019-09-24 17:30:00
26676,2019-09-24 15:30:00
26674,2019-09-24 13:30:00
26672,2019-09-24 11:30:00
26664,2019-09-24 09:30:00
26661,2019-09-24 07:30:00
26655,2019-09-23 19:30:00
26654,2019-09-23 17:30:01
26652,2019-09-23 15:30:02
26651,2019-09-23 13:30:02
26650,2019-09-23 11:30:02
26612,2019-09-23 09:30:03
26607,2019-09-23 08:55:00
26604,2019-09-23 07:25:00
26599,2019-09-22 20:55:00
26598,2019-09-22 19:25:00
26595,2019-09-22 17:55:00
26594,2019-09-22 16:25:00
26593,2019-09-22 14:55:00
26592,2019-09-22 13:25:00
26590,2019-09-22 11:55:00
26588,2019-09-22 10:25:00
26586,2019-09-22 08:55:00
26584,2019-09-22 07:25:00
26580,2019-09-21 20:55:00
26577,2019-09-21 19:25:00
26575,2019-09-21 17:55:00
26573,2019-09-21 16:25:00
26572,2019-09-21 14:55:00
26571,2019-09-21 13:25:00
26570,2019-09-21 11:55:00
26567,2019-09-21 10:25:00
26566,2019-09-21 08:55:00
26563,2019-09-21 07:25:00
26561,2019-09-20 20:55:00
26557,2019-09-20 19:25:00
26553,2019-09-20 17:55:00
26550,2019-09-20 16:25:00
26546,2019-09-20 14:55:00
26544,2019-09-20 13:25:00
26542,2019-09-20 11:55:00
26538,2019-09-20 10:25:00
26532,2019-09-20 08:55:00
26529,2019-09-20 07:25:00
26523,2019-09-19 20:55:00
26522,2019-09-19 19:25:00
26521,2019-09-19 17:55:00
26520,2019-09-19 16:25:00
26517,2019-09-19 14:55:00
26516,2019-09-19 13:25:00
26515,2019-09-19 11:55:00
26514,2019-09-19 10:25:00
26505,2019-09-19 08:55:00
26489,2019-09-19 07:25:00
26484,2019-09-18 18:25:00
26482,2019-09-18 16:55:00
26478,2019-09-18 15:25:00
26477,2019-09-18 13:55:00
26475,2019-09-18 12:25:00
26474,2019-09-18 10:55:00
26445,2019-09-18 09:25:00
26417,2019-09-17 16:35:00
26411,2019-09-17 09:35:00
26402,2019-09-16 16:35:00
26394,2019-09-16 09:35:00
26388,2019-09-15 16:35:00
26383,2019-09-15 09:35:00
26381,2019-09-14 16:35:00
26376,2019-09-14 09:35:00
26372,2019-09-13 16:35:00
26370,2019-09-13 09:35:00
26361,2019-09-12 16:35:00
26358,2019-09-12 09:35:00
26354,2019-09-11 16:35:00
26350,2019-09-11 09:35:00
26344,2019-09-10 16:35:00
26335,2019-09-10 09:35:00
26319,2019-09-09 16:35:00
26311,2019-09-09 09:35:00
26290,2019-09-08 10:20:00
26282,2019-09-07 10:20:00
26272,2019-09-06 10:20:00
26262,2019-09-05 10:05:02
26257,2019-09-04 10:05:05
26248,2019-09-03 09:14:00
26233,2019-09-01 13:48:24
26223,2019-08-13 09:20:00
26203,2019-08-03 19:10:00
26178,2019-07-26 13:30:02
26172,2019-07-25 13:30:00
26162,2019-07-24 13:30:00
26161,2019-07-23 13:30:00
26157,2019-07-22 13:30:00
26153,2019-07-21 13:30:00
26152,2019-07-20 13:30:00
26151,2019-07-19 13:30:00
26150,2019-07-18 13:30:00
26145,2019-07-17 13:30:00
26135,2019-07-16 13:30:23
26134,2019-07-15 14:30:00
26132,2019-07-15 07:30:00
26130,2019-07-14 14:30:00
26127,2019-07-14 07:30:00
26124,2019-07-13 14:30:00
26122,2019-07-13 07:30:00
26118,2019-07-12 14:30:00
26113,2019-07-12 07:30:00
26111,2019-07-11 14:30:00
26108,2019-07-11 07:30:00
26103,2019-07-10 14:30:00
26101,2019-07-10 07:30:00
26099,2019-07-09 14:30:00
26098,2019-07-09 07:30:00
26095,2019-07-08 20:28:00
26093,2019-07-08 14:30:00
26092,2019-07-08 07:30:00
26088,2019-07-07 07:30:00
26086,2019-07-06 14:30:00
26084,2019-07-05 18:26:06
26083,2019-07-05 14:30:00
26081,2019-07-05 07:30:00
26079,2019-07-04 14:30:00
26077,2019-07-04 07:30:00
26072,2019-07-03 14:30:00
26070,2019-07-03 07:30:00
26067,2019-07-02 21:30:00
26064,2019-07-02 14:30:00
26062,2019-07-02 07:30:00
26057,2019-07-01 14:30:00
26056,2019-07-01 07:30:00
26051,2019-06-30 14:30:00
26031,2019-06-30 07:30:00
26030,2019-06-29 14:30:00
26026,2019-06-29 07:30:00
26019,2019-06-28 21:30:00
26017,2019-06-28 14:30:00
26014,2019-06-28 07:30:00
26011,2019-06-27 14:30:00
26009,2019-06-27 07:30:00
25997,2019-06-26 14:30:00
25988,2019-06-26 07:30:00
25982,2019-06-25 14:30:00
25978,2019-06-25 07:30:00
25972,2019-06-24 14:30:00
25969,2019-06-24 07:30:00
25965,2019-06-23 14:30:00
25958,2019-06-23 07:30:00
25956,2019-06-22 16:30:01
25953,2019-06-22 09:30:01
25899,2019-06-20 21:15:00
25898,2019-06-20 14:15:00
25895,2019-06-20 07:15:00
25893,2019-06-19 14:15:00
25891,2019-06-19 07:15:00
25887,2019-06-18 14:15:00
25879,2019-06-18 07:15:00
25844,2019-06-17 14:15:00
25841,2019-06-17 07:15:00
25840,2019-06-16 14:15:00
25828,2019-06-16 07:15:00
25825,2019-06-15 14:15:00
25821,2019-06-15 07:15:00
25820,2019-06-14 14:15:00
25817,2019-06-14 07:15:00
25816,2019-06-13 14:15:00
25815,2019-06-13 07:15:00
25812,2019-06-12 18:15:00
25811,2019-06-12 11:15:00
25809,2019-06-12 04:15:00
25806,2019-06-11 21:15:00
25802,2019-06-11 14:15:00
25787,2019-06-11 07:15:00
25764,2019-06-09 16:15:00
25760,2019-06-09 13:15:00
25756,2019-06-09 10:15:00
25755,2019-06-09 07:15:00
25754,2019-06-08 19:15:00
25750,2019-06-08 16:15:00
25747,2019-06-08 13:15:00
25745,2019-06-08 10:15:00
25742,2019-06-08 07:15:00
25741,2019-06-07 19:15:00
25738,2019-06-07 16:15:00
25737,2019-06-07 13:15:00
25734,2019-06-07 10:15:00
25732,2019-06-07 07:15:00
25727,2019-06-06 19:15:00
25724,2019-06-06 16:15:00
25722,2019-06-06 13:15:00
25719,2019-06-06 10:15:00
25718,2019-06-06 07:15:00
25717,2019-06-05 19:15:00
25714,2019-06-05 16:15:00
25713,2019-06-05 13:15:00
25710,2019-06-05 10:15:00
25706,2019-06-05 07:15:00
25705,2019-06-04 19:15:00
25700,2019-06-04 16:15:00
25699,2019-06-04 13:15:00
25698,2019-06-04 10:15:00
25694,2019-06-04 07:15:00
25692,2019-06-03 19:15:00
25691,2019-06-03 16:15:00
25690,2019-06-03 13:15:00
25688,2019-06-03 10:15:00
25685,2019-06-03 07:15:00
25683,2019-06-02 19:15:00
25679,2019-06-02 16:15:00
25673,2019-06-02 13:15:00
25668,2019-06-02 10:15:00
25666,2019-06-02 07:15:00
25664,2019-06-01 19:15:00
25663,2019-06-01 16:15:00
25661,2019-06-01 13:15:00
25659,2019-06-01 10:15:00
25654,2019-06-01 07:15:00
25646,2019-05-31 19:15:00
25644,2019-05-31 16:15:00
25643,2019-05-31 13:15:00
25639,2019-05-31 10:15:00
25636,2019-05-31 07:15:00
25631,2019-05-30 19:15:00
25630,2019-05-30 16:15:00
25628,2019-05-30 13:15:00
25627,2019-05-30 10:15:00
25626,2019-05-30 07:15:00
25619,2019-05-29 13:05:00
25556,2019-05-29 07:05:00
25552,2019-05-28 19:05:00
25546,2019-05-28 13:05:00
25534,2019-05-28 07:05:00
25531,2019-05-27 19:05:00
25530,2019-05-27 15:10:00
25525,2019-05-27 07:05:00
25523,2019-05-26 19:05:00
25521,2019-05-26 13:05:00
25520,2019-05-26 07:05:00
25518,2019-05-25 19:05:00
25515,2019-05-25 13:05:00
25512,2019-05-25 07:05:00
25510,2019-05-24 15:05:03
25504,2019-05-24 09:05:02
25476,2019-05-23 07:55:00
25472,2019-05-22 19:55:00
25466,2019-05-22 13:55:00
25463,2019-05-22 07:55:00
25462,2019-05-21 19:55:00
25461,2019-05-21 13:55:00
25451,2019-05-21 07:55:00
25447,2019-05-20 19:55:00
25445,2019-05-20 13:55:00
25440,2019-05-20 07:55:00
25439,2019-05-19 19:55:00
25437,2019-05-19 13:55:00
25436,2019-05-19 07:55:00
25434,2019-05-18 19:55:00
25433,2019-05-18 13:55:00
25429,2019-05-18 07:55:00
25422,2019-05-17 19:55:00
25418,2019-05-17 13:55:00
25414,2019-05-17 07:55:00
25413,2019-05-16 19:55:00
25411,2019-05-16 13:55:00
25404,2019-05-16 07:55:00
25396,2019-05-15 15:55:00
25391,2019-05-15 09:55:00
25361,2019-05-14 19:50:00
25360,2019-05-14 13:50:00
25354,2019-05-14 07:50:00
25351,2019-05-13 19:50:00
25350,2019-05-13 13:50:00
25343,2019-05-13 07:50:00
25342,2019-05-12 19:50:00
25340,2019-05-12 13:50:00
25333,2019-05-12 07:50:00
25330,2019-05-11 19:50:00
25327,2019-05-11 13:50:00
25322,2019-05-11 07:50:00
25320,2019-05-10 19:50:00
25316,2019-05-10 13:50:00
25314,2019-05-10 07:50:00
25310,2019-05-09 19:50:00
25307,2019-05-09 13:50:00
25305,2019-05-09 07:50:00
25303,2019-05-08 19:50:00
25301,2019-05-08 13:50:00
25299,2019-05-08 07:50:00
25296,2019-05-07 19:50:00
25294,2019-05-07 13:50:00
25290,2019-05-07 07:50:00
25288,2019-05-06 19:50:00
25286,2019-05-06 13:50:00
25284,2019-05-06 07:50:00
25283,2019-05-05 19:50:00
25280,2019-05-05 13:50:00
25279,2019-05-05 07:50:00
25270,2019-05-04 16:15:00
25267,2019-05-04 13:15:00
25264,2019-05-04 10:15:00
25263,2019-05-04 07:15:00
25260,2019-05-03 19:15:00
25258,2019-05-03 16:15:00
25257,2019-05-03 13:15:00
25254,2019-05-03 10:15:00
25253,2019-05-03 07:15:00
25247,2019-05-02 19:15:00
25242,2019-05-02 13:15:00
25239,2019-05-02 10:15:00
25237,2019-05-02 07:15:00
25235,2019-05-01 19:15:00
25234,2019-05-01 16:15:00
25233,2019-05-01 13:15:00
25231,2019-05-01 10:15:00
25230,2019-05-01 07:15:00
25229,2019-04-30 19:15:00
25227,2019-04-30 16:15:00
25226,2019-04-30 13:15:00
25225,2019-04-30 10:15:00
25222,2019-04-30 07:15:00
25220,2019-04-29 19:15:00
25219,2019-04-29 16:15:00
25218,2019-04-29 13:15:00
25217,2019-04-29 10:15:00
25212,2019-04-29 07:15:00
25207,2019-04-28 19:15:00
25204,2019-04-28 16:15:00
25203,2019-04-28 13:15:00
25202,2019-04-28 10:15:00
25194,2019-04-28 07:15:00
25192,2019-04-27 19:15:00
25190,2019-04-27 16:15:00
25187,2019-04-27 13:15:00
25185,2019-04-27 10:15:00
25184,2019-04-27 07:15:00
25183,2019-04-26 19:15:00
25182,2019-04-26 16:15:00
25179,2019-04-26 13:15:00
25174,2019-04-26 10:15:00
25168,2019-04-26 07:15:00
25165,2019-04-25 19:15:00
25164,2019-04-25 16:15:00
25163,2019-04-25 13:15:00
25161,2019-04-25 10:15:00
25159,2019-04-25 07:15:00
25156,2019-04-24 19:15:00
25154,2019-04-24 16:15:00
25152,2019-04-24 13:15:00
25150,2019-04-24 10:15:00
25146,2019-04-24 07:15:00
25144,2019-04-23 19:15:00
25142,2019-04-23 16:15:00
25131,2019-04-23 13:15:00
25120,2019-04-23 10:15:00
25119,2019-04-23 07:15:00
25115,2019-04-22 19:15:00
25114,2019-04-22 16:15:00
25113,2019-04-22 13:15:00
25109,2019-04-22 10:15:00
25108,2019-04-22 07:15:00
25106,2019-04-21 18:15:00
25105,2019-04-21 15:15:00
25104,2019-04-21 12:15:00
25063,2019-04-21 09:15:00
25032,2019-04-20 19:15:00
25031,2019-04-20 15:15:00
25029,2019-04-20 11:15:00
25026,2019-04-20 07:15:00
25021,2019-04-19 19:15:00
25020,2019-04-19 15:15:00
25014,2019-04-19 11:15:00
25009,2019-04-19 07:15:00
25007,2019-04-18 23:15:00
25004,2019-04-18 19:15:00
25002,2019-04-18 15:15:00
24998,2019-04-18 11:15:00
24993,2019-04-18 07:15:00
24990,2019-04-17 19:15:00
24987,2019-04-17 15:15:00
24983,2019-04-17 11:15:00
24976,2019-04-17 07:15:00
24973,2019-04-16 19:15:00
24972,2019-04-16 15:15:00
24968,2019-04-16 11:15:00
24967,2019-04-16 07:15:00
24965,2019-04-15 19:15:00
24962,2019-04-15 15:15:01
24959,2019-04-15 11:15:00
24954,2019-04-15 07:15:00
24925,2019-04-14 19:15:00
24923,2019-04-14 15:15:00
24922,2019-04-14 11:15:00
24919,2019-04-14 07:15:00
24918,2019-04-13 19:15:00
24914,2019-04-13 15:15:00
24913,2019-04-13 11:15:00
24909,2019-04-13 07:15:00
24908,2019-04-12 17:15:01
24906,2019-04-12 13:15:00
24893,2019-04-12 09:15:03
24876,2019-04-09 17:15:00
24872,2019-04-09 13:15:00
24864,2019-04-09 09:15:00
24858,2019-04-08 17:15:00
24855,2019-04-08 13:15:00
24852,2019-04-08 09:15:00
24848,2019-04-07 17:15:00
24847,2019-04-07 13:15:00
24845,2019-04-07 09:15:00
24831,2019-04-06 17:15:00
24828,2019-04-06 13:15:00
24826,2019-04-06 09:15:00
24819,2019-04-05 17:15:00
24812,2019-04-05 13:15:00
24800,2019-04-05 09:15:00
24793,2019-04-04 17:15:00
24786,2019-04-04 13:15:00
24779,2019-04-04 09:15:00
24777,2019-04-03 17:15:02
24775,2019-04-03 13:15:00
24773,2019-04-03 09:15:00
24766,2019-04-02 17:15:00
24765,2019-04-02 13:15:02
24762,2019-04-02 09:15:03
24734,2019-04-01 14:52:51
24719,2019-03-31 11:15:00
24715,2019-03-30 16:01:24
24709,2019-03-29 16:34:52
24704,2019-03-28 17:45:00
24702,2019-03-28 16:15:00
24701,2019-03-28 14:45:00
24699,2019-03-28 13:15:00
24698,2019-03-28 11:45:00
24697,2019-03-28 10:15:00
24696,2019-03-28 08:45:00
24695,2019-03-28 07:15:00
24690,2019-03-27 20:45:00
24688,2019-03-27 19:15:00
24687,2019-03-27 17:45:00
24685,2019-03-27 16:15:01
24673,2019-03-27 14:45:00
24672,2019-03-27 13:15:00
24671,2019-03-27 11:45:00
24670,2019-03-27 10:15:00
24669,2019-03-27 08:45:00
24667,2019-03-27 07:15:00
24665,2019-03-26 20:45:00
24664,2019-03-26 19:15:00
24663,2019-03-26 17:45:00
24661,2019-03-26 16:15:00
24660,2019-03-26 14:45:00
24659,2019-03-26 13:15:00
24658,2019-03-26 11:45:00
24657,2019-03-26 10:15:00
24656,2019-03-26 08:45:00
24655,2019-03-26 07:15:00
24652,2019-03-25 20:45:00
24651,2019-03-25 19:15:00
24649,2019-03-25 17:45:00
24647,2019-03-25 16:15:00
24646,2019-03-25 14:45:00
24645,2019-03-25 13:15:00
24642,2019-03-25 11:45:00
24641,2019-03-25 10:15:00
24640,2019-03-25 08:45:00
24639,2019-03-25 07:15:00
24637,2019-03-24 20:45:00
24636,2019-03-24 19:15:00
24635,2019-03-24 17:45:00
24634,2019-03-24 16:15:00
24633,2019-03-24 14:45:00
24632,2019-03-24 13:15:00
24630,2019-03-24 11:45:00
24628,2019-03-24 10:15:00
24627,2019-03-24 08:45:00
24626,2019-03-24 07:15:00
24624,2019-03-23 20:45:00
24622,2019-03-23 19:15:00
24621,2019-03-23 17:45:00
24620,2019-03-23 16:15:00
24619,2019-03-23 14:45:00
24618,2019-03-23 13:15:00
24617,2019-03-23 11:45:00
24616,2019-03-23 10:15:00
24614,2019-03-23 08:45:00
24613,2019-03-23 07:15:00
24612,2019-03-22 20:45:00
24611,2019-03-22 19:15:00
24610,2019-03-22 17:45:00
24609,2019-03-22 16:15:00
24608,2019-03-22 14:45:00
24606,2019-03-22 13:15:00
24605,2019-03-22 11:45:00
24603,2019-03-22 10:15:00
24600,2019-03-22 08:45:00
24599,2019-03-22 07:15:00
24596,2019-03-21 20:45:00
24592,2019-03-21 19:15:00
24588,2019-03-21 17:45:00
24584,2019-03-21 16:15:00
24583,2019-03-21 14:45:00
24582,2019-03-21 13:15:00
24578,2019-03-21 11:45:00
24574,2019-03-21 10:15:00
24572,2019-03-21 08:45:00
24569,2019-03-21 07:15:01
24481,2019-03-19 19:15:00
24479,2019-03-19 17:15:00
24478,2019-03-19 15:15:00
24476,2019-03-19 13:15:00
24474,2019-03-19 11:15:00
24471,2019-03-19 09:15:03
24465,2019-03-19 07:15:00
24463,2019-03-18 19:15:00
24461,2019-03-18 17:15:00
24458,2019-03-18 15:15:03
24456,2019-03-18 13:15:00
24452,2019-03-18 11:15:00
24445,2019-03-18 09:15:00
24444,2019-03-18 07:15:00
24439,2019-03-17 19:15:00
24437,2019-03-17 17:15:00
24435,2019-03-17 15:15:00
24433,2019-03-17 13:15:00
24430,2019-03-17 11:15:00
24429,2019-03-17 09:15:00
24428,2019-03-17 07:15:00
24426,2019-03-16 19:15:00
24424,2019-03-16 17:15:00
24421,2019-03-16 15:15:01
24420,2019-03-16 13:15:00
24418,2019-03-16 11:15:00
24416,2019-03-16 09:15:01
24384,2019-03-15 17:10:10
24367,2019-03-14 19:15:00
24365,2019-03-14 16:15:00
24363,2019-03-14 13:15:00
24360,2019-03-14 10:15:00
24356,2019-03-14 07:15:00
24346,2019-03-13 19:15:00
24342,2019-03-13 16:15:00
24333,2019-03-13 13:15:00
24331,2019-03-13 10:15:00
24328,2019-03-13 07:15:00
24316,2019-03-12 19:15:00
24314,2019-03-12 16:15:00
24311,2019-03-12 13:15:00
24301,2019-03-12 10:15:00
24299,2019-03-12 07:15:00
24292,2019-03-11 20:15:00
24289,2019-03-11 17:15:04
24282,2019-03-11 14:15:00
24277,2019-03-11 11:15:01
24251,2019-03-10 19:20:00
24247,2019-03-10 17:20:00
24244,2019-03-10 15:20:00
24242,2019-03-10 13:20:00
24241,2019-03-10 11:20:00
24238,2019-03-10 09:20:00
24237,2019-03-10 07:20:00
24234,2019-03-09 19:20:00
24233,2019-03-09 17:20:00
24232,2019-03-09 15:20:00
24228,2019-03-09 13:20:00
24225,2019-03-09 11:20:00
24223,2019-03-09 09:20:00
24222,2019-03-09 07:20:00
24217,2019-03-08 19:20:00
24216,2019-03-08 17:20:00
24213,2019-03-08 15:20:00
24211,2019-03-08 13:20:00
24210,2019-03-08 11:20:00
24209,2019-03-08 09:20:00
24208,2019-03-08 07:20:00
24207,2019-03-07 19:20:00
24206,2019-03-07 17:20:00
24205,2019-03-07 15:20:00
24204,2019-03-07 13:20:00
24197,2019-03-07 11:20:00
24194,2019-03-07 09:20:00
24192,2019-03-07 07:20:00
24189,2019-03-06 19:20:00
24188,2019-03-06 17:20:01
24187,2019-03-06 15:20:00
24185,2019-03-06 13:20:01
24151,2019-03-06 12:35:07
24143,2019-03-05 19:15:00
24141,2019-03-05 17:15:00
24135,2019-03-05 15:15:00
24134,2019-03-05 13:15:00
24131,2019-03-05 11:15:00
24112,2019-03-05 09:15:00
24108,2019-03-05 07:15:00
24106,2019-03-04 19:15:00
24104,2019-03-04 17:15:00
24099,2019-03-04 15:15:00
24098,2019-03-04 13:15:00
24095,2019-03-04 11:15:00
24094,2019-03-04 09:15:00
24092,2019-03-04 07:15:00
24090,2019-03-03 19:15:00
24088,2019-03-03 17:15:00
24086,2019-03-03 15:15:00
24085,2019-03-03 13:15:00
24084,2019-03-03 11:15:00
24064,2019-03-03 10:05:11
24053,2019-03-01 14:45:00
24049,2019-03-01 13:15:00
24048,2019-03-01 11:45:00
24046,2019-03-01 10:15:00
24045,2019-03-01 08:45:00
24040,2019-03-01 07:15:00
24038,2019-02-28 20:45:00
24036,2019-02-28 19:15:00
24032,2019-02-28 17:45:00
24031,2019-02-28 16:15:00
24030,2019-02-28 14:45:00
24027,2019-02-28 13:15:00
24023,2019-02-28 11:45:00
24022,2019-02-28 10:15:00
24020,2019-02-28 08:45:00
24018,2019-02-28 07:15:00
24014,2019-02-27 20:45:00
24013,2019-02-27 19:15:00
24012,2019-02-27 17:45:00
24011,2019-02-27 16:15:00
24010,2019-02-27 14:45:00
24008,2019-02-27 13:15:00
24007,2019-02-27 11:45:00
24004,2019-02-27 10:15:00
24001,2019-02-27 08:45:00
23999,2019-02-27 07:15:00
23995,2019-02-26 20:45:00
23994,2019-02-26 19:15:00
23992,2019-02-26 17:45:00
23990,2019-02-26 16:15:00
23989,2019-02-26 14:45:00
23988,2019-02-26 13:15:00
23984,2019-02-26 11:45:00
23979,2019-02-26 10:15:00
23978,2019-02-26 08:45:00
23975,2019-02-26 07:15:00
23972,2019-02-25 20:45:00
23970,2019-02-25 19:15:00
23969,2019-02-25 17:45:00
23967,2019-02-25 16:15:00
23966,2019-02-25 14:45:00
23965,2019-02-25 13:15:00
23961,2019-02-25 11:45:00
23955,2019-02-25 10:15:00
23954,2019-02-25 08:45:00
23953,2019-02-25 07:15:00
23950,2019-02-24 20:45:00
23949,2019-02-24 19:15:00
23948,2019-02-24 17:45:00
23947,2019-02-24 16:15:00
23946,2019-02-24 14:45:00
23945,2019-02-24 13:15:00
23944,2019-02-24 11:45:00
23943,2019-02-24 10:15:00
23942,2019-02-24 08:45:00
23941,2019-02-24 07:15:00
23940,2019-02-23 20:45:00
23939,2019-02-23 19:15:00
23938,2019-02-23 17:45:00
23937,2019-02-23 16:15:00
23936,2019-02-23 14:45:00
23934,2019-02-23 13:15:00
23933,2019-02-23 11:45:00
23930,2019-02-23 10:15:00
23928,2019-02-23 08:45:00
23927,2019-02-23 07:15:00
23923,2019-02-22 20:45:00
23921,2019-02-22 19:15:00
23919,2019-02-22 17:45:00
23917,2019-02-22 16:15:00
23915,2019-02-22 14:45:00
23912,2019-02-22 13:15:00
23908,2019-02-22 11:45:00
23906,2019-02-22 10:15:00
23900,2019-02-22 08:45:00
23899,2019-02-22 07:15:00
23894,2019-02-21 23:45:00
23890,2019-02-21 22:15:00
23887,2019-02-21 20:45:00
23885,2019-02-21 19:15:00
23884,2019-02-21 17:45:00
23881,2019-02-21 16:15:00
23880,2019-02-21 14:45:00
23879,2019-02-21 13:15:00
23876,2019-02-21 11:45:00
23875,2019-02-21 10:15:00
23874,2019-02-21 08:45:00
23873,2019-02-21 07:15:00
23869,2019-02-20 20:45:00
23867,2019-02-20 19:15:00
23866,2019-02-20 17:45:00
23865,2019-02-20 16:15:00
23860,2019-02-20 14:45:00
23854,2019-02-20 13:15:00
23852,2019-02-20 11:45:00
23851,2019-02-20 10:15:00
23849,2019-02-20 08:45:00
23848,2019-02-20 07:15:00
23846,2019-02-19 19:15:00
23841,2019-02-19 17:15:00
23839,2019-02-19 15:15:00
23835,2019-02-19 13:15:00
23833,2019-02-19 11:15:01
23732,2019-02-19 09:15:00
23723,2019-02-19 07:15:01
23718,2019-02-18 19:15:00
23715,2019-02-18 17:15:01
23710,2019-02-18 15:15:01
23708,2019-02-18 13:15:01
23705,2019-02-18 11:15:01
23695,2019-02-18 09:15:01
23691,2019-02-18 07:15:01
23684,2019-02-17 19:33:00
23683,2019-02-17 17:33:00
23681,2019-02-17 15:33:00
23680,2019-02-17 13:33:00
23676,2019-02-17 11:33:00
23674,2019-02-17 09:33:00
23672,2019-02-17 07:33:00
23669,2019-02-16 19:33:00
23665,2019-02-16 18:10:00
23663,2019-02-16 15:33:00
23660,2019-02-16 13:33:00
23658,2019-02-16 11:33:00
23656,2019-02-16 09:33:00
23655,2019-02-16 07:33:00
23653,2019-02-15 19:33:00
23652,2019-02-15 17:33:00
23648,2019-02-15 15:33:00
23643,2019-02-15 13:33:00
23637,2019-02-15 11:33:00
23632,2019-02-15 09:33:00
23628,2019-02-15 07:33:00
23625,2019-02-14 19:33:00
23623,2019-02-14 17:33:00
23620,2019-02-14 15:33:00
23619,2019-02-14 13:33:00
23614,2019-02-14 11:33:00
23604,2019-02-14 09:33:00
23602,2019-02-14 07:33:00
23596,2019-02-13 19:33:00
23592,2019-02-13 17:33:00
23591,2019-02-13 15:33:00
23587,2019-02-13 13:33:00
23584,2019-02-13 11:33:00
23581,2019-02-13 09:33:00
23578,2019-02-13 07:33:00
23574,2019-02-12 19:33:00
23572,2019-02-12 17:33:00
23567,2019-02-12 15:33:00
23565,2019-02-12 13:33:00
23560,2019-02-12 11:33:00
23518,2019-02-12 09:27:44
23497,2019-02-11 19:12:00
23494,2019-02-11 16:12:00
23492,2019-02-11 13:12:01
23488,2019-02-11 10:12:00
23485,2019-02-11 07:12:00
23480,2019-02-10 19:12:00
23479,2019-02-10 16:12:00
23477,2019-02-10 13:12:00
23476,2019-02-10 10:12:00
23474,2019-02-10 07:12:00
23471,2019-02-09 19:12:00
23470,2019-02-09 16:12:00
23468,2019-02-09 13:12:00
23464,2019-02-09 10:12:00
23462,2019-02-09 07:12:00
23460,2019-02-08 19:12:00
23459,2019-02-08 16:12:00
23457,2019-02-08 13:12:00
23454,2019-02-08 10:12:00
23452,2019-02-08 07:12:00
23449,2019-02-07 19:12:00
23446,2019-02-07 16:12:00
23443,2019-02-07 13:12:00
23440,2019-02-07 10:12:00
23439,2019-02-07 07:12:00
23437,2019-02-06 19:35:00
23436,2019-02-06 16:35:00
23435,2019-02-06 13:35:00
23430,2019-02-06 10:35:00
23428,2019-02-06 07:35:00
23399,2019-02-05 19:35:00
23398,2019-02-05 16:35:00
23395,2019-02-05 13:35:00
23393,2019-02-05 10:35:00
23389,2019-02-05 07:35:00
23386,2019-02-04 19:35:00
23382,2019-02-04 16:35:00
23378,2019-02-04 13:35:00
23373,2019-02-04 10:35:00
23369,2019-02-04 07:35:00
23366,2019-02-03 19:35:00
23365,2019-02-03 16:35:00
23364,2019-02-03 13:35:00
23363,2019-02-03 10:35:00
23362,2019-02-03 07:35:00
23361,2019-02-02 19:35:00
23360,2019-02-02 16:35:00
23359,2019-02-02 13:35:00
23342,2019-02-02 10:35:00
23336,2019-02-02 07:35:00
23323,2019-02-01 19:35:00
23319,2019-02-01 16:35:00
23307,2019-02-01 13:35:00
23303,2019-02-01 10:35:00
23290,2019-02-01 07:35:00
23266,2019-01-31 19:35:00
23260,2019-01-31 16:35:00
23256,2019-01-31 13:35:00
23253,2019-01-31 10:35:00
23246,2019-01-31 07:35:00
23243,2019-01-31 01:35:00
23241,2019-01-30 22:35:00
23233,2019-01-30 19:35:00
23231,2019-01-30 16:35:00
23229,2019-01-30 13:35:00
23228,2019-01-30 10:35:00
23226,2019-01-30 07:35:00
23223,2019-01-29 19:35:00
23220,2019-01-29 16:35:01
23218,2019-01-29 13:35:00
23212,2019-01-29 10:35:00
23208,2019-01-29 07:35:00
23189,2019-01-28 19:35:00
23184,2019-01-28 16:35:00
23181,2019-01-28 13:35:00
23175,2019-01-28 10:35:00
23174,2019-01-28 07:35:00
23167,2019-01-27 19:35:00
23160,2019-01-27 16:35:00
23158,2019-01-27 13:35:00
23110,2019-01-27 10:35:00
23099,2019-01-27 10:29:41
23097,2019-01-26 19:39:00
23095,2019-01-26 17:39:00
23092,2019-01-26 15:39:00
23090,2019-01-26 13:39:00
23087,2019-01-26 11:39:00
23080,2019-01-26 09:39:00
23075,2019-01-26 07:39:00
23066,2019-01-25 19:39:00
23062,2019-01-25 17:39:00
23060,2019-01-25 15:39:00
23052,2019-01-25 13:39:00
23042,2019-01-25 11:39:00
23039,2019-01-25 09:39:00
23036,2019-01-25 07:39:00
23034,2019-01-24 19:15:00
23033,2019-01-24 15:15:00
23023,2019-01-24 11:15:00
23021,2019-01-24 07:15:00
23016,2019-01-23 19:15:00
23013,2019-01-23 15:15:00
23009,2019-01-23 11:15:00
23004,2019-01-23 07:15:00
22991,2019-01-22 14:13:00
22975,2019-01-22 07:13:00
22965,2019-01-21 14:13:00
22962,2019-01-21 07:13:00
22958,2019-01-20 14:13:00
22951,2019-01-20 07:13:00
22948,2019-01-19 14:13:00
22945,2019-01-19 07:13:00
22940,2019-01-18 14:13:00
22932,2019-01-18 07:13:01
22927,2019-01-17 17:14:01
22911,2019-01-17 12:14:58
22900,2019-01-16 16:00:13
22898,2019-01-16 14:00:48
22883,2019-01-14 15:33:00
22878,2019-01-14 10:33:05
22876,2019-01-13 09:10:00
22871,2019-01-12 09:10:00
22862,2019-01-11 09:10:00
22853,2019-01-10 09:10:00
22848,2019-01-09 09:10:00
22837,2019-01-08 09:10:00
22836,2019-01-07 19:10:00
22826,2019-01-07 09:17:43
22820,2019-01-04 07:26:00
22818,2019-01-03 15:27:00
22815,2019-01-03 09:28:15
22807,2019-01-01 19:43:00
22806,2019-01-01 17:43:00
22805,2019-01-01 15:43:00
22804,2019-01-01 13:43:00
22803,2019-01-01 11:43:00
22802,2019-01-01 09:43:00
22800,2019-01-01 07:43:00
22797,2018-12-31 19:43:00
22795,2018-12-31 17:43:00
22794,2018-12-31 15:43:00
22793,2018-12-31 13:43:00
22791,2018-12-31 11:43:00
22790,2018-12-31 09:43:00
22789,2018-12-31 07:43:00
22786,2018-12-30 19:43:00
22785,2018-12-30 17:43:00
22784,2018-12-30 15:43:00
22783,2018-12-30 13:43:00
22782,2018-12-30 11:43:00
22781,2018-12-30 09:43:00
22767,2018-12-30 07:43:00
22756,2018-12-29 19:43:00
22754,2018-12-29 17:43:00
22753,2018-12-29 15:43:00
22752,2018-12-29 13:43:00
22751,2018-12-29 11:43:00
22749,2018-12-29 09:43:00
22748,2018-12-29 07:43:00
22746,2018-12-28 19:43:00
22744,2018-12-28 17:43:00
22743,2018-12-28 15:43:00
22742,2018-12-28 13:43:00
22738,2018-12-28 11:43:00
22737,2018-12-28 09:43:00
22736,2018-12-28 07:43:00
22733,2018-12-27 19:43:00
22732,2018-12-27 17:43:00
22729,2018-12-27 15:43:00
22726,2018-12-27 13:43:00
22725,2018-12-27 11:43:00
22724,2018-12-27 09:43:00
22722,2018-12-27 07:43:00
22688,2018-12-26 19:16:00
22687,2018-12-26 18:16:00
22686,2018-12-26 17:16:00
22685,2018-12-26 16:16:00
22683,2018-12-26 15:16:00
22682,2018-12-26 14:16:00
22678,2018-12-26 13:16:00
22676,2018-12-26 12:16:00
22675,2018-12-26 11:16:00
22674,2018-12-26 10:16:00
22673,2018-12-26 09:16:00
22672,2018-12-26 08:16:00
22671,2018-12-26 07:16:00
22670,2018-12-25 20:16:00
22668,2018-12-25 19:16:00
22667,2018-12-25 18:16:00
22666,2018-12-25 17:16:00
22663,2018-12-25 16:16:00
22662,2018-12-25 15:16:00
22661,2018-12-25 14:16:00
22660,2018-12-25 13:16:00
22659,2018-12-25 12:16:00
22657,2018-12-25 11:16:00
22656,2018-12-25 10:16:00
22654,2018-12-25 09:16:00
22652,2018-12-25 08:16:00
22651,2018-12-25 07:16:00
22648,2018-12-24 20:16:00
22647,2018-12-24 19:16:00
22646,2018-12-24 18:16:00
22645,2018-12-24 17:16:00
22643,2018-12-24 16:16:00
22642,2018-12-24 15:16:00
22641,2018-12-24 14:16:00
22640,2018-12-24 13:16:00
22637,2018-12-24 12:16:00
22634,2018-12-24 11:16:00
22633,2018-12-24 10:16:00
22630,2018-12-24 09:16:00
22629,2018-12-24 08:16:00
22624,2018-12-24 07:16:00
22618,2018-12-23 20:16:00
22610,2018-12-23 19:16:00
22609,2018-12-23 18:16:00
22608,2018-12-23 17:16:00
22607,2018-12-23 16:16:00
22601,2018-12-23 15:16:00
22598,2018-12-23 14:16:00
22594,2018-12-23 13:16:00
22590,2018-12-23 12:16:00
22585,2018-12-23 11:16:00
22583,2018-12-23 10:16:00
22581,2018-12-23 09:16:00
22580,2018-12-23 08:16:00
22578,2018-12-23 07:16:00
22574,2018-12-22 20:16:00
22573,2018-12-22 19:16:00
22572,2018-12-22 18:16:00
22568,2018-12-22 17:16:00
22565,2018-12-22 16:16:00
22564,2018-12-22 15:16:00
22563,2018-12-22 14:16:00
22559,2018-12-22 13:16:00
22557,2018-12-22 12:16:00
22556,2018-12-22 11:16:00
22555,2018-12-22 10:16:00
22553,2018-12-22 09:16:00
22551,2018-12-22 08:16:00
22550,2018-12-22 07:16:00
22544,2018-12-21 21:16:00
22541,2018-12-21 20:16:00
22540,2018-12-21 19:16:00
22537,2018-12-21 18:16:00
22534,2018-12-21 17:16:00
22533,2018-12-21 16:16:00
22530,2018-12-21 15:16:00
22527,2018-12-21 14:16:00
22525,2018-12-21 13:16:00
22524,2018-12-21 12:16:00
22520,2018-12-21 11:16:00
22518,2018-12-21 10:16:00
22517,2018-12-21 09:16:00
22516,2018-12-21 08:16:00
22515,2018-12-21 07:16:00
22511,2018-12-20 20:16:00
22510,2018-12-20 19:16:00
22508,2018-12-20 18:16:00
22507,2018-12-20 17:16:00
22505,2018-12-20 16:16:00
22502,2018-12-20 15:16:00
22501,2018-12-20 14:16:00
22500,2018-12-20 13:16:00
22497,2018-12-20 12:16:00
22494,2018-12-20 11:16:00
22492,2018-12-20 10:16:00
22491,2018-12-20 09:16:00
22490,2018-12-20 08:16:00
22489,2018-12-20 07:16:00
22486,2018-12-19 20:16:00
22482,2018-12-19 19:16:00
22481,2018-12-19 18:16:00
22480,2018-12-19 17:16:00
22479,2018-12-19 16:16:00
22478,2018-12-19 15:16:00
22477,2018-12-19 14:16:00
22474,2018-12-19 13:16:00
22473,2018-12-19 11:16:00
22468,2018-12-19 09:16:00
22466,2018-12-19 08:16:00
22464,2018-12-19 07:16:00
22463,2018-12-18 20:16:00
22459,2018-12-18 19:16:00
22457,2018-12-18 18:16:00
22454,2018-12-18 17:16:00
22453,2018-12-18 16:16:00
22452,2018-12-18 15:16:00
22451,2018-12-18 14:16:00
22450,2018-12-18 13:16:00
22447,2018-12-18 12:16:00
22445,2018-12-18 11:16:00
22324,2018-12-18 10:16:12
22306,2018-12-16 19:11:00
22303,2018-12-16 15:11:00
22297,2018-12-16 11:11:00
22296,2018-12-16 07:11:00
22290,2018-12-15 20:31:00
22287,2018-12-15 19:31:00
22285,2018-12-15 18:31:00
22282,2018-12-15 17:31:00
22278,2018-12-15 16:31:00
22276,2018-12-15 15:31:00
22274,2018-12-15 14:31:00
22272,2018-12-15 13:31:00
22269,2018-12-15 12:31:00
22266,2018-12-15 11:31:00
22265,2018-12-15 10:31:00
22263,2018-12-15 09:31:00
22259,2018-12-15 08:31:00
22257,2018-12-15 07:31:00
22251,2018-12-14 20:31:00
22249,2018-12-14 19:31:00
22247,2018-12-14 18:31:00
22246,2018-12-14 17:31:00
22245,2018-12-14 16:31:00
22244,2018-12-14 15:31:00
22243,2018-12-14 14:31:00
22240,2018-12-14 13:31:00
22238,2018-12-14 12:31:00
22237,2018-12-14 11:31:00
22236,2018-12-14 10:31:00
22235,2018-12-14 09:31:00
22234,2018-12-14 08:31:00
22231,2018-12-14 07:31:00
22223,2018-12-13 18:31:00
22221,2018-12-13 15:31:00
22218,2018-12-13 12:31:00
22217,2018-12-13 11:31:00
22216,2018-12-13 10:31:00
22211,2018-12-13 09:31:00
22207,2018-12-13 08:31:00
22205,2018-12-13 08:10:00
22201,2018-12-12 20:31:00
22199,2018-12-12 19:31:00
22198,2018-12-12 19:10:01
22195,2018-12-12 17:31:00
22194,2018-12-12 16:31:00
22193,2018-12-12 15:31:00
22191,2018-12-12 14:31:00
22188,2018-12-12 13:31:00
22183,2018-12-12 12:31:00
22180,2018-12-12 11:31:00
22175,2018-12-12 10:31:00
22174,2018-12-12 09:31:00
22172,2018-12-12 08:31:00
22171,2018-12-12 07:31:00
22166,2018-12-11 20:31:00
22162,2018-12-11 19:31:00
22161,2018-12-11 18:31:00
22159,2018-12-11 17:31:00
22157,2018-12-11 16:31:00
22156,2018-12-11 15:31:00
22154,2018-12-11 14:31:00
22152,2018-12-11 13:31:00
22147,2018-12-11 12:31:00
22145,2018-12-11 11:31:00
22141,2018-12-11 10:31:00
22136,2018-12-11 09:31:00
22134,2018-12-11 08:31:00
22132,2018-12-11 07:31:00
22128,2018-12-10 20:31:00
22127,2018-12-10 19:31:00
22125,2018-12-10 18:31:00
22124,2018-12-10 17:31:00
22123,2018-12-10 16:31:00
22121,2018-12-10 15:31:00
22119,2018-12-10 14:31:00
22117,2018-12-10 13:31:00
22115,2018-12-10 12:31:00
22113,2018-12-10 11:31:00
22112,2018-12-10 10:31:00
22110,2018-12-10 09:31:00
22106,2018-12-10 08:31:00
22103,2018-12-10 07:31:00
22098,2018-12-09 20:31:00
22097,2018-12-09 19:31:00
22095,2018-12-09 18:31:00
22094,2018-12-09 17:31:00
22093,2018-12-09 16:31:00
22092,2018-12-09 15:31:00
22091,2018-12-09 14:31:00
22089,2018-12-09 13:31:00
22088,2018-12-09 12:31:00
22087,2018-12-09 11:31:00
22083,2018-12-09 10:31:00
22082,2018-12-09 09:31:00
22081,2018-12-09 08:31:00
22077,2018-12-09 07:31:00
22070,2018-12-08 21:31:00
22069,2018-12-08 20:31:00
22066,2018-12-08 19:31:00
22065,2018-12-08 18:31:00
22063,2018-12-08 17:31:00
22061,2018-12-08 16:31:00
22057,2018-12-08 15:31:00
22056,2018-12-08 14:31:00
22055,2018-12-08 13:31:00
22053,2018-12-08 12:31:00
22052,2018-12-08 11:31:00
22045,2018-12-08 10:31:00
22044,2018-12-08 09:31:00
22041,2018-12-08 08:31:00
22039,2018-12-08 07:31:00
22038,2018-12-07 21:31:00
22035,2018-12-07 20:31:00
22034,2018-12-07 19:31:00
22033,2018-12-07 18:31:00
22032,2018-12-07 17:31:00
22031,2018-12-07 16:31:00
22030,2018-12-07 15:31:00
22027,2018-12-07 14:31:00
22024,2018-12-07 13:31:00
22019,2018-12-07 12:31:00
22016,2018-12-07 11:31:00
22014,2018-12-07 10:31:00
21999,2018-12-07 09:31:00
21994,2018-12-07 08:31:00
21990,2018-12-07 07:31:00
21989,2018-12-06 20:31:00
21987,2018-12-06 19:31:00
21985,2018-12-06 18:31:00
21984,2018-12-06 17:31:00
21983,2018-12-06 16:31:00
21982,2018-12-06 15:31:00
21981,2018-12-06 14:31:00
21980,2018-12-06 13:31:00
21977,2018-12-06 12:31:00
21975,2018-12-06 11:31:00
21973,2018-12-06 10:31:00
21969,2018-12-06 09:31:00
21965,2018-12-06 08:31:00
21962,2018-12-06 07:31:00
21958,2018-12-05 20:31:00
21954,2018-12-05 19:31:00
21952,2018-12-05 18:31:00
21951,2018-12-05 17:31:00
21948,2018-12-05 16:31:00
21946,2018-12-05 15:31:00
21944,2018-12-05 14:31:00
21943,2018-12-05 13:31:00
21941,2018-12-05 12:31:00
21939,2018-12-05 11:31:00
21937,2018-12-05 10:31:00
21936,2018-12-05 09:31:00
21915,2018-12-05 08:31:00
21907,2018-12-05 07:31:00
21902,2018-12-04 20:31:00
21899,2018-12-04 19:31:00
21895,2018-12-04 18:31:00
21891,2018-12-04 17:31:00
21890,2018-12-04 16:31:00
21889,2018-12-04 15:31:00
21888,2018-12-04 14:31:00
21886,2018-12-04 13:31:00
21885,2018-12-04 12:31:00
21881,2018-12-04 11:31:00
21878,2018-12-04 10:31:00
21870,2018-12-04 09:31:00
21868,2018-12-04 08:31:00
21865,2018-12-04 07:31:00
21863,2018-12-03 20:31:00
21859,2018-12-03 19:31:00
21855,2018-12-03 18:31:00
21854,2018-12-03 17:31:00
21852,2018-12-03 16:31:00
21851,2018-12-03 15:31:00
21848,2018-12-03 14:31:00
21847,2018-12-03 13:31:00
21845,2018-12-03 12:31:00
21843,2018-12-03 11:31:00
21698,2018-12-03 10:32:37
21650,2018-11-30 09:29:00
21647,2018-11-30 07:29:00
21637,2018-11-29 19:29:00
21626,2018-11-29 17:29:00
21622,2018-11-29 15:29:00
21618,2018-11-29 13:29:00
21609,2018-11-29 11:29:00
21602,2018-11-29 09:29:00
21598,2018-11-29 07:29:00
21594,2018-11-28 19:29:00
21590,2018-11-28 17:29:00
21583,2018-11-28 15:29:00
21580,2018-11-28 13:29:00
21576,2018-11-28 11:29:00
21567,2018-11-28 09:29:00
21563,2018-11-28 07:29:00
21557,2018-11-27 19:29:00
21548,2018-11-27 15:29:00
21545,2018-11-27 13:29:00
21539,2018-11-27 11:29:00
21534,2018-11-27 09:29:00
21532,2018-11-27 07:29:00
21528,2018-11-26 21:29:00
21526,2018-11-26 19:29:00
21523,2018-11-26 17:29:00
21520,2018-11-26 15:29:00
21515,2018-11-26 13:29:00
21506,2018-11-26 11:29:00
21495,2018-11-26 09:29:00
21488,2018-11-26 07:29:00
21483,2018-11-25 19:29:00
21480,2018-11-25 17:29:00
21478,2018-11-25 15:29:00
21476,2018-11-25 13:29:00
21472,2018-11-25 11:29:00
21469,2018-11-25 09:29:00
21466,2018-11-25 07:29:00
21462,2018-11-24 19:29:00
21460,2018-11-24 17:29:00
21458,2018-11-24 15:29:00
21453,2018-11-24 13:29:00
21450,2018-11-24 11:29:00
21443,2018-11-24 09:29:00
21438,2018-11-24 07:29:00
21435,2018-11-23 20:29:00
21431,2018-11-23 18:29:00
21428,2018-11-23 16:29:00
21426,2018-11-23 14:29:00
21420,2018-11-23 12:29:00
21405,2018-11-22 20:48:09
21375,2018-11-21 10:47:00
21369,2018-11-21 10:17:00
21368,2018-11-21 09:47:00
21367,2018-11-21 09:17:00
21366,2018-11-21 08:47:00
21363,2018-11-21 08:17:00
21361,2018-11-21 07:47:00
21354,2018-11-20 21:17:00
21353,2018-11-20 20:47:00
21352,2018-11-20 20:17:00
21350,2018-11-20 19:47:00
21348,2018-11-20 19:17:00
21345,2018-11-20 18:47:00
21341,2018-11-20 18:17:00
21340,2018-11-20 17:47:00
21339,2018-11-20 17:17:01
21338,2018-11-20 16:47:00
21337,2018-11-20 16:17:01
21336,2018-11-20 15:47:00
21335,2018-11-20 15:17:02
21334,2018-11-20 14:47:00
21331,2018-11-20 14:17:00
21330,2018-11-20 13:47:00
21326,2018-11-20 13:17:00
21324,2018-11-20 12:47:00
21319,2018-11-20 12:17:00
21317,2018-11-20 11:47:00
21316,2018-11-20 11:17:00
21312,2018-11-20 10:47:00
21309,2018-11-20 10:17:00
21308,2018-11-20 09:47:00
21305,2018-11-20 09:17:00
21295,2018-11-20 08:47:00
21292,2018-11-20 08:17:00
21283,2018-11-20 07:47:00
21282,2018-11-20 07:17:00
21267,2018-11-19 20:47:00
21265,2018-11-19 20:17:00
21260,2018-11-19 19:47:00
21258,2018-11-19 19:17:00
21256,2018-11-19 18:47:00
21254,2018-11-19 18:17:04
21249,2018-11-19 17:47:00
21242,2018-11-19 17:17:00
21240,2018-11-19 16:47:00
21238,2018-11-19 16:17:01
21236,2018-11-19 15:47:00
21233,2018-11-19 15:17:00
21232,2018-11-19 14:47:00
21231,2018-11-19 14:17:01
21230,2018-11-19 13:47:00
21229,2018-11-19 13:17:00
21226,2018-11-19 12:47:00
21222,2018-11-19 12:17:02
21221,2018-11-19 11:47:00
21219,2018-11-19 11:17:00
21218,2018-11-19 10:47:00
21216,2018-11-19 10:17:00
21213,2018-11-19 09:47:00
21212,2018-11-19 09:17:00
21210,2018-11-19 08:47:00
21207,2018-11-19 08:17:00
21202,2018-11-19 07:47:00
21199,2018-11-18 21:17:00
21196,2018-11-18 20:47:00
21195,2018-11-18 20:17:00
21192,2018-11-18 19:47:00
21191,2018-11-18 19:17:00
21190,2018-11-18 18:47:00
21189,2018-11-18 18:17:01
21188,2018-11-18 17:47:00
21187,2018-11-18 17:17:02
21186,2018-11-18 16:47:00
21184,2018-11-18 16:17:01
21183,2018-11-18 15:47:00
21181,2018-11-18 15:17:01
21180,2018-11-18 14:47:00
21179,2018-11-18 14:17:03
21178,2018-11-18 13:47:00
21177,2018-11-18 13:17:00
21176,2018-11-18 12:47:00
21174,2018-11-18 12:17:01
21173,2018-11-18 11:47:00
21172,2018-11-18 11:17:01
21170,2018-11-18 10:47:00
21168,2018-11-18 10:17:02
21167,2018-11-18 09:47:00
21085,2018-11-18 09:17:11
21084,2018-11-17 20:11:00
21076,2018-11-17 19:11:00
21074,2018-11-17 18:11:00
21072,2018-11-17 17:11:00
21071,2018-11-17 16:11:01
21069,2018-11-17 15:11:00
21065,2018-11-17 14:11:00
21064,2018-11-17 13:11:04
21063,2018-11-17 12:11:01
21061,2018-11-17 11:11:11
21059,2018-11-17 10:11:01
21058,2018-11-17 09:11:01
21054,2018-11-17 08:11:00
21052,2018-11-17 07:11:00
21043,2018-11-16 20:11:00
21042,2018-11-16 19:11:00
21040,2018-11-16 18:11:03
21039,2018-11-16 17:11:01
21038,2018-11-16 16:11:01
21037,2018-11-16 15:11:02
21036,2018-11-16 14:11:01
21033,2018-11-16 13:11:03
21027,2018-11-16 12:11:01
21025,2018-11-16 11:11:03
21022,2018-11-16 10:11:00
21021,2018-11-16 09:11:02
21020,2018-11-16 08:11:02
21017,2018-11-16 07:11:04
20982,2018-11-15 19:45:00
20981,2018-11-15 17:45:00
20979,2018-11-15 15:45:00
20976,2018-11-15 13:45:00
20973,2018-11-15 11:45:00
20967,2018-11-15 09:45:00
20964,2018-11-15 07:45:00
20956,2018-11-14 19:45:00
20954,2018-11-14 17:45:00
20953,2018-11-14 15:45:00
20950,2018-11-14 13:45:00
20946,2018-11-14 11:45:00
20940,2018-11-14 09:45:00
20936,2018-11-14 07:45:00
20932,2018-11-13 21:45:00
20930,2018-11-13 19:45:00
20928,2018-11-13 17:45:00
20927,2018-11-13 15:45:00
20921,2018-11-13 13:45:00
20916,2018-11-13 11:45:00
20910,2018-11-13 09:45:00
20905,2018-11-13 07:45:00
20896,2018-11-12 20:45:00
20894,2018-11-12 19:45:00
20892,2018-11-12 18:45:00
20890,2018-11-12 17:45:01
20887,2018-11-12 16:45:00
20882,2018-11-12 15:45:00
20880,2018-11-12 14:45:00
20876,2018-11-12 13:45:00
20868,2018-11-12 12:45:00
20864,2018-11-12 11:45:00
20861,2018-11-12 10:45:00
20857,2018-11-12 09:45:00
20851,2018-11-12 08:45:00
20846,2018-11-12 07:45:00
20814,2018-11-11 20:45:00
20810,2018-11-11 19:45:00
20808,2018-11-11 18:45:00
20805,2018-11-11 17:45:00
20802,2018-11-11 16:45:00
20799,2018-11-11 15:45:00
20796,2018-11-11 14:45:00
20794,2018-11-11 13:45:00
20786,2018-11-11 12:45:00
20784,2018-11-11 11:45:00
20782,2018-11-11 10:45:00
20780,2018-11-11 09:45:00
20777,2018-11-11 08:45:00
20774,2018-11-11 07:45:00
20769,2018-11-10 20:45:00
20766,2018-11-10 19:45:00
20763,2018-11-10 18:45:00
20761,2018-11-10 17:45:00
20759,2018-11-10 16:45:00
20755,2018-11-10 15:45:00
20751,2018-11-10 14:45:00
20748,2018-11-10 13:45:00
20745,2018-11-10 12:45:00
20743,2018-11-10 11:45:00
20741,2018-11-10 10:45:00
20738,2018-11-10 09:45:00
20736,2018-11-10 08:45:00
20730,2018-11-10 07:45:00
20727,2018-11-09 17:28:00
20722,2018-11-09 15:27:00
20717,2018-11-09 11:27:00
20713,2018-11-09 09:27:00
20705,2018-11-08 16:27:00
20702,2018-11-08 13:27:00
20688,2018-11-08 11:27:05
20675,2018-11-07 20:39:00
20673,2018-11-07 20:09:00
20670,2018-11-07 19:39:00
20668,2018-11-07 19:09:00
20666,2018-11-07 18:39:00
20665,2018-11-07 18:09:00
20664,2018-11-07 17:39:00
20662,2018-11-07 17:09:00
20661,2018-11-07 16:39:00
20660,2018-11-07 16:09:00
20659,2018-11-07 15:39:00
20658,2018-11-07 15:09:00
20655,2018-11-07 14:39:00
20652,2018-11-07 14:09:00
20650,2018-11-07 13:39:00
20647,2018-11-07 13:09:00
20645,2018-11-07 12:39:00
20641,2018-11-07 12:09:00
20640,2018-11-07 11:39:00
20638,2018-11-07 11:09:00
20635,2018-11-07 10:39:00
20630,2018-11-07 10:09:00
20629,2018-11-07 09:39:00
20628,2018-11-07 09:09:00
20626,2018-11-07 08:09:00
20625,2018-11-07 07:39:00
20622,2018-11-07 07:09:00
20618,2018-11-06 20:39:00
20617,2018-11-06 20:09:00
20614,2018-11-06 19:39:00
20611,2018-11-06 19:09:00
20609,2018-11-06 18:39:00
20608,2018-11-06 18:09:00
20604,2018-11-06 17:39:00
20603,2018-11-06 17:09:00
20599,2018-11-06 16:39:00
20597,2018-11-06 16:09:00
20596,2018-11-06 15:39:00
20595,2018-11-06 15:09:00
20593,2018-11-06 14:39:00
20592,2018-11-06 14:09:00
20590,2018-11-06 13:39:00
20588,2018-11-06 13:09:00
20585,2018-11-06 12:39:00
20582,2018-11-06 12:09:00
20580,2018-11-06 11:39:00
20574,2018-11-06 11:09:00
20573,2018-11-06 10:39:00
20572,2018-11-06 10:09:00
20570,2018-11-06 09:39:00
20568,2018-11-06 09:09:00
20567,2018-11-06 08:39:00
20566,2018-11-06 08:09:00
20563,2018-11-06 07:39:00
20562,2018-11-06 07:09:00
20560,2018-11-05 20:39:00
20559,2018-11-05 20:09:00
20556,2018-11-05 19:39:00
20554,2018-11-05 19:09:00
20552,2018-11-05 18:39:00
20551,2018-11-05 18:09:00
20549,2018-11-05 17:39:00
20547,2018-11-05 17:09:00
20543,2018-11-05 16:39:00
20539,2018-11-05 16:09:00
20536,2018-11-05 15:39:00
20534,2018-11-05 15:09:00
20533,2018-11-05 14:39:00
20530,2018-11-05 14:09:00
20528,2018-11-05 13:39:00
20527,2018-11-05 13:09:00
20526,2018-11-05 12:39:00
20525,2018-11-05 12:09:00
20523,2018-11-05 11:39:00
20521,2018-11-05 11:09:00
20520,2018-11-05 10:39:00
20519,2018-11-05 10:09:00
20518,2018-11-05 09:39:00
20517,2018-11-05 09:09:00
20516,2018-11-05 08:39:00
20515,2018-11-05 08:09:00
20512,2018-11-05 07:39:00
20511,2018-11-05 07:09:00
20500,2018-11-04 20:39:00
20499,2018-11-04 20:09:00
20497,2018-11-04 19:39:00
20496,2018-11-04 19:09:00
20495,2018-11-04 18:39:00
20494,2018-11-04 18:09:00
20493,2018-11-04 17:39:00
20492,2018-11-04 17:09:00
20491,2018-11-04 16:39:00
20487,2018-11-04 16:09:00
20485,2018-11-04 15:39:00
20484,2018-11-04 15:09:00
20483,2018-11-04 14:39:00
20482,2018-11-04 14:09:00
20481,2018-11-04 13:39:00
20480,2018-11-04 13:09:00
20475,2018-11-04 12:39:00
20473,2018-11-04 12:09:00
20379,2018-11-04 10:09:21
20372,2018-11-03 11:00:46
20363,2018-11-02 19:00:02
20358,2018-11-02 17:00:04
20354,2018-11-02 15:00:05
20352,2018-11-02 13:00:03
20348,2018-11-02 11:00:04
20346,2018-11-02 09:00:05
20341,2018-11-02 08:10:07
20327,2018-11-01 19:00:06
20325,2018-11-01 17:00:08
20321,2018-11-01 15:00:12
20320,2018-11-01 13:00:11
20316,2018-11-01 11:00:14
20302,2018-11-01 09:00:40
20297,2018-10-31 20:13:00
20293,2018-10-31 19:13:00
20292,2018-10-31 18:13:00
20288,2018-10-31 17:13:00
20285,2018-10-31 16:13:00
20284,2018-10-31 15:13:00
20282,2018-10-31 14:13:00
20280,2018-10-31 13:13:00
20276,2018-10-31 12:13:00
20270,2018-10-31 11:13:00
20265,2018-10-31 10:13:00
20248,2018-10-31 09:13:00
20232,2018-10-31 08:13:00
20226,2018-10-31 07:13:00
20223,2018-10-31 06:13:00
20190,2018-10-30 20:13:00
20189,2018-10-30 19:13:00
20188,2018-10-30 18:13:00
20187,2018-10-30 17:13:00
20186,2018-10-30 16:13:00
20181,2018-10-30 15:13:00
20177,2018-10-30 14:13:00
20176,2018-10-30 13:13:00
20173,2018-10-30 12:13:00
20171,2018-10-30 11:13:00
20168,2018-10-30 10:13:00
20167,2018-10-30 09:13:00
20163,2018-10-30 08:13:00
20161,2018-10-30 07:13:00
20158,2018-10-29 19:13:00
20156,2018-10-29 17:13:00
20155,2018-10-29 15:13:00
20153,2018-10-29 13:13:00
20151,2018-10-29 11:13:00
20114,2018-10-29 09:13:18
20091,2018-10-21 20:07:00
20083,2018-10-21 19:07:00
20081,2018-10-21 18:07:00
20078,2018-10-21 17:07:00
20077,2018-10-21 16:07:00
20076,2018-10-21 15:07:00
20074,2018-10-21 14:07:00
20073,2018-10-21 13:07:00
20069,2018-10-21 12:07:00
20067,2018-10-21 11:07:00
20066,2018-10-21 10:07:00
20063,2018-10-21 09:07:00
20062,2018-10-21 08:07:00
20060,2018-10-21 07:07:00
20058,2018-10-20 20:07:00
20057,2018-10-20 19:07:00
20055,2018-10-20 18:07:00
20054,2018-10-20 17:07:00
20052,2018-10-20 16:07:00
20048,2018-10-20 15:07:00
20046,2018-10-20 14:07:00
20044,2018-10-20 13:07:00
20041,2018-10-20 12:07:00
20037,2018-10-20 11:07:00
20036,2018-10-20 10:07:00
20034,2018-10-20 09:07:00
20030,2018-10-20 08:07:00
20026,2018-10-20 07:07:00
20023,2018-10-19 20:07:00
20020,2018-10-19 19:07:00
20017,2018-10-19 18:07:00
20014,2018-10-19 17:07:00
20013,2018-10-19 16:07:00
20009,2018-10-19 15:07:00
20004,2018-10-19 14:07:00
20002,2018-10-19 13:07:00
20000,2018-10-19 12:07:00
19996,2018-10-19 11:07:00
19994,2018-10-19 10:07:00
19991,2018-10-19 09:07:00
19985,2018-10-19 08:07:00
19984,2018-10-19 07:07:00
19964,2018-10-18 20:07:00
19962,2018-10-18 19:07:00
19960,2018-10-18 18:07:00
19959,2018-10-18 17:07:00
19956,2018-10-18 16:07:00
19955,2018-10-18 15:07:00
19953,2018-10-18 14:07:00
19951,2018-10-18 13:07:00
19948,2018-10-18 12:07:00
19944,2018-10-18 11:07:00
19941,2018-10-18 10:07:00
19938,2018-10-18 09:07:00
19937,2018-10-18 08:07:00
19936,2018-10-18 07:07:00
19931,2018-10-17 20:07:00
19930,2018-10-17 19:07:00
19924,2018-10-17 18:07:00
19922,2018-10-17 17:07:00
19918,2018-10-17 16:07:00
19916,2018-10-17 15:07:00
19915,2018-10-17 14:07:00
19904,2018-10-17 13:07:00
19901,2018-10-17 12:07:00
19900,2018-10-17 11:07:00
19898,2018-10-17 10:07:00
19897,2018-10-17 09:07:00
19896,2018-10-17 08:07:00
19895,2018-10-17 07:07:00
19887,2018-10-16 20:07:00
19881,2018-10-16 19:07:00
19879,2018-10-16 18:07:00
19876,2018-10-16 17:07:00
19875,2018-10-16 16:07:00
19873,2018-10-16 15:07:00
19872,2018-10-16 14:07:00
19869,2018-10-16 13:07:00
19867,2018-10-16 12:07:00
19863,2018-10-16 11:07:00
19861,2018-10-16 10:07:00
19859,2018-10-16 09:07:00
19855,2018-10-16 08:07:00
19853,2018-10-16 07:07:00
19755,2018-10-15 07:07:00
19749,2018-10-14 19:07:00
19748,2018-10-14 17:07:00
19744,2018-10-14 15:07:00
19743,2018-10-14 13:07:00
19742,2018-10-14 11:07:00
19740,2018-10-14 09:07:00
19739,2018-10-14 07:07:00
19738,2018-10-13 19:07:00
19737,2018-10-13 17:07:00
19736,2018-10-13 15:07:00
19735,2018-10-13 13:07:00
19732,2018-10-13 11:07:00
19729,2018-10-13 09:07:00
19724,2018-10-13 07:07:00
19718,2018-10-12 19:07:00
19715,2018-10-12 17:07:00
19710,2018-10-12 15:07:00
19704,2018-10-12 13:07:00
19697,2018-10-12 11:07:00
19688,2018-10-12 09:07:00
19679,2018-10-12 07:07:00
19674,2018-10-11 19:07:00
19671,2018-10-11 17:07:00
19670,2018-10-11 15:07:00
19662,2018-10-11 13:07:00
19659,2018-10-11 11:07:00
19655,2018-10-11 09:07:00
19648,2018-10-11 07:07:00
19647,2018-10-10 19:07:00
19643,2018-10-10 17:07:00
19636,2018-10-10 15:07:00
19635,2018-10-10 13:07:00
19633,2018-10-10 11:07:00
19630,2018-10-10 09:07:00
19626,2018-10-10 07:07:00
19621,2018-10-09 19:07:00
19619,2018-10-09 17:07:00
19617,2018-10-09 15:07:00
19612,2018-10-09 13:07:00
19607,2018-10-09 11:07:00
19602,2018-10-09 09:07:00
19597,2018-10-09 07:07:00
19591,2018-10-08 19:07:00
19589,2018-10-08 17:07:00
19587,2018-10-08 15:07:00
19579,2018-10-08 13:07:00
19572,2018-10-08 11:07:00
19571,2018-10-08 09:07:00
19566,2018-10-08 07:07:00
19561,2018-10-07 19:07:00
19560,2018-10-07 17:07:00
19559,2018-10-07 15:07:00
19557,2018-10-07 13:07:00
19555,2018-10-07 11:07:00
19553,2018-10-07 09:07:00
19551,2018-10-07 07:07:00
19550,2018-10-06 19:07:00
19549,2018-10-06 17:07:00
19548,2018-10-06 15:07:00
19544,2018-10-06 13:07:00
19542,2018-10-06 11:07:00
19540,2018-10-06 09:07:00
19537,2018-10-06 07:07:00
19530,2018-10-05 19:07:00
19527,2018-10-05 17:07:00
19523,2018-10-05 15:07:00
19520,2018-10-05 13:07:00
19518,2018-10-05 11:07:00
19511,2018-10-05 09:07:00
19507,2018-10-05 07:07:00
19499,2018-10-04 19:07:00
19498,2018-10-04 17:07:00
19497,2018-10-04 15:07:00
19492,2018-10-04 13:07:00
19489,2018-10-04 11:07:00
19485,2018-10-04 09:07:00
19480,2018-10-04 07:07:00
19473,2018-10-03 19:07:00
19472,2018-10-03 17:07:00
19463,2018-10-03 15:07:00
19459,2018-10-03 13:07:00
19453,2018-10-03 11:07:00
19449,2018-10-03 09:07:00
19446,2018-10-03 07:07:00
19370,2018-10-02 19:07:00
19367,2018-10-02 17:07:00
19365,2018-10-02 15:07:00
19363,2018-10-02 13:07:00
19359,2018-10-02 11:07:00
19358,2018-10-02 09:07:00
19353,2018-10-02 07:07:00
19348,2018-10-01 19:07:00
19342,2018-10-01 17:07:00
19338,2018-10-01 15:07:00
19334,2018-10-01 13:07:00
19329,2018-10-01 11:07:00
19326,2018-10-01 09:07:00
19322,2018-10-01 07:07:00
19318,2018-09-30 19:07:00
19317,2018-09-30 17:07:00
19316,2018-09-30 15:07:00
19315,2018-09-30 13:07:00
19312,2018-09-30 11:07:00
19275,2018-09-29 19:07:00
19274,2018-09-29 17:07:00
19272,2018-09-29 15:07:00
19271,2018-09-29 13:07:00
19269,2018-09-29 11:07:00
19266,2018-09-29 09:07:00
19265,2018-09-29 07:07:00
19261,2018-09-28 19:07:00
19260,2018-09-28 17:07:00
19257,2018-09-28 15:07:00
19245,2018-09-28 13:07:00
19242,2018-09-28 11:07:00
19232,2018-09-28 09:07:00
19219,2018-09-28 07:07:00
19217,2018-09-27 19:07:00
19215,2018-09-27 17:07:00
19213,2018-09-27 15:07:00
19209,2018-09-27 13:07:00
19207,2018-09-27 11:07:00
19206,2018-09-27 09:07:00
19204,2018-09-27 07:07:00
19201,2018-09-26 19:07:00
19200,2018-09-26 17:07:00
19198,2018-09-26 15:07:00
19196,2018-09-26 13:07:00
19194,2018-09-26 11:07:00
19189,2018-09-26 09:07:00
19187,2018-09-26 07:07:00
19184,2018-09-25 19:07:00
19182,2018-09-25 17:07:00
19178,2018-09-25 15:07:00
19172,2018-09-25 13:07:00
19168,2018-09-25 11:07:00
19163,2018-09-25 09:07:00
19160,2018-09-25 07:07:00
19155,2018-09-24 19:07:00
19154,2018-09-24 17:07:00
19151,2018-09-24 15:07:00
19147,2018-09-24 13:07:00
19142,2018-09-24 11:07:00
19136,2018-09-24 09:07:00
19134,2018-09-24 07:07:00
19129,2018-09-23 19:07:00
19128,2018-09-23 17:07:00
19127,2018-09-23 15:07:00
19126,2018-09-23 13:07:00
19125,2018-09-23 11:07:00
19077,2018-09-23 09:07:00
19075,2018-09-23 07:07:00
19069,2018-09-22 19:07:00
19068,2018-09-22 17:07:00
19064,2018-09-22 15:07:00
19055,2018-09-22 13:07:00
19047,2018-09-22 11:07:00
19038,2018-09-22 09:07:00
19032,2018-09-22 07:07:00
19026,2018-09-21 19:07:00
19024,2018-09-21 17:07:00
19022,2018-09-21 15:07:00
19019,2018-09-21 13:07:00
19017,2018-09-21 11:07:00
19008,2018-09-21 09:07:00
19002,2018-09-21 07:07:00
18998,2018-09-20 19:07:00
18997,2018-09-20 17:07:00
18993,2018-09-20 15:07:00
18990,2018-09-20 13:07:00
18989,2018-09-20 11:07:00
18987,2018-09-20 09:07:00
18983,2018-09-20 07:07:00
18978,2018-09-19 19:07:00
18977,2018-09-19 17:07:00
18975,2018-09-19 15:07:00
18974,2018-09-19 13:07:00
18972,2018-09-19 11:07:00
18970,2018-09-19 09:07:00
18968,2018-09-19 07:07:00
18963,2018-09-18 19:07:00
18962,2018-09-18 17:07:00
18961,2018-09-18 15:07:00
18956,2018-09-18 13:07:00
18954,2018-09-18 11:07:00
18953,2018-09-18 09:07:00
18910,2018-09-17 17:07:00
18906,2018-09-17 15:07:00
18902,2018-09-17 13:07:00
18901,2018-09-17 11:07:00
18895,2018-09-17 09:07:00
18893,2018-09-17 07:07:00
18891,2018-09-16 19:07:00
18890,2018-09-16 17:07:00
18889,2018-09-16 15:07:00
18887,2018-09-16 13:07:00
18885,2018-09-16 11:07:00
18884,2018-09-16 09:07:00
18883,2018-09-16 07:07:00
18882,2018-09-15 19:07:00
18881,2018-09-15 17:07:00
18874,2018-09-15 15:07:00
18873,2018-09-15 13:07:00
18872,2018-09-15 11:07:00
18855,2018-09-15 09:07:00
18853,2018-09-15 07:07:00
18850,2018-09-14 19:07:00
18845,2018-09-14 17:10:00
18839,2018-09-14 15:07:00
18834,2018-09-14 13:07:00
18830,2018-09-14 11:07:00
18825,2018-09-14 09:07:00
18819,2018-09-14 07:07:00
18815,2018-09-13 19:07:00
18813,2018-09-13 17:07:00
18811,2018-09-13 15:07:00
18810,2018-09-13 13:07:00
18808,2018-09-13 11:07:00
18807,2018-09-13 09:07:00
18804,2018-09-13 07:07:00
18803,2018-09-12 19:07:00
18800,2018-09-12 17:07:00
18797,2018-09-12 15:07:00
18796,2018-09-12 13:07:00
18794,2018-09-12 11:07:00
18791,2018-09-12 09:07:00
18789,2018-09-12 07:07:00
18786,2018-09-11 14:15:00
18784,2018-09-11 11:12:00
18747,2018-09-10 14:11:00
18745,2018-09-10 11:11:00
18737,2018-09-09 14:11:00
18735,2018-09-09 11:11:00
18733,2018-09-08 14:10:00
18730,2018-09-08 11:10:00
18718,2018-09-07 14:07:00
18706,2018-09-07 09:07:00
18701,2018-09-06 14:06:00
18700,2018-09-06 09:05:00
18692,2018-09-05 14:05:00
18688,2018-09-05 09:43:00
18677,2018-09-04 13:48:00
18675,2018-09-04 10:48:00
18668,2018-09-03 13:48:00
18663,2018-09-03 09:48:11
18658,2018-09-02 09:58:10
18650,2018-07-05 17:10:00
18646,2018-06-30 00:36:00
18643,2018-06-29 11:55:00
18637,2018-06-26 15:12:33
18636,2018-06-24 10:42:00
18634,2018-06-23 10:42:00
18631,2018-06-22 12:56:00
18626,2018-06-21 12:54:00
18619,2018-06-20 12:53:00
18616,2018-06-20 11:53:16
18614,2018-06-19 13:37:00
18606,2018-06-18 11:37:00
18605,2018-06-18 11:36:00
18603,2018-06-17 15:36:00
18602,2018-06-17 14:17:00
18596,2018-06-17 12:17:00
18593,2018-06-16 14:15:00
18590,2018-06-16 11:15:00
18586,2018-06-15 14:14:00
18585,2018-06-15 11:14:00
18583,2018-06-14 13:41:00
18575,2018-06-14 09:41:00
18571,2018-06-13 14:14:00
18569,2018-06-13 09:14:00
18566,2018-06-12 09:39:00
18565,2018-06-11 15:39:00
18563,2018-06-11 09:39:00
18562,2018-06-10 15:38:00
18561,2018-06-10 09:38:00
18557,2018-06-09 15:37:00
18556,2018-06-09 09:37:00
18553,2018-06-08 15:37:00
18549,2018-06-08 09:37:00
18545,2018-06-07 12:36:00
18543,2018-06-07 09:36:00
18530,2018-06-06 12:45:00
18527,2018-06-05 15:44:00
18526,2018-06-05 12:44:00
18520,2018-06-04 15:44:00
18519,2018-06-04 12:44:00
18513,2018-06-03 15:43:00
18512,2018-06-03 12:43:00
18511,2018-06-02 15:43:00
18500,2018-06-02 11:42:50
18496,2018-06-01 11:07:00
18493,2018-06-01 09:07:00
18490,2018-06-01 07:07:00
18488,2018-05-31 19:07:00
18485,2018-05-31 17:07:00
18482,2018-05-31 15:07:00
18479,2018-05-31 13:07:00
18476,2018-05-31 11:07:00
18473,2018-05-31 09:07:00
18471,2018-05-31 07:07:00
18467,2018-05-30 19:07:00
18464,2018-05-30 17:07:00
18461,2018-05-30 15:07:00
18459,2018-05-30 13:07:00
18452,2018-05-30 11:07:00
18450,2018-05-30 09:07:00
18448,2018-05-30 07:07:00
18445,2018-05-29 19:07:00
18443,2018-05-29 17:07:00
18441,2018-05-29 15:07:00
18438,2018-05-29 13:07:00
18436,2018-05-29 11:07:00
18433,2018-05-29 09:07:00
18430,2018-05-29 07:07:00
18424,2018-05-28 15:55:00
18421,2018-05-28 10:55:00
18418,2018-05-27 15:08:00
18417,2018-05-27 12:07:00
18415,2018-05-26 15:03:00
18414,2018-05-26 13:02:00
18410,2018-05-25 14:16:00
18399,2018-05-24 14:16:00
18390,2018-05-23 14:16:00
18387,2018-05-22 14:16:00
18377,2018-05-21 13:16:00
18372,2018-05-19 15:03:00
18366,2018-05-19 12:03:00
18365,2018-05-18 15:06:00
18362,2018-05-18 12:16:00
18354,2018-05-17 15:05:00
18352,2018-05-17 11:04:00
18349,2018-05-16 15:14:00
18347,2018-05-16 11:02:00
18345,2018-05-15 15:02:00
18336,2018-05-14 18:02:00
18333,2018-05-14 13:09:00
18331,2018-05-14 10:09:00
18328,2018-05-13 13:09:00
18327,2018-05-13 11:21:00
18319,2018-05-12 13:08:00
18318,2018-05-12 11:20:00
18303,2018-05-11 10:20:21
18299,2018-05-07 18:12:00
18293,2018-05-04 09:19:00
18290,2018-04-30 16:21:00
18286,2018-04-30 11:07:00
18284,2018-04-29 19:07:00
18280,2018-04-29 15:07:00
18277,2018-04-29 13:07:00
18275,2018-04-29 11:07:00
18273,2018-04-29 09:07:00
18269,2018-04-28 13:07:00
18267,2018-04-28 11:07:00
18264,2018-04-28 09:07:00
18262,2018-04-28 07:07:00
18254,2018-04-27 19:18:00
18253,2018-04-27 19:07:00
18249,2018-04-27 17:07:00
18247,2018-04-27 15:07:00
18245,2018-04-27 13:07:00
18243,2018-04-27 11:07:00
18241,2018-04-26 09:07:00
18238,2018-04-26 07:07:00
18236,2018-04-25 19:07:00
18234,2018-04-25 17:07:00
18232,2018-04-25 15:07:00
18229,2018-04-25 13:07:00
18221,2018-04-25 11:07:00
18217,2018-04-25 09:07:00
18214,2018-04-25 07:07:00
18211,2018-04-24 19:07:00
18209,2018-04-24 17:07:00
18207,2018-04-24 15:07:00
18204,2018-04-24 13:07:00
18199,2018-04-24 11:07:00
18195,2018-04-24 09:07:00
18185,2018-04-22 19:07:00
18180,2018-04-22 17:07:00
18178,2018-04-22 15:07:00
18176,2018-04-22 13:07:00
18173,2018-04-22 11:07:00
18171,2018-04-22 09:07:00
18169,2018-04-22 07:07:00
18167,2018-04-21 19:07:00
18165,2018-04-21 17:07:00
18161,2018-04-21 15:07:00
18159,2018-04-21 13:07:00
18157,2018-04-21 11:07:00
18151,2018-04-20 17:07:00
18148,2018-04-20 15:07:00
18145,2018-04-20 13:07:00
18141,2018-04-20 11:07:00
18135,2018-04-20 09:07:00
18132,2018-04-20 07:07:00
18128,2018-04-19 19:07:00
18126,2018-04-19 17:07:00
18121,2018-04-19 15:07:00
18117,2018-04-19 13:07:00
18114,2018-04-19 11:07:00
18102,2018-04-18 17:07:00
18098,2018-04-18 15:07:00
18094,2018-04-18 13:07:00
18088,2018-04-18 11:07:00
18084,2018-04-18 09:07:00
18080,2018-04-18 07:07:00
18078,2018-04-17 19:07:00
18076,2018-04-17 17:07:00
18074,2018-04-17 15:07:00
18072,2018-04-17 13:07:00
18068,2018-04-17 11:07:00
18063,2018-04-16 17:07:00
18059,2018-04-16 15:07:00
18054,2018-04-16 13:07:00
18050,2018-04-16 11:07:00
18045,2018-04-16 09:07:00
18041,2018-04-16 07:07:00
18039,2018-04-15 19:07:00
18037,2018-04-15 17:07:00
18035,2018-04-15 15:07:00
18033,2018-04-15 13:07:00
18031,2018-04-15 11:07:00
18029,2018-04-15 09:07:00
18027,2018-04-15 07:07:00
18024,2018-04-14 19:07:00
18022,2018-04-14 17:07:00
18020,2018-04-14 15:07:00
18016,2018-04-14 13:07:00
18014,2018-04-14 11:07:00
18012,2018-04-14 09:07:00
18008,2018-04-14 07:07:00
18004,2018-04-13 13:10:00
18002,2018-04-13 12:09:33
17999,2018-04-13 07:07:00
17993,2018-04-12 19:07:00
17990,2018-04-12 17:07:00
17988,2018-04-12 15:07:00
17985,2018-04-12 13:07:00
17980,2018-04-12 11:07:00
17978,2018-04-12 10:44:00
17972,2018-04-12 09:07:00
17970,2018-04-12 07:07:00
17965,2018-04-11 15:07:00
17960,2018-04-11 13:07:00
17958,2018-04-11 11:07:00
17954,2018-04-11 09:07:00
17949,2018-04-11 07:07:00
17946,2018-04-10 11:07:00
17937,2018-04-09 11:07:00
17933,2018-04-08 09:30:00
17932,2018-04-07 13:07:00
17929,2018-04-07 11:07:00
17927,2018-04-07 09:07:00
17924,2018-04-07 07:07:00
17920,2018-04-06 19:07:00
17919,2018-04-06 17:07:00
17918,2018-04-06 15:07:00
17915,2018-04-06 13:07:00
17913,2018-04-06 11:07:00
17906,2018-04-06 10:37:19
17900,2018-04-06 09:07:00
17898,2018-04-06 07:07:00
17893,2018-04-05 19:07:00
17892,2018-04-05 17:07:00
17891,2018-04-05 15:07:00
17889,2018-04-05 13:07:00
17884,2018-04-05 11:07:00
17879,2018-04-05 09:07:00
17876,2018-04-05 07:07:00
17874,2018-04-04 19:07:00
17873,2018-04-04 17:07:00
17872,2018-04-04 15:07:00
17871,2018-04-04 13:07:00
17867,2018-04-04 11:07:00
17856,2018-04-04 09:07:00
17854,2018-04-04 07:07:00
17853,2018-04-03 16:43:00
17848,2018-04-03 13:43:00
17844,2018-04-03 11:42:00
17825,2018-04-02 13:42:00
17821,2018-04-02 10:51:00
17809,2018-04-01 13:33:00
17808,2018-04-01 11:33:00
17805,2018-03-31 13:01:00
17804,2018-03-31 11:12:00
17802,2018-03-30 13:01:00
17799,2018-03-30 10:29:00
17796,2018-03-29 13:00:10
17795,2018-03-29 10:30:00
17784,2018-03-28 10:29:00
17780,2018-03-27 16:40:00
17779,2018-03-27 13:40:00
17778,2018-03-27 10:40:00
17775,2018-03-26 16:40:00
17773,2018-03-26 13:38:00
17772,2018-03-26 10:38:00
17769,2018-03-25 16:57:00
17768,2018-03-25 13:56:00
17763,2018-03-25 10:56:00
17762,2018-03-24 16:55:00
17758,2018-03-24 13:37:00
17751,2018-03-24 10:37:00
17750,2018-03-23 16:55:00
17747,2018-03-23 13:36:00
17745,2018-03-23 10:36:00
17727,2018-03-22 13:36:00
17726,2018-03-22 10:52:00
17720,2018-03-21 13:51:00
17718,2018-03-21 10:51:00
17702,2018-03-20 13:51:00
17698,2018-03-20 11:39:00
17688,2018-03-19 15:50:00
17686,2018-03-19 11:24:00
17682,2018-03-18 15:24:00
17681,2018-03-18 12:23:00
17678,2018-03-17 15:23:00
17663,2018-03-16 16:43:00
17656,2018-03-16 09:07:00
17653,2018-03-15 17:07:00
17651,2018-03-15 15:07:00
17650,2018-03-15 13:07:00
17647,2018-03-15 11:07:00
17640,2018-03-15 09:07:00
17639,2018-03-15 07:07:00
17637,2018-03-14 19:07:00
17635,2018-03-14 17:07:00
17633,2018-03-14 15:07:00
17631,2018-03-14 13:07:00
17628,2018-03-14 11:07:00
17618,2018-03-14 09:07:00
17616,2018-03-14 07:07:00
17612,2018-03-13 19:07:00
17611,2018-03-13 17:07:00
17609,2018-03-13 16:10:00
17606,2018-03-13 13:07:00
17595,2018-03-13 11:56:00
17588,2018-03-12 19:10:00
17585,2018-03-12 15:22:00
17582,2018-03-12 10:58:20
17575,2018-03-11 15:20:00
17573,2018-03-11 12:20:00
17572,2018-03-10 15:42:00
17568,2018-03-10 11:21:00
17561,2018-03-09 11:21:00
17555,2018-03-08 13:22:00
17553,2018-03-08 10:22:00
17551,2018-03-07 19:21:00
17550,2018-03-07 16:20:00
17546,2018-03-07 13:20:00
17540,2018-03-07 10:19:57
17536,2018-03-06 17:52:34
17533,2018-03-06 13:33:00
17530,2018-03-06 11:11:00
17524,2018-03-05 12:10:00
17516,2018-03-04 15:07:00
17515,2018-03-04 13:07:00
17512,2018-03-04 11:07:00
17506,2018-03-04 07:07:00
17504,2018-03-03 19:07:00
17503,2018-03-03 17:07:00
17502,2018-03-03 15:07:00
17499,2018-03-03 13:07:00
17497,2018-03-03 11:07:00
17486,2018-03-03 09:07:00
17485,2018-03-03 07:07:00
17483,2018-03-02 19:07:00
17480,2018-03-02 17:07:00
17479,2018-03-02 15:07:00
17478,2018-03-02 13:09:00
17473,2018-03-02 11:07:00
17467,2018-03-02 09:07:00
17466,2018-03-02 07:07:00
17463,2018-03-01 19:07:00
17461,2018-03-01 17:07:00
17459,2018-03-01 15:07:00
17457,2018-03-01 13:07:00
17455,2018-03-01 11:07:00
17446,2018-03-01 09:07:00
17444,2018-03-01 07:07:00
17443,2018-02-28 19:07:00
17441,2018-02-28 17:07:00
17440,2018-02-28 15:07:00
17438,2018-02-28 13:07:00
17435,2018-02-28 11:07:00
17427,2018-02-28 09:07:00
17420,2018-02-27 19:07:00
17417,2018-02-27 15:07:00
17414,2018-02-27 13:07:00
17413,2018-02-27 11:07:00
17405,2018-02-27 09:07:00
17403,2018-02-27 07:07:00
17400,2018-02-26 19:07:00
17398,2018-02-26 17:07:00
17397,2018-02-26 15:07:00
17396,2018-02-26 13:07:00
17395,2018-02-26 11:07:00
17384,2018-02-26 09:07:00
17382,2018-02-26 07:07:00
17380,2018-02-25 19:07:00
17374,2018-02-25 17:07:00
17369,2018-02-25 15:07:00
17368,2018-02-25 13:07:00
17366,2018-02-25 11:07:00
17363,2018-02-25 09:07:00
17362,2018-02-25 07:07:00
17358,2018-02-24 19:07:00
17357,2018-02-24 17:07:00
17356,2018-02-24 15:07:00
17355,2018-02-24 13:07:00
17353,2018-02-24 11:07:00
17350,2018-02-24 09:07:00
17337,2018-02-24 07:07:00
17321,2018-02-23 19:07:00
17320,2018-02-23 17:07:00
17319,2018-02-23 15:07:00
17316,2018-02-23 13:07:00
17312,2018-02-23 11:07:00
17301,2018-02-23 09:07:00
17300,2018-02-23 07:07:00
17298,2018-02-22 19:07:00
17297,2018-02-22 17:07:00
17295,2018-02-22 15:07:00
17294,2018-02-22 13:07:00
17288,2018-02-22 11:07:00
17274,2018-02-22 09:07:00
17273,2018-02-22 07:07:00
17269,2018-02-21 19:20:00
17267,2018-02-21 17:07:00
17263,2018-02-21 15:07:00
17260,2018-02-21 13:07:00
17258,2018-02-21 11:07:00
17242,2018-02-21 09:07:00
17239,2018-02-21 07:07:00
17236,2018-02-20 19:07:00
17235,2018-02-20 17:07:00
17233,2018-02-20 15:07:00
17230,2018-02-20 13:07:00
17228,2018-02-20 11:07:00
17227,2018-02-20 09:07:00
17217,2018-02-20 07:07:00
17212,2018-02-19 19:07:00
17209,2018-02-19 17:07:00
17208,2018-02-19 15:07:00
17206,2018-02-19 13:07:00
17203,2018-02-19 11:07:00
17197,2018-02-19 09:07:00
17191,2018-02-19 07:07:00
17185,2018-02-18 19:07:00
17184,2018-02-18 17:07:00
17182,2018-02-18 15:07:00
17181,2018-02-18 13:07:00
17180,2018-02-18 11:07:00
17178,2018-02-18 09:07:00
17169,2018-02-18 07:07:00
17168,2018-02-17 19:07:00
17167,2018-02-17 17:07:00
17165,2018-02-17 15:07:00
17164,2018-02-17 13:07:00
17162,2018-02-17 11:07:00
17159,2018-02-17 09:07:00
17151,2018-02-17 07:07:00
17149,2018-02-16 19:07:00
17146,2018-02-16 17:07:01
17145,2018-02-16 15:07:02
17143,2018-02-16 13:07:05
17141,2018-02-16 11:07:00
17134,2018-02-16 09:07:00
17133,2018-02-16 07:07:00
17129,2018-02-15 19:07:00
17128,2018-02-15 17:07:00
17127,2018-02-15 15:07:00
17125,2018-02-15 13:07:00
17122,2018-02-15 11:07:00
17119,2018-02-15 09:07:00
17112,2018-02-15 07:07:00
17110,2018-02-14 19:07:00
17108,2018-02-14 17:07:01
17107,2018-02-14 15:07:00
17106,2018-02-14 13:07:00
17092,2018-02-14 11:07:00
17084,2018-02-14 08:31:08
17081,2018-02-13 16:06:00
17079,2018-02-13 13:40:00
17077,2018-02-13 11:17:00
17058,2018-02-12 19:07:00
17057,2018-02-12 17:07:00
17056,2018-02-12 15:07:00
17052,2018-02-12 13:07:00
17046,2018-02-12 11:07:00
17045,2018-02-12 09:07:00
17043,2018-02-12 07:07:00
17042,2018-02-11 19:07:00
17040,2018-02-11 17:07:00
17039,2018-02-11 15:07:01
17037,2018-02-11 13:07:00
17035,2018-02-11 11:07:00
17021,2018-02-10 21:15:00
17020,2018-02-10 19:12:00
17016,2018-02-10 17:10:00
17015,2018-02-10 15:13:00
17010,2018-02-10 13:09:30
17007,2018-02-09 19:07:00
17006,2018-02-09 17:07:00
17004,2018-02-09 15:07:00
17002,2018-02-09 13:07:00
17000,2018-02-09 11:07:00
16991,2018-02-09 10:05:19
16985,2018-02-08 18:22:37
16977,2018-02-07 21:10:00
16975,2018-02-07 19:10:00
16974,2018-02-07 17:10:00
16973,2018-02-07 15:10:00
16971,2018-02-07 13:10:00
16969,2018-02-07 11:07:00
16965,2018-02-07 09:07:00
16964,2018-02-07 07:07:00
16958,2018-02-06 19:07:00
16956,2018-02-06 17:07:00
16955,2018-02-06 15:07:00
16953,2018-02-06 13:07:00
16951,2018-02-06 11:07:00
16947,2018-02-06 09:07:00
16946,2018-02-06 07:07:00
16942,2018-02-05 19:07:00
16941,2018-02-05 17:07:00
16939,2018-02-05 15:07:00
16936,2018-02-05 13:07:00
16933,2018-02-05 11:07:00
16932,2018-02-05 09:07:00
16930,2018-02-05 07:07:00
16927,2018-02-04 19:07:00
16926,2018-02-04 17:07:00
16925,2018-02-04 15:07:00
16924,2018-02-04 13:07:00
16923,2018-02-04 11:07:00
16922,2018-02-04 09:07:00
16921,2018-02-04 07:07:00
16918,2018-02-03 19:07:00
16916,2018-02-03 17:07:00
16911,2018-02-03 15:07:00
16910,2018-02-03 13:07:00
16906,2018-02-03 11:07:00
16904,2018-02-03 09:07:00
16902,2018-02-03 07:07:00
16901,2018-02-02 19:07:00
16899,2018-02-02 17:07:00
16897,2018-02-02 15:07:00
16895,2018-02-02 13:07:00
16891,2018-02-02 11:07:00
16852,2018-02-02 10:39:00
16849,2018-02-02 07:07:00
16841,2018-02-01 19:07:00
16839,2018-02-01 17:07:00
16837,2018-02-01 15:07:00
16835,2018-02-01 13:07:00
16833,2018-02-01 11:07:00
16829,2018-02-01 09:07:00
16826,2018-02-01 07:07:00
16825,2018-01-31 19:07:00
16823,2018-01-31 17:07:00
16820,2018-01-31 15:07:00
16817,2018-01-31 13:07:00
16798,2018-01-31 11:09:07
16785,2018-01-30 22:40:00
16784,2018-01-30 22:10:00
16782,2018-01-30 21:40:00
16780,2018-01-30 21:10:00
16775,2018-01-30 20:10:00
16774,2018-01-30 19:10:00
16773,2018-01-30 18:10:00
16772,2018-01-30 17:10:00
16770,2018-01-30 16:10:00
16768,2018-01-30 15:10:00
16762,2018-01-30 14:10:00
16761,2018-01-30 13:10:00
16759,2018-01-30 12:10:00
16756,2018-01-30 11:10:00
16754,2018-01-30 10:10:00
16753,2018-01-30 09:10:01
16738,2018-01-30 08:40:01
16731,2018-01-30 08:35:53
16719,2018-01-29 07:07:00
16715,2018-01-28 19:07:00
16714,2018-01-28 17:07:00
16712,2018-01-28 15:07:00
16711,2018-01-28 13:07:00
16710,2018-01-28 11:07:00
16709,2018-01-28 09:07:00
16708,2018-01-28 07:07:00
16705,2018-01-27 19:07:00
16703,2018-01-27 17:07:00
16700,2018-01-27 15:07:00
16698,2018-01-27 13:07:00
16695,2018-01-27 11:07:00
16694,2018-01-27 09:07:00
16692,2018-01-27 07:07:00
16689,2018-01-26 19:07:00
16686,2018-01-26 17:07:00
16685,2018-01-26 15:07:00
16680,2018-01-26 13:07:00
16678,2018-01-26 11:07:00
16676,2018-01-26 09:07:00
16674,2018-01-26 07:07:00
16669,2018-01-25 19:07:00
16667,2018-01-25 17:07:00
16666,2018-01-25 15:07:00
16665,2018-01-25 13:07:00
16661,2018-01-25 11:07:00
16658,2018-01-25 09:07:00
16654,2018-01-25 07:07:00
16653,2018-01-24 19:07:00
16652,2018-01-24 17:07:00
16651,2018-01-24 15:07:00
16650,2018-01-24 13:07:00
16643,2018-01-24 11:07:00
16639,2018-01-24 09:07:00
16635,2018-01-24 07:07:00
16632,2018-01-23 19:07:00
16631,2018-01-23 17:07:00
16630,2018-01-23 15:07:00
16627,2018-01-23 13:07:00
16586,2018-01-23 12:40:25
16575,2018-01-20 16:10:00
16572,2018-01-20 13:10:00
16569,2018-01-20 10:10:00
16564,2018-01-19 19:09:00
16560,2018-01-19 16:07:00
16552,2018-01-19 09:12:00
16546,2018-01-18 16:11:00
16544,2018-01-18 13:11:00
16538,2018-01-18 09:11:00
16532,2018-01-17 16:11:00
16530,2018-01-17 13:10:00
16525,2018-01-17 09:10:00
16519,2018-01-16 23:56:49
16516,2018-01-16 18:00:07
16514,2018-01-16 13:00:11
16496,2018-01-16 07:00:02
16482,2018-01-13 10:01:33
16481,2018-01-13 10:01:04
16480,2018-01-13 10:00:48
16479,2018-01-13 10:00:36
16478,2018-01-13 10:00:00
16477,2018-01-13 09:59:39
16476,2018-01-13 09:59:25
16475,2018-01-13 09:59:07
16474,2018-01-13 09:58:38
16473,2018-01-13 09:58:13
16472,2018-01-13 09:57:18
16471,2018-01-13 09:57:07
16449,2018-01-11 06:26:40
16448,2018-01-11 06:25:30
16447,2018-01-11 06:23:56
16446,2018-01-11 06:23:33
16445,2018-01-11 06:23:20
16444,2018-01-11 06:23:04
16439,2018-01-10 19:51:00
16438,2018-01-10 17:50:00
16435,2018-01-10 15:50:00
16434,2018-01-10 13:50:00
16433,2018-01-10 11:49:00
16427,2018-01-10 09:49:39
16415,2018-01-08 18:28:47
16410,2018-01-03 23:28:39
16408,2017-12-30 09:03:00
16407,2017-12-30 07:02:00
16402,2017-12-28 15:44:00
16401,2017-12-28 13:44:00
16399,2017-12-28 11:44:00
16398,2017-12-28 09:43:00
16396,2017-12-27 19:43:00
16394,2017-12-27 17:01:00
16393,2017-12-27 15:01:00
16385,2017-12-27 13:00:04
16382,2017-12-27 11:00:04
16381,2017-12-27 09:00:05
16376,2017-12-26 19:59:00
16375,2017-12-26 17:59:00
16372,2017-12-26 15:59:00
16363,2017-12-26 12:58:56
16348,2017-12-21 17:20:00
16347,2017-12-21 17:00:13
16346,2017-12-21 16:30:03
16345,2017-12-21 16:00:12
16344,2017-12-21 15:37:00
16340,2017-12-21 12:07:00
16334,2017-12-21 09:20:00
16333,2017-12-21 09:09:00
16332,2017-12-21 08:10:00
16331,2017-12-21 08:07:00
16329,2017-12-21 07:07:00
16326,2017-12-21 06:06:00
16324,2017-12-21 02:07:00
16323,2017-12-21 01:07:00
16315,2017-12-20 20:30:00
16311,2017-12-20 20:15:00
16309,2017-12-20 20:06:00
16307,2017-12-20 19:30:00
16305,2017-12-20 18:30:00
16304,2017-12-20 18:06:00
16303,2017-12-20 17:06:00
16302,2017-12-20 17:05:00
16301,2017-12-20 16:15:00
16300,2017-12-20 16:06:00
16293,2017-12-20 13:30:04
16280,2017-12-20 10:45:00
16274,2017-12-20 06:05:00
16273,2017-12-20 05:06:00
16272,2017-12-20 03:05:00
16271,2017-12-20 02:10:00
16269,2017-12-20 01:45:00
16268,2017-12-20 00:45:00
16266,2017-12-20 00:04:00
16265,2017-12-19 23:50:00
16264,2017-12-19 23:40:00
16263,2017-12-19 23:30:00
16261,2017-12-19 23:10:00
16259,2017-12-19 23:02:00
16258,2017-12-19 22:50:00
16257,2017-12-19 22:45:00
16256,2017-12-19 22:40:00
16254,2017-12-19 22:20:00
16253,2017-12-19 22:10:00
16252,2017-12-19 22:00:00
16248,2017-12-19 20:50:00
16247,2017-12-19 20:40:00
16246,2017-12-19 20:30:02
16245,2017-12-19 20:20:00
16242,2017-12-19 20:00:05
16238,2017-12-19 19:20:00
16217,2017-12-19 19:04:31
16216,2017-12-19 19:04:29
16215,2017-12-19 19:04:22
16214,2017-12-19 19:04:18
16213,2017-12-19 19:04:16
16206,2017-12-19 19:02:37
16193,2017-12-19 18:46:12
16192,2017-12-19 18:46:07
16191,2017-12-19 18:46:04
16189,2017-12-19 18:45:59
16188,2017-12-19 18:45:55
16187,2017-12-19 18:45:53
16186,2017-12-19 18:45:50
16185,2017-12-19 18:45:48
16184,2017-12-19 18:45:46
16183,2017-12-19 18:45:44
16182,2017-12-19 18:45:40
16181,2017-12-19 18:45:38
16180,2017-12-19 18:45:35
16179,2017-12-19 18:45:32
16178,2017-12-19 18:45:17
16176,2017-12-19 18:45:04
16175,2017-12-19 18:45:00
16174,2017-12-19 18:44:55
16173,2017-12-19 18:44:53
16172,2017-12-19 18:44:49
16171,2017-12-19 18:44:47
16170,2017-12-19 18:44:44
16169,2017-12-19 18:44:42
16168,2017-12-19 18:44:40
16167,2017-12-19 18:44:37
16166,2017-12-19 18:44:34
16165,2017-12-19 18:44:30
16163,2017-12-19 18:44:00
16159,2017-12-19 18:43:12
16158,2017-12-19 18:41:49
16156,2017-12-19 18:40:41
16155,2017-12-19 18:40:37
16154,2017-12-19 18:40:28
16153,2017-12-19 18:40:25
16152,2017-12-19 18:40:22
16151,2017-12-19 18:40:07
16138,2017-12-17 21:07:00
16133,2017-12-17 19:07:00
16131,2017-12-17 17:07:00
16129,2017-12-17 15:07:00
16127,2017-12-17 13:07:00
16125,2017-12-17 11:07:00
16123,2017-12-17 10:36:25
16122,2017-12-17 05:07:00
16119,2017-12-16 21:07:00
16116,2017-12-16 19:07:00
16114,2017-12-16 17:07:00
16110,2017-12-16 15:07:00
16108,2017-12-16 13:07:00
16106,2017-12-16 11:27:45
16105,2017-12-16 11:27:30
16102,2017-12-16 05:07:00
16097,2017-12-15 21:07:00
16092,2017-12-15 19:07:00
16090,2017-12-15 17:07:02
16088,2017-12-15 15:07:00
16086,2017-12-15 13:07:00
16084,2017-12-15 11:07:00
16083,2017-12-15 09:07:00
16074,2017-12-15 08:34:05
16069,2017-12-15 05:07:00
16066,2017-12-14 21:07:00
16063,2017-12-14 19:07:00
16059,2017-12-14 17:07:00
16057,2017-12-14 15:07:00
16055,2017-12-14 13:07:00
16052,2017-12-14 11:07:00
16048,2017-12-14 09:30:44
16040,2017-12-13 21:07:00
16036,2017-12-13 19:07:00
16033,2017-12-13 17:07:00
16031,2017-12-13 15:07:00
16025,2017-12-13 13:07:00
16016,2017-12-13 11:07:00
16014,2017-12-13 10:27:00
16010,2017-12-13 09:07:00
16007,2017-12-13 08:27:53
15998,2017-12-12 05:07:00
15996,2017-12-11 21:07:00
15993,2017-12-11 19:07:00
15991,2017-12-11 17:07:00
15989,2017-12-11 15:07:00
15987,2017-12-11 13:07:00
15984,2017-12-11 11:07:00
15982,2017-12-11 10:31:43
15978,2017-12-10 21:07:00
15976,2017-12-10 19:07:00
15974,2017-12-10 17:07:00
15971,2017-12-10 15:07:00
15968,2017-12-10 13:07:00
15965,2017-12-10 12:48:58
15961,2017-12-09 19:32:02
15960,2017-12-09 19:31:59
15959,2017-12-09 19:31:53
15953,2017-12-09 05:07:00
15947,2017-12-08 21:07:00
15944,2017-12-08 19:07:00
15941,2017-12-08 17:07:00
15938,2017-12-08 15:07:00
15933,2017-12-08 13:07:00
15928,2017-12-08 11:07:00
15922,2017-12-08 09:07:00
15920,2017-12-08 08:09:53
15917,2017-12-07 21:07:00
15915,2017-12-07 19:07:00
15913,2017-12-07 17:07:00
15910,2017-12-07 15:07:00
15907,2017-12-07 13:07:00
15900,2017-12-07 11:07:01
15897,2017-12-07 11:01:19
15888,2017-12-06 21:23:00
15885,2017-12-06 19:23:00
15884,2017-12-06 17:22:00
15883,2017-12-06 15:22:00
15880,2017-12-06 13:21:00
15873,2017-12-06 11:21:00
15871,2017-12-06 09:21:00
15870,2017-12-06 07:21:00
15858,2017-12-05 21:05:00
15857,2017-12-05 19:05:00
15855,2017-12-05 17:04:00
15854,2017-12-05 15:04:00
15852,2017-12-05 13:04:00
15847,2017-12-05 11:03:00
15842,2017-12-05 09:03:00
15839,2017-12-05 07:03:00
15830,2017-12-04 21:19:00
15828,2017-12-04 19:19:00
15827,2017-12-04 17:18:00
15824,2017-12-04 15:18:00
15822,2017-12-04 13:18:00
15819,2017-12-04 11:17:00
15815,2017-12-04 09:17:00
15806,2017-12-04 07:17:39
15794,2017-12-03 19:54:00
15791,2017-12-03 17:54:00
15789,2017-12-03 15:54:00
15787,2017-12-03 13:53:00
15782,2017-12-03 12:53:49
15780,2017-12-03 07:30:00
15778,2017-12-02 21:30:00
15777,2017-12-02 19:30:00
15775,2017-12-02 17:30:00
15774,2017-12-02 15:29:00
15772,2017-12-02 13:29:00
15765,2017-12-02 12:29:43
15764,2017-12-02 12:29:30
15763,2017-12-02 12:29:26
15756,2017-12-01 21:58:00
15755,2017-12-01 19:57:00
15752,2017-12-01 17:57:00
15751,2017-12-01 15:56:00
15748,2017-12-01 13:56:00
15746,2017-12-01 11:56:00
15740,2017-12-01 09:56:00
15729,2017-12-01 08:56:33
15725,2017-11-30 21:24:00
15721,2017-11-30 19:23:00
15717,2017-11-30 17:23:00
15714,2017-11-30 15:23:00
15713,2017-11-30 13:23:00
15703,2017-11-30 11:23:08
15699,2017-11-30 07:26:00
15697,2017-11-29 21:25:00
15695,2017-11-29 19:25:00
15692,2017-11-29 17:26:00
15689,2017-11-29 15:25:00
15683,2017-11-29 14:25:06
15675,2017-11-28 21:11:00
15673,2017-11-28 19:10:00
15671,2017-11-28 17:10:00
15669,2017-11-28 15:10:00
15668,2017-11-28 13:09:00
15667,2017-11-28 11:09:00
15665,2017-11-28 09:08:00
15663,2017-11-28 07:08:00
15654,2017-11-27 21:50:00
15652,2017-11-27 19:49:00
15651,2017-11-27 17:49:00
15650,2017-11-27 15:49:00
15645,2017-11-27 13:49:00
15642,2017-11-27 11:49:00
15630,2017-11-27 10:49:02
15625,2017-11-26 21:39:00
15624,2017-11-26 19:38:00
15623,2017-11-26 17:38:00
15622,2017-11-26 15:38:00
15620,2017-11-26 13:37:00
15614,2017-11-26 12:37:36
15613,2017-11-26 12:37:30
15612,2017-11-25 21:30:00
15611,2017-11-25 19:29:00
15610,2017-11-25 17:29:00
15609,2017-11-25 15:28:00
15608,2017-11-25 13:28:00
15605,2017-11-25 11:28:00
15603,2017-11-25 09:28:00
15601,2017-11-25 07:28:00
15591,2017-11-24 21:13:00
15588,2017-11-24 19:13:00
15584,2017-11-24 18:13:33
15571,2017-11-23 21:57:00
15570,2017-11-23 19:57:00
15567,2017-11-23 17:57:00
15564,2017-11-23 15:56:00
15562,2017-11-23 13:56:00
15551,2017-11-23 12:56:41
15541,2017-11-22 21:56:00
15538,2017-11-22 19:56:00
15537,2017-11-22 17:56:00
15535,2017-11-22 15:55:00
15528,2017-11-22 13:55:00
15526,2017-11-22 11:55:00
15522,2017-11-22 09:54:00
15511,2017-11-22 07:54:41
15507,2017-11-21 21:49:00
15505,2017-11-21 19:49:00
15503,2017-11-21 17:49:00
15499,2017-11-21 15:49:00
15496,2017-11-21 13:48:00
15493,2017-11-21 11:48:00
15491,2017-11-21 09:48:00
15486,2017-11-21 07:48:00
15484,2017-11-21 05:47:00
15482,2017-11-20 21:47:00
15459,2017-11-19 19:58:00
15457,2017-11-19 17:58:00
15454,2017-11-19 15:58:00
15453,2017-11-19 13:59:00
15452,2017-11-19 11:59:00
15451,2017-11-19 09:59:00
15450,2017-11-19 07:59:00
15449,2017-11-18 21:58:00
15447,2017-11-18 19:58:00
15445,2017-11-18 17:58:00
15444,2017-11-18 15:58:00
15443,2017-11-18 13:57:00
15442,2017-11-18 11:57:00
15438,2017-11-18 09:57:00
15437,2017-11-18 07:57:00
15436,2017-11-17 21:56:00
15434,2017-11-17 19:56:00
15431,2017-11-17 17:56:00
15429,2017-11-17 15:55:00
15426,2017-11-17 13:55:00
15424,2017-11-17 11:55:00
15418,2017-11-17 09:55:00
15415,2017-11-17 07:54:00
15413,2017-11-16 21:54:00
15407,2017-11-16 19:53:00
15406,2017-11-16 17:53:00
15401,2017-11-16 15:52:00
15398,2017-11-16 13:52:00
15395,2017-11-16 11:52:00
15389,2017-11-16 09:52:00
15388,2017-11-16 07:52:00
15383,2017-11-15 21:51:00
15382,2017-11-15 19:51:00
15381,2017-11-15 17:51:00
15379,2017-11-15 15:51:00
15376,2017-11-15 13:50:00
15370,2017-11-15 11:50:00
15369,2017-11-15 09:50:00
15367,2017-11-15 07:50:00
15366,2017-11-15 05:49:00
15363,2017-11-14 21:49:00
15359,2017-11-14 19:49:00
15358,2017-11-14 17:49:00
15355,2017-11-14 15:48:00
15354,2017-11-14 13:48:00
15351,2017-11-14 11:48:00
15348,2017-11-14 09:48:00
15298,2017-11-14 08:48:18
15294,2017-11-13 21:22:00
15293,2017-11-13 19:20:00
15292,2017-11-13 17:20:00
15289,2017-11-13 15:19:00
15287,2017-11-13 13:19:00
15280,2017-11-13 11:18:00
15276,2017-11-13 09:18:00
15265,2017-11-13 08:18:17
15259,2017-11-12 19:37:00
15258,2017-11-12 17:37:00
15257,2017-11-12 15:36:00
15256,2017-11-12 13:36:00
15255,2017-11-12 11:35:00
15253,2017-11-12 07:35:00
15252,2017-11-12 05:34:00
15247,2017-11-11 21:34:00
15244,2017-11-11 19:34:00
15243,2017-11-11 17:34:00
15242,2017-11-11 15:33:00
15238,2017-11-11 13:33:00
15235,2017-11-11 11:33:00
15232,2017-11-11 09:32:00
15231,2017-11-11 07:31:00
15230,2017-11-11 05:31:00
15228,2017-11-10 21:31:00
15221,2017-11-10 19:29:00
15219,2017-11-10 17:29:00
15216,2017-11-10 15:29:00
15191,2017-11-10 14:29:02
15178,2017-11-09 19:49:00
15174,2017-11-09 17:48:00
15172,2017-11-09 15:48:00
15170,2017-11-09 13:48:00
15167,2017-11-09 11:48:00
15161,2017-11-09 09:48:00
15153,2017-11-09 07:48:20
15150,2017-11-08 21:10:00
15148,2017-11-08 19:10:00
15147,2017-11-08 17:10:00
15137,2017-11-08 13:09:00
15128,2017-11-08 11:09:00
15125,2017-11-08 09:08:00
15119,2017-11-08 07:08:00
15117,2017-11-08 05:08:00
15115,2017-11-07 21:07:00
15114,2017-11-07 19:58:00
15113,2017-11-07 17:58:00
15112,2017-11-07 15:58:00
15110,2017-11-07 13:58:00
15104,2017-11-07 11:57:00
15091,2017-11-07 09:57:00
15089,2017-11-07 07:56:00
15087,2017-11-07 05:56:00
15086,2017-11-06 21:56:00
15085,2017-11-06 19:56:00
15084,2017-11-06 17:55:00
15082,2017-11-06 15:55:00
15080,2017-11-06 13:55:00
15077,2017-11-06 11:55:00
15072,2017-11-06 09:54:00
15070,2017-11-06 07:54:00
15069,2017-11-06 05:54:00
15066,2017-11-05 21:53:00
15065,2017-11-05 19:53:00
15064,2017-11-05 17:53:00
15060,2017-11-05 15:52:00
15058,2017-11-05 13:52:00
15055,2017-11-05 11:52:00
15053,2017-11-05 09:52:00
15052,2017-11-05 07:52:00
15051,2017-11-05 05:51:00
15049,2017-11-04 21:51:00
15047,2017-11-04 19:51:00
15046,2017-11-04 17:50:00
15045,2017-11-04 15:50:00
15044,2017-11-04 13:50:00
15042,2017-11-04 11:49:00
15040,2017-11-04 09:49:00
15038,2017-11-04 07:49:00
15037,2017-11-04 05:51:00
15035,2017-11-03 21:50:00
15032,2017-11-03 19:50:00
15030,2017-11-03 17:50:00
15029,2017-11-03 15:49:00
15025,2017-11-03 13:49:00
15021,2017-11-03 11:49:00
14980,2017-11-03 09:49:00
14979,2017-11-03 07:49:00
14977,2017-11-03 05:49:00
14974,2017-11-02 21:48:00
14969,2017-11-02 19:48:00
14964,2017-11-02 17:48:00
14943,2017-11-02 15:48:20
14933,2017-11-02 09:34:00
14931,2017-11-02 07:34:00
14927,2017-11-02 05:33:00
14924,2017-11-01 21:32:00
14921,2017-11-01 19:32:00
14919,2017-11-01 17:32:00
14917,2017-11-01 15:31:00
14911,2017-11-01 13:30:00
14905,2017-11-01 11:30:00
14903,2017-11-01 09:30:00
14897,2017-11-01 07:29:00
14892,2017-11-01 05:29:00
14888,2017-10-31 21:29:00
14887,2017-10-31 19:28:00
14885,2017-10-31 17:18:00
14880,2017-10-31 15:18:00
14875,2017-10-31 13:19:00
14870,2017-10-31 11:17:00
14863,2017-10-31 09:17:00
14859,2017-10-31 07:17:00
14856,2017-10-31 05:16:00
14855,2017-10-30 21:16:00
14853,2017-10-30 19:16:00
14852,2017-10-30 17:15:00
14846,2017-10-30 13:15:00
14837,2017-10-30 11:15:00
14831,2017-10-30 09:14:00
14829,2017-10-30 07:14:00
14820,2017-10-30 05:13:00
14818,2017-10-29 21:13:00
14816,2017-10-29 19:55:00
14815,2017-10-29 17:55:00
14814,2017-10-29 15:55:00
14782,2017-10-29 13:54:00
14780,2017-10-29 11:54:00
14779,2017-10-29 09:54:00
14778,2017-10-29 07:54:00
14777,2017-10-29 05:53:00
14773,2017-10-28 23:53:00
14770,2017-10-28 21:53:00
14767,2017-10-28 19:53:00
14766,2017-10-28 17:52:00
14765,2017-10-28 15:52:00
14763,2017-10-28 13:52:00
14760,2017-10-28 11:52:00
14759,2017-10-28 09:51:00
14757,2017-10-28 07:51:00
14756,2017-10-28 05:39:00
14753,2017-10-27 23:23:00
14751,2017-10-27 21:20:00
14749,2017-10-27 19:20:00
14748,2017-10-27 17:19:00
14746,2017-10-27 15:19:00
14744,2017-10-27 13:19:00
14718,2017-10-27 12:18:52
14716,2017-10-26 19:20:00
14715,2017-10-26 17:20:00
14713,2017-10-26 15:20:00
14709,2017-10-26 14:20:12
14708,2017-10-24 21:31:00
14707,2017-10-24 19:31:00
14706,2017-10-24 17:31:00
14704,2017-10-24 15:30:02
14703,2017-10-24 13:30:02
14697,2017-10-24 12:30:17
14692,2017-10-23 11:07:00
14689,2017-10-23 09:07:00
14686,2017-10-23 07:07:29
14685,2017-10-23 07:07:13
14683,2017-10-22 19:42:00
14680,2017-10-22 17:42:00
14679,2017-10-22 15:41:00
14678,2017-10-22 13:41:00
14676,2017-10-22 11:41:00
14674,2017-10-22 09:41:00
14669,2017-10-22 07:41:00
14668,2017-10-22 05:40:00
14667,2017-10-21 23:40:00
14666,2017-10-21 21:40:00
14663,2017-10-21 19:40:00
14660,2017-10-21 17:40:00
14659,2017-10-21 15:39:00
14650,2017-10-21 11:39:00
14645,2017-10-21 09:39:00
14643,2017-10-21 07:38:00
14642,2017-10-21 05:38:00
14641,2017-10-20 23:38:00
14640,2017-10-20 21:38:00
14636,2017-10-20 19:37:00
14633,2017-10-20 17:37:00
14630,2017-10-20 15:37:00
14629,2017-10-20 13:51:00
14627,2017-10-20 11:51:00
14594,2017-10-20 09:51:00
14586,2017-10-20 07:51:00
14583,2017-10-20 05:50:00
14581,2017-10-20 01:50:00
14580,2017-10-19 23:49:00
14578,2017-10-19 21:49:00
14577,2017-10-19 19:49:00
14567,2017-10-19 17:48:00
14558,2017-10-19 15:48:00
14554,2017-10-19 13:48:00
14541,2017-10-19 11:48:00
14536,2017-10-19 09:48:00
14530,2017-10-19 07:47:00
14527,2017-10-19 05:47:00
14525,2017-10-19 01:47:00
14524,2017-10-18 23:47:00
14503,2017-10-18 22:47:03
14501,2017-10-18 21:53:00
14491,2017-10-18 19:53:00
14487,2017-10-18 17:52:00
14483,2017-10-18 15:52:00
14479,2017-10-18 13:52:00
14476,2017-10-18 11:51:00
14469,2017-10-18 09:51:00
14461,2017-10-18 07:51:00
14456,2017-10-18 05:51:00
14454,2017-10-17 23:50:00
14446,2017-10-17 21:50:00
14445,2017-10-17 19:50:00
14443,2017-10-17 17:50:00
14441,2017-10-17 15:49:00
14438,2017-10-17 13:49:00
14435,2017-10-17 11:49:00
14426,2017-10-17 09:49:00
14420,2017-10-17 07:48:00
14416,2017-10-17 05:48:00
14415,2017-10-16 23:48:00
14414,2017-10-16 21:48:00
14413,2017-10-16 19:48:00
14409,2017-10-16 17:47:00
14406,2017-10-16 15:47:00
14404,2017-10-16 13:47:00
14401,2017-10-16 11:47:00
14394,2017-10-16 09:46:00
14391,2017-10-16 07:46:00
14390,2017-10-16 05:45:00
14389,2017-10-15 23:45:00
14388,2017-10-15 21:45:00
14387,2017-10-15 19:45:00
14386,2017-10-15 17:44:00
14380,2017-10-15 15:44:00
14377,2017-10-15 13:44:00
14376,2017-10-15 11:44:00
14375,2017-10-15 09:43:00
14374,2017-10-15 07:43:00
14373,2017-10-15 05:43:00
14371,2017-10-14 23:43:00
14369,2017-10-14 21:42:00
14368,2017-10-14 19:19:00
14366,2017-10-14 17:19:00
14364,2017-10-14 15:18:00
14318,2017-10-14 13:18:00
14312,2017-10-14 11:18:00
14309,2017-10-14 09:18:00
14304,2017-10-14 07:17:00
14303,2017-10-14 05:17:00
14301,2017-10-13 23:17:00
14300,2017-10-13 21:17:00
14297,2017-10-13 19:16:00
14294,2017-10-13 17:16:00
14288,2017-10-13 15:15:00
14280,2017-10-13 13:15:00
14278,2017-10-13 11:15:00
14274,2017-10-13 09:15:00
14271,2017-10-13 07:15:00
14270,2017-10-13 05:14:00
14268,2017-10-12 23:13:00
14265,2017-10-12 21:13:00
14264,2017-10-12 19:13:00
14263,2017-10-12 17:13:00
14261,2017-10-12 15:13:00
14258,2017-10-12 13:12:00
14255,2017-10-12 11:12:00
14226,2017-10-12 10:12:40
14225,2017-10-12 10:12:28
14224,2017-10-12 10:12:16
14221,2017-10-11 23:43:00
14219,2017-10-11 21:42:00
14216,2017-10-11 19:42:00
14214,2017-10-11 17:42:00
14210,2017-10-11 15:42:00
14206,2017-10-11 13:41:00
14205,2017-10-11 11:41:00
14201,2017-10-11 09:37:00
14197,2017-10-11 07:36:00
14194,2017-10-11 05:36:00
14190,2017-10-10 23:14:00
14188,2017-10-10 21:14:00
14186,2017-10-10 19:14:00
14185,2017-10-10 17:14:00
14184,2017-10-10 15:13:00
14182,2017-10-10 13:13:00
14165,2017-10-10 11:12:00
14161,2017-10-10 09:12:00
14154,2017-10-10 07:12:00
14150,2017-10-10 05:11:00
14149,2017-10-09 23:33:00
14146,2017-10-09 21:32:00
14140,2017-10-09 19:32:00
14139,2017-10-09 17:32:00
14138,2017-10-09 15:31:00
14136,2017-10-09 13:31:00
14128,2017-10-09 11:31:00
14115,2017-10-09 09:30:00
14113,2017-10-09 07:30:00
14103,2017-10-09 05:29:00
14099,2017-10-08 23:29:00
14097,2017-10-08 21:29:00
14096,2017-10-08 19:58:00
14083,2017-10-08 17:58:00
14082,2017-10-08 15:57:00
14080,2017-10-08 13:56:00
14079,2017-10-08 11:56:00
14078,2017-10-08 09:56:00
14076,2017-10-08 07:56:00
14074,2017-10-08 05:55:00
14072,2017-10-07 23:55:00
14071,2017-10-07 21:55:00
14067,2017-10-07 19:10:00
14066,2017-10-07 17:10:00
14065,2017-10-07 15:10:00
14053,2017-10-07 13:10:00
14048,2017-10-07 11:09:00
14044,2017-10-07 09:35:00
14042,2017-10-07 07:35:00
14041,2017-10-07 05:35:00
14039,2017-10-06 23:34:00
14036,2017-10-06 21:34:00
14034,2017-10-06 19:33:00
14033,2017-10-06 17:33:00
14032,2017-10-06 15:33:00
14029,2017-10-06 13:32:00
14024,2017-10-06 11:32:00
14015,2017-10-06 09:32:00
14012,2017-10-06 07:31:00
14007,2017-10-06 05:30:00
14006,2017-10-06 03:29:00
14004,2017-10-05 23:29:00
14003,2017-10-05 21:10:00
13999,2017-10-05 19:28:00
13995,2017-10-05 17:27:00
13994,2017-10-05 15:27:00
13990,2017-10-05 13:27:00
13984,2017-10-05 11:25:00
13959,2017-10-05 09:24:59
13950,2017-10-05 07:09:00
13947,2017-10-05 05:33:00
13941,2017-10-04 23:28:00
13940,2017-10-04 21:27:00
13936,2017-10-04 19:21:00
13932,2017-10-04 17:20:00
13930,2017-10-04 15:20:00
13924,2017-10-04 13:20:00
13922,2017-10-04 11:20:00
13918,2017-10-04 09:19:00
13904,2017-10-04 07:17:00
13897,2017-10-04 05:18:00
13895,2017-10-03 23:58:00
13892,2017-10-03 21:55:00
13887,2017-10-03 19:19:00
13883,2017-10-03 17:51:00
13881,2017-10-03 15:50:00
13880,2017-10-03 13:49:00
13861,2017-10-03 11:49:00
13859,2017-10-03 09:49:00
13855,2017-10-03 07:48:00
13850,2017-10-03 05:47:00
13847,2017-10-02 23:45:00
13846,2017-10-02 21:45:00
13840,2017-10-02 19:44:00
13834,2017-10-02 17:40:00
13831,2017-10-02 15:40:00
13829,2017-10-02 13:39:01
13811,2017-10-02 11:39:00
13810,2017-10-02 09:39:00
13807,2017-10-02 07:39:00
13804,2017-10-02 05:39:00
13803,2017-10-01 21:38:00
13802,2017-10-01 19:38:00
13800,2017-10-01 17:37:00
13799,2017-10-01 15:37:00
13795,2017-10-01 13:41:00
13793,2017-10-01 11:25:00
13792,2017-10-01 11:24:00
13789,2017-10-01 09:24:00
13787,2017-10-01 07:23:00
13786,2017-10-01 05:23:00
13785,2017-09-30 21:23:00
13784,2017-09-30 19:22:00
13783,2017-09-30 17:21:00
13777,2017-09-30 15:24:00
13774,2017-09-30 13:24:00
13771,2017-09-30 11:23:00
13769,2017-09-30 09:23:00
13768,2017-09-30 07:23:00
13767,2017-09-30 05:23:00
13762,2017-09-29 21:22:00
13761,2017-09-29 19:22:00
13758,2017-09-29 17:21:00
13756,2017-09-29 15:21:00
13752,2017-09-29 13:21:00
13748,2017-09-29 11:20:00
13737,2017-09-29 09:20:00
13735,2017-09-29 07:20:00
13733,2017-09-29 05:20:00
13731,2017-09-28 21:19:00
13728,2017-09-28 19:11:00
13725,2017-09-28 17:11:00
13723,2017-09-28 15:11:00
13719,2017-09-28 13:10:00
13715,2017-09-28 11:10:00
13704,2017-09-28 09:10:00
13700,2017-09-28 07:10:00
13697,2017-09-27 21:09:00
13696,2017-09-27 19:09:00
13693,2017-09-27 17:08:00
13691,2017-09-27 15:08:00
13690,2017-09-27 13:08:00
13672,2017-09-27 11:08:00
13665,2017-09-27 09:07:00
13655,2017-09-27 07:07:00
13645,2017-09-26 21:27:00
13644,2017-09-26 19:27:00
13642,2017-09-26 17:26:00
13638,2017-09-26 15:26:00
13636,2017-09-26 13:26:00
13634,2017-09-26 11:25:00
13628,2017-09-26 09:29:00
13608,2017-09-26 07:29:00
13601,2017-09-25 21:29:00
13598,2017-09-25 19:28:00
13594,2017-09-25 17:30:00
13593,2017-09-25 15:30:00
13591,2017-09-25 13:30:00
13588,2017-09-25 11:29:00
13586,2017-09-25 09:29:00
13573,2017-09-25 07:28:00
13569,2017-09-24 21:28:00
13566,2017-09-24 19:27:00
13565,2017-09-24 17:27:00
13564,2017-09-24 15:26:00
13562,2017-09-24 13:04:00
13561,2017-09-24 11:03:00
13559,2017-09-24 09:03:00
13554,2017-09-24 07:02:00
13552,2017-09-23 21:02:00
13550,2017-09-23 19:01:00
13547,2017-09-23 17:10:00
13543,2017-09-23 15:00:03
13541,2017-09-23 13:39:00
13537,2017-09-23 11:38:00
13523,2017-09-23 09:38:00
13521,2017-09-23 07:37:00
13516,2017-09-22 21:36:00
13512,2017-09-22 19:36:00
13510,2017-09-22 17:35:00
13508,2017-09-22 15:35:00
13506,2017-09-22 13:34:00
13503,2017-09-22 11:33:00
13501,2017-09-22 09:33:00
13492,2017-09-22 07:33:00
13487,2017-09-21 21:32:00
13486,2017-09-21 19:31:00
13485,2017-09-21 17:31:00
13483,2017-09-21 15:31:00
13481,2017-09-21 13:38:00
13477,2017-09-21 11:37:00
13472,2017-09-21 09:37:00
13454,2017-09-21 07:37:00
13452,2017-09-20 21:37:00
13449,2017-09-20 19:37:00
13444,2017-09-20 17:36:00
13441,2017-09-20 15:35:00
13439,2017-09-20 13:55:00
13437,2017-09-20 11:54:00
13433,2017-09-20 09:54:00
13422,2017-09-20 08:35:26
13417,2017-09-19 19:53:00
13416,2017-09-19 17:53:00
13412,2017-09-19 15:53:00
13411,2017-09-19 13:52:00
13406,2017-09-19 11:52:00
13400,2017-09-19 09:52:00
13389,2017-09-19 08:52:03
13380,2017-09-18 15:23:00
13376,2017-09-18 13:23:00
13371,2017-09-18 11:23:17
13365,2017-09-17 07:04:31
13363,2017-09-16 19:20:00
13362,2017-09-16 18:20:00
13361,2017-09-16 18:10:00
13359,2017-09-16 17:20:00
13358,2017-09-16 17:02:01
13356,2017-09-16 16:20:00
13355,2017-09-16 15:20:00
13353,2017-09-16 14:20:00
13352,2017-09-16 13:20:00
13342,2017-09-16 11:59:25
13339,2017-09-16 11:48:00
13335,2017-09-16 09:46:00
13334,2017-09-16 07:45:00
13333,2017-09-15 19:44:00
13329,2017-09-15 17:42:00
13321,2017-09-15 15:42:00
13319,2017-09-15 13:51:00
13309,2017-09-15 09:50:00
13303,2017-09-15 07:47:00
13294,2017-09-14 20:49:00
13291,2017-09-14 18:48:00
13290,2017-09-14 16:46:00
13288,2017-09-14 14:45:00
13287,2017-09-14 12:47:00
13284,2017-09-14 11:50:00
13283,2017-09-14 10:47:00
13270,2017-09-14 07:46:00
13264,2017-09-13 19:46:00
13261,2017-09-13 17:46:00
13257,2017-09-13 15:45:00
13254,2017-09-13 13:45:00
13242,2017-09-13 12:42:27
13238,2017-09-13 09:41:00
13225,2017-09-12 18:41:00
13222,2017-09-12 17:40:00
13221,2017-09-12 16:40:00
13220,2017-09-12 15:40:00
13219,2017-09-12 14:39:00
13218,2017-09-12 13:39:00
13216,2017-09-12 12:39:00
13206,2017-09-12 11:39:29
13195,2017-09-11 12:56:00
13189,2017-09-11 09:41:00
13172,2017-09-10 18:41:00
13171,2017-09-10 14:39:00
13170,2017-09-10 11:39:00
13162,2017-09-10 08:51:00
13160,2017-09-09 19:51:00
13158,2017-09-09 17:50:00
13156,2017-09-09 13:50:00
13154,2017-09-09 12:50:00
13146,2017-09-09 10:49:56
13142,2017-09-09 09:12:00
13140,2017-09-08 16:00:06
13138,2017-09-08 13:19:00
13131,2017-09-08 08:18:00
13126,2017-09-07 17:47:00
13122,2017-09-07 08:47:00
13115,2017-09-06 18:47:00
13112,2017-09-06 14:44:00
13106,2017-09-06 11:32:32
13103,2017-09-06 07:50:00
13099,2017-09-05 17:40:00
13097,2017-09-05 12:40:00
13092,2017-09-05 10:39:58
13084,2017-09-04 09:22:00
13082,2017-09-04 07:22:39
13075,2017-08-31 21:45:02
13049,2017-06-28 07:57:21
13043,2017-06-27 11:47:00
13040,2017-06-25 09:03:51
13037,2017-06-22 09:41:04
13031,2017-06-19 09:34:02
13027,2017-06-18 10:22:51
13025,2017-06-17 09:10:15
13023,2017-06-16 18:10:07
13016,2017-06-16 14:10:34
13010,2017-06-14 13:46:03
13008,2017-06-14 07:45:08
13001,2017-06-13 09:21:03
12999,2017-06-12 18:21:05
12997,2017-06-12 13:21:08
12992,2017-06-12 10:20:44
12987,2017-06-10 09:55:32
12983,2017-06-08 08:28:33
12982,2017-06-07 13:54:03
12980,2017-06-07 07:54:02
12975,2017-06-04 08:37:39
12973,2017-06-03 08:48:29
12970,2017-06-02 13:31:05
12968,2017-06-02 09:31:00
12966,2017-05-31 10:41:10
12954,2017-05-27 15:33:02
12951,2017-05-27 09:33:33
12948,2017-05-26 14:58:09
12946,2017-05-26 09:58:17
12945,2017-05-25 14:28:06
12942,2017-05-25 08:28:00
12938,2017-05-24 13:04:04
12936,2017-05-24 09:04:09
12930,2017-05-20 07:59:51
12927,2017-05-19 14:54:09
12924,2017-05-19 08:54:09
12920,2017-05-18 09:13:31
12917,2017-05-15 14:59:31
12915,2017-05-14 09:33:22
12913,2017-05-13 12:33:18
12909,2017-05-13 09:32:41
12902,2017-04-29 15:53:05
12900,2017-04-28 15:42:07
12896,2017-04-28 10:21:26
12894,2017-04-27 15:44:12
12890,2017-04-26 18:08:49
12883,2017-04-25 10:04:38
12882,2017-04-24 17:03:28
12879,2017-04-24 09:14:10
12874,2017-04-22 12:37:02
12872,2017-04-21 14:50:20
12867,2017-04-21 07:23:02
12864,2017-04-18 18:40:32
12862,2017-04-18 11:22:10
12860,2017-04-17 15:13:13
12853,2017-04-17 09:49:11
12849,2017-04-16 08:19:04
12846,2017-04-15 13:27:12
12844,2017-04-15 08:27:10
12839,2017-04-14 10:35:18
12834,2017-04-11 14:26:04
12828,2017-04-11 08:26:20
12825,2017-04-11 01:26:18
12821,2017-04-09 14:52:07
12820,2017-04-09 09:52:06
12819,2017-04-08 20:52:01
12817,2017-04-08 17:51:07
12816,2017-04-08 12:51:10
12810,2017-04-08 07:59:04
12807,2017-04-07 16:59:11
12802,2017-04-07 09:58:06
12795,2017-04-06 10:01:28
12792,2017-04-05 15:44:11
12789,2017-04-05 09:31:26
12785,2017-04-04 14:13:05
12783,2017-04-04 09:45:18
12777,2017-04-03 16:02:40
12767,2017-03-27 12:12:56
12765,2017-03-26 11:26:04
12763,2017-03-25 15:16:10
12762,2017-03-25 11:53:03
12755,2017-03-24 13:43:02
12753,2017-03-24 09:45:09
12750,2017-03-23 18:18:04
12747,2017-03-23 09:17:07
12740,2017-03-22 20:57:29
12736,2017-03-22 11:17:07
12734,2017-03-22 09:17:11
12728,2017-03-20 10:39:03
12727,2017-03-20 08:38:05
12724,2017-03-18 15:45:37
12723,2017-03-18 14:17:12
12721,2017-03-18 12:46:08
12716,2017-03-18 11:17:29
12711,2017-03-17 13:47:31
12706,2017-03-17 10:20:36
12702,2017-03-16 14:56:06
12700,2017-03-16 12:56:44
12696,2017-03-15 22:03:28
12694,2017-03-15 12:48:56
12692,2017-03-14 18:12:08
12690,2017-03-14 17:12:00
12686,2017-03-13 17:22:08
12685,2017-03-13 16:21:13
12682,2017-03-13 15:21:51
12678,2017-03-11 14:52:06
12676,2017-03-11 12:51:58
12673,2017-03-10 14:25:27
12671,2017-03-10 12:25:20
12666,2017-03-09 15:21:06
12665,2017-03-09 14:18:07
12664,2017-03-09 13:18:06
12650,2017-03-08 13:25:44
12648,2017-03-06 16:47:10
12645,2017-03-06 14:51:23
12644,2017-03-06 12:51:08
12636,2017-03-05 15:51:24
12631,2017-03-04 12:56:08
12629,2017-03-04 10:56:38
12627,2017-03-03 15:09:10
12625,2017-03-03 14:09:12
12621,2017-03-03 13:09:46
12615,2017-03-02 11:02:32
12613,2017-03-01 14:18:10
12611,2017-03-01 12:18:51
12609,2017-02-28 13:32:09
12601,2017-02-27 12:02:32
12595,2017-02-23 15:24:08
12593,2017-02-23 13:24:12
12589,2017-02-22 17:25:22
12588,2017-02-22 15:23:11
12587,2017-02-22 13:22:09
12578,2017-02-21 16:38:07
12576,2017-02-21 14:38:25
12573,2017-02-19 17:22:26
12570,2017-02-17 19:53:04
12568,2017-02-17 18:53:08
12567,2017-02-17 17:53:05
12565,2017-02-17 15:53:09
12559,2017-02-17 14:53:08
12558,2017-02-17 12:41:05
12556,2017-02-17 11:40:14
12553,2017-02-17 09:40:13
12549,2017-02-17 07:40:17
12546,2017-02-16 21:39:03
12544,2017-02-16 20:39:03
12541,2017-02-16 19:39:04
12540,2017-02-16 18:39:06
12539,2017-02-16 17:39:05
12538,2017-02-16 16:39:08
12527,2017-02-16 15:38:54
12523,2017-02-16 10:04:20
12515,2017-02-16 09:04:29
12511,2017-02-16 08:04:07
12509,2017-02-16 07:04:28
12507,2017-02-15 22:04:02
12506,2017-02-15 21:03:04
12504,2017-02-15 20:03:17
12503,2017-02-15 19:03:37
12502,2017-02-15 18:03:48
12501,2017-02-15 17:03:40
12500,2017-02-15 16:03:57
12497,2017-02-15 15:04:54
12495,2017-02-15 14:04:48
12481,2017-02-15 13:02:59
12464,2017-02-11 17:38:07
12462,2017-02-11 15:38:18
12457,2017-02-10 17:19:04
12455,2017-02-10 15:55:18
12452,2017-02-10 13:54:15
12447,2017-02-10 07:52:04
12445,2017-02-09 21:39:04
12442,2017-02-09 20:39:04
12438,2017-02-09 19:39:00
12430,2017-02-08 20:15:34
12428,2017-02-08 18:14:52
12422,2017-02-08 12:28:07
12420,2017-02-08 10:28:20
12416,2017-02-07 22:21:02
12415,2017-02-07 21:21:04
12414,2017-02-07 20:20:22
12413,2017-02-07 19:20:40
12408,2017-02-07 18:20:36
12405,2017-02-07 11:22:04
12401,2017-02-07 09:18:06
12400,2017-02-06 18:29:09
12396,2017-02-06 17:28:37
12389,2017-02-04 18:23:07
12387,2017-02-04 16:23:08
12385,2017-02-04 15:23:08
12384,2017-02-04 14:23:07
12383,2017-02-04 13:22:10
12377,2017-02-04 12:21:42
12363,2017-02-02 15:19:12
12360,2017-02-02 13:18:37
12352,2017-02-01 10:55:50
12350,2017-02-01 08:52:01
12345,2017-01-31 16:52:38
12340,2017-01-31 12:13:12
12339,2017-01-31 11:45:19
12337,2017-01-31 09:45:18
12334,2017-01-30 19:44:45
12327,2017-01-28 15:58:35
12321,2017-01-28 14:09:01
12319,2017-01-28 09:16:06
12315,2017-01-27 18:59:00
12312,2017-01-27 13:28:05
12309,2017-01-27 11:27:53
12304,2017-01-26 17:42:49
12303,2017-01-26 11:16:05
12302,2017-01-26 11:12:04
12294,2017-01-25 18:04:30
12292,2017-01-25 17:17:08
12291,2017-01-25 15:04:23
12286,2017-01-25 13:04:27
12283,2017-01-25 11:04:16
12280,2017-01-25 09:05:35
12271,2017-01-24 18:03:06
12268,2017-01-24 17:03:53
12263,2017-01-24 15:33:23
12259,2017-01-24 13:32:08
12250,2017-01-24 11:32:12
12243,2017-01-24 10:31:50
12230,2017-01-22 08:39:03
12227,2017-01-21 15:22:06
12226,2017-01-21 13:44:04
12225,2017-01-21 11:25:00
12224,2017-01-21 11:10:31
12221,2017-01-21 08:43:04
12219,2017-01-20 19:29:00
12218,2017-01-20 17:57:04
12216,2017-01-20 17:14:05
12215,2017-01-20 13:57:07
12210,2017-01-20 11:04:28
12208,2017-01-20 08:56:06
12198,2017-01-19 17:56:05
12197,2017-01-19 16:26:04
12190,2017-01-19 15:11:04
12185,2017-01-19 13:12:05
12183,2017-01-19 11:24:04
12180,2017-01-19 10:56:01
12176,2017-01-19 09:01:59
12171,2017-01-18 18:23:06
12169,2017-01-18 17:27:04
12168,2017-01-18 16:55:11
12167,2017-01-18 15:28:05
12162,2017-01-18 13:04:24
12157,2017-01-18 11:36:08
12155,2017-01-18 09:53:05
12140,2017-01-18 08:53:44
12133,2017-01-17 13:11:05
12121,2017-01-17 11:06:24
12119,2017-01-17 09:13:06
12110,2017-01-16 18:18:04
12105,2017-01-16 17:04:11
12102,2017-01-16 15:11:08
12100,2017-01-16 13:04:35
12098,2017-01-16 11:04:46
12092,2017-01-16 10:02:03
12083,2017-01-15 17:28:02
12081,2017-01-15 15:15:21
12080,2017-01-15 13:05:33
12079,2017-01-15 11:14:05
12077,2017-01-15 09:07:08
12073,2017-01-14 18:43:04
12068,2017-01-14 17:03:24
12066,2017-01-14 15:03:34
12065,2017-01-14 13:03:57
12060,2017-01-14 11:21:05
12059,2017-01-14 09:07:06
12054,2017-01-13 19:02:31
12048,2017-01-13 16:58:03
12047,2017-01-13 15:12:05
12043,2017-01-13 13:06:14
12038,2017-01-13 11:07:07
12033,2017-01-13 09:04:05
12023,2017-01-12 20:41:19
12020,2017-01-12 17:07:14
12019,2017-01-12 14:56:05
12015,2017-01-12 13:25:21
12013,2017-01-12 11:01:38
12010,2017-01-12 09:02:03
12006,2017-01-11 18:57:05
12002,2017-01-11 16:56:49
12001,2017-01-11 15:14:04
11999,2017-01-11 13:01:43
11995,2017-01-11 11:02:39
11992,2017-01-11 09:02:40
11987,2017-01-10 18:45:16
11985,2017-01-10 17:45:22
11983,2017-01-10 16:02:49
11982,2017-01-10 14:45:29
11976,2017-01-10 13:14:33
11967,2017-01-07 11:22:04
11964,2016-12-29 12:15:32
11961,2016-12-28 12:22:04
11957,2016-12-27 20:22:02
11956,2016-12-27 18:22:06
11951,2016-12-27 10:58:03
11946,2016-12-26 10:32:03
11939,2016-12-24 10:22:06
11929,2016-12-23 10:22:07
11924,2016-12-23 08:22:10
11914,2016-12-22 09:11:07
11909,2016-12-20 21:22:02
11908,2016-12-20 20:22:05
11907,2016-12-20 19:22:05
11906,2016-12-20 18:22:06
11905,2016-12-20 17:22:04
11901,2016-12-20 16:22:07
11888,2016-12-19 21:18:03
11886,2016-12-19 20:18:08
11882,2016-12-18 19:22:02
11881,2016-12-18 17:22:03
11878,2016-12-18 15:22:04
11877,2016-12-18 13:22:03
11876,2016-12-18 11:22:12
11874,2016-12-18 09:22:05
11872,2016-12-18 07:22:07
11862,2016-12-17 10:20:18
11859,2016-12-17 08:20:15
11849,2016-12-16 22:22:02
11846,2016-12-16 21:22:05
11843,2016-12-16 20:22:03
11842,2016-12-16 19:22:04
11841,2016-12-16 18:22:05
11840,2016-12-16 17:22:07
11839,2016-12-16 16:22:05
11836,2016-12-16 15:22:06
11825,2016-12-16 14:17:17
11819,2016-12-16 09:22:05
11816,2016-12-16 07:22:02
11808,2016-12-15 22:22:02
11803,2016-12-15 21:22:01
11799,2016-12-15 20:22:02
11798,2016-12-15 19:22:09
11796,2016-12-15 18:22:14
11795,2016-12-15 17:22:07
11793,2016-12-15 16:22:10
11768,2016-12-14 21:22:05
11767,2016-12-14 20:22:03
11745,2016-12-14 15:22:07
11742,2016-12-14 13:22:05
11739,2016-12-14 12:22:02
11736,2016-12-14 11:22:04
11733,2016-12-14 10:22:02
11731,2016-12-14 09:22:07
11727,2016-12-14 08:22:06
11725,2016-12-14 07:22:06
11724,2016-12-13 22:22:02
11722,2016-12-13 21:22:03
11717,2016-12-13 20:22:03
11716,2016-12-13 19:22:05
11715,2016-12-13 18:22:06
11713,2016-12-13 17:22:13
11687,2016-12-13 09:37:05
11686,2016-12-13 07:37:03
11683,2016-12-12 21:37:02
11682,2016-12-12 20:37:03
11681,2016-12-12 19:37:03
11680,2016-12-12 18:37:07
11673,2016-12-12 17:37:16
11665,2016-12-12 07:22:05
11664,2016-12-11 22:22:01
11663,2016-12-11 21:22:03
11662,2016-12-11 20:22:06
11661,2016-12-11 19:22:04
11660,2016-12-11 18:22:09
11643,2016-12-10 11:22:05
11641,2016-12-10 10:22:07
11639,2016-12-10 09:22:04
11638,2016-12-10 08:22:05
11635,2016-12-10 07:22:05
11623,2016-12-09 16:22:05
11621,2016-12-09 14:22:06
11614,2016-12-09 06:22:03
11613,2016-12-08 22:22:03
11612,2016-12-08 21:22:02
11611,2016-12-08 20:22:02
11610,2016-12-08 19:22:05
11608,2016-12-08 18:22:06
11595,2016-12-08 15:22:04
11590,2016-12-08 13:22:03
11587,2016-12-08 11:22:04
11583,2016-12-08 09:22:03
11582,2016-12-08 07:22:02
11580,2016-12-07 22:22:02
11579,2016-12-07 21:22:02
11577,2016-12-07 20:22:03
11574,2016-12-07 19:22:04
11572,2016-12-07 18:22:08
11555,2016-12-07 09:22:06
11554,2016-12-07 07:22:03
11552,2016-12-06 22:22:02
11549,2016-12-06 21:22:02
11543,2016-12-06 20:22:02
11542,2016-12-06 19:22:05
11541,2016-12-06 18:22:05
11539,2016-12-06 17:22:16
11517,2016-12-05 18:22:03
11514,2016-12-05 16:22:13
11509,2016-12-04 21:22:01
11507,2016-12-04 20:22:01
11506,2016-12-04 19:22:05
11502,2016-12-04 18:22:05
11501,2016-12-04 17:22:05
11500,2016-12-04 16:22:06
11493,2016-12-03 20:22:02
11490,2016-12-03 19:22:08
11489,2016-12-03 18:22:05
11488,2016-12-03 17:22:06
11486,2016-12-03 16:22:08
11485,2016-12-03 14:22:04
11483,2016-12-03 13:22:08
11481,2016-12-03 12:22:03
11478,2016-12-03 11:22:04
11476,2016-12-03 10:22:03
11475,2016-12-03 09:22:05
11474,2016-12-03 08:22:07
11472,2016-12-03 07:22:05
11450,2016-12-02 10:22:06
11448,2016-12-02 09:22:05
11444,2016-12-02 08:22:05
11440,2016-12-02 07:22:03
11432,2016-12-01 22:22:03
11431,2016-12-01 21:22:03
11430,2016-12-01 20:22:07
11426,2016-12-01 19:22:05
11425,2016-12-01 18:22:06
11424,2016-12-01 17:22:09
11422,2016-12-01 16:37:00
11421,2016-12-01 16:22:15
11420,2016-12-01 15:22:11
11405,2016-12-01 11:22:02
11401,2016-12-01 10:22:06
11398,2016-12-01 09:22:07
11397,2016-12-01 08:22:07
11396,2016-12-01 07:22:04
11395,2016-12-01 06:22:06
11394,2016-11-30 22:22:02
11393,2016-11-30 21:22:04
11391,2016-11-30 20:22:04
11389,2016-11-30 19:22:06
11384,2016-11-30 18:22:04
11382,2016-11-30 17:22:06
11380,2016-11-30 16:22:13
11379,2016-11-30 15:22:12
11376,2016-11-30 14:22:09
11374,2016-11-30 13:22:12
11353,2016-11-30 08:22:05
11347,2016-11-30 07:22:06
11342,2016-11-29 22:22:02
11339,2016-11-29 21:22:03
11338,2016-11-29 20:22:02
11337,2016-11-29 19:22:07
11330,2016-11-29 18:22:06
11327,2016-11-29 17:22:06
11325,2016-11-29 16:22:07
11323,2016-11-29 15:22:08
11322,2016-11-29 14:22:05
11318,2016-11-29 13:22:08
11305,2016-11-28 19:22:08
11304,2016-11-28 18:22:09
11303,2016-11-28 17:22:15
11296,2016-11-28 10:22:07
11294,2016-11-28 08:22:05
11278,2016-11-27 09:22:07
11276,2016-11-26 21:22:00
11274,2016-11-26 20:22:02
11273,2016-11-26 19:22:08
11272,2016-11-26 18:22:03
11271,2016-11-26 17:22:04
11269,2016-11-26 16:22:05
11267,2016-11-26 15:22:08
11266,2016-11-26 14:22:05
11261,2016-11-26 13:22:04
11260,2016-11-26 12:22:08
11258,2016-11-26 11:22:02
11250,2016-11-26 10:22:09
11249,2016-11-26 09:22:02
11247,2016-11-26 08:22:07
11244,2016-11-26 07:22:06
11243,2016-11-26 06:22:06
11241,2016-11-25 22:22:06
11239,2016-11-25 21:22:01
11238,2016-11-25 20:22:09
11237,2016-11-25 19:22:06
11234,2016-11-25 18:22:06
11233,2016-11-25 17:22:08
11232,2016-11-25 16:22:14
11230,2016-11-25 15:22:12
11201,2016-11-25 12:22:04
11199,2016-11-25 11:22:09
11197,2016-11-25 10:22:03
11195,2016-11-25 09:22:06
11193,2016-11-25 08:22:03
11187,2016-11-25 07:22:03
11185,2016-11-25 06:22:02
11182,2016-11-24 22:22:03
11181,2016-11-24 21:22:08
11180,2016-11-24 20:22:07
11178,2016-11-24 19:22:07
11176,2016-11-24 18:22:07
11170,2016-11-24 16:37:05
11169,2016-11-24 16:22:17
11168,2016-11-24 15:22:07
11165,2016-11-24 14:22:04
11163,2016-11-24 13:22:10
11160,2016-11-24 12:22:13
11157,2016-11-24 11:22:06
11129,2016-11-23 21:49:02
11128,2016-11-23 20:49:04
11127,2016-11-23 19:49:04
11123,2016-11-23 18:49:14
11121,2016-11-23 16:22:05
11120,2016-11-23 15:22:07
11118,2016-11-23 14:22:15
11115,2016-11-23 13:22:03
11112,2016-11-23 12:22:03
11110,2016-11-23 11:22:04
11108,2016-11-23 10:22:04
11104,2016-11-23 09:22:02
11101,2016-11-23 08:22:04
11099,2016-11-23 07:22:02
11097,2016-11-23 06:22:03
11094,2016-11-22 22:22:03
11093,2016-11-22 21:22:03
11092,2016-11-22 20:22:04
11090,2016-11-22 19:22:11
11088,2016-11-22 18:22:03
11087,2016-11-22 17:22:05
11084,2016-11-22 16:22:08
11081,2016-11-22 15:22:13
11079,2016-11-22 14:22:12
11048,2016-11-22 09:24:03
11046,2016-11-22 08:23:03
11043,2016-11-22 07:23:06
11038,2016-11-21 22:23:02
11035,2016-11-21 21:23:04
11029,2016-11-21 20:23:13
11027,2016-11-21 17:37:09
11024,2016-11-21 14:47:04
11016,2016-11-21 12:47:05
11010,2016-11-21 10:47:43
11003,2016-11-19 20:24:02
11000,2016-11-19 19:24:08
10999,2016-11-19 18:24:04
10994,2016-11-19 17:24:17
10988,2016-11-18 20:22:08
10984,2016-11-18 19:22:11
10981,2016-11-18 18:22:10
10980,2016-11-18 17:22:08
10977,2016-11-18 16:22:08
10976,2016-11-18 15:22:10
10971,2016-11-18 14:22:10
10962,2016-11-18 11:22:03
10959,2016-11-18 10:22:03
10956,2016-11-18 09:22:03
10954,2016-11-18 07:22:06
10953,2016-11-18 06:22:06
10952,2016-11-17 22:22:04
10949,2016-11-17 21:22:05
10947,2016-11-17 20:22:02
10943,2016-11-17 19:22:16
10932,2016-11-17 17:22:11
10927,2016-11-17 16:22:07
10920,2016-11-17 15:22:08
10914,2016-11-17 14:22:06
10911,2016-11-17 13:22:06
10909,2016-11-17 12:22:05
10900,2016-11-17 11:22:08
10886,2016-11-16 23:22:01
10885,2016-11-16 22:22:03
10883,2016-11-16 21:22:04
10881,2016-11-16 20:22:03
10880,2016-11-16 19:22:05
10878,2016-11-16 18:22:08
10877,2016-11-16 17:22:06
10872,2016-11-16 16:22:07
10870,2016-11-16 15:22:07
10869,2016-11-16 14:22:08
10849,2016-11-16 06:22:03
10848,2016-11-15 22:22:02
10847,2016-11-15 21:22:02
10846,2016-11-15 20:22:05
10844,2016-11-15 19:22:07
10842,2016-11-15 18:22:05
10837,2016-11-15 17:22:05
10830,2016-11-15 16:22:03
10828,2016-11-15 15:22:07
10827,2016-11-15 14:22:05
10825,2016-11-15 13:22:08
10821,2016-11-15 12:22:08
10816,2016-11-15 11:22:07
10814,2016-11-15 10:22:11
10792,2016-11-14 19:22:08
10790,2016-11-14 18:22:13
10788,2016-11-14 17:22:07
10786,2016-11-14 16:22:07
10779,2016-11-14 13:22:05
10776,2016-11-14 12:22:04
10774,2016-11-14 11:22:02
10772,2016-11-14 10:22:03
10770,2016-11-14 09:22:04
10756,2016-11-13 15:22:04
10748,2016-11-13 14:22:09
10746,2016-11-13 13:22:07
10739,2016-11-12 21:22:01
10734,2016-11-12 20:22:01
10732,2016-11-12 19:22:05
10726,2016-11-12 16:22:04
10725,2016-11-12 15:22:05
10724,2016-11-12 14:22:02
10723,2016-11-12 13:22:06
10719,2016-11-12 12:22:05
10708,2016-11-11 22:22:02
10706,2016-11-11 21:22:03
10704,2016-11-11 20:22:04
10697,2016-11-11 18:22:08
10696,2016-11-11 17:22:05
10693,2016-11-11 16:22:14
10692,2016-11-11 15:22:12
10690,2016-11-11 14:22:07
10674,2016-11-10 21:22:02
10672,2016-11-10 20:22:02
10670,2016-11-10 19:22:08
10669,2016-11-10 18:22:10
10668,2016-11-10 17:22:04
10665,2016-11-10 16:22:07
10660,2016-11-10 15:22:04
10658,2016-11-10 14:22:07
10655,2016-11-10 13:22:04
10637,2016-11-09 19:22:05
10633,2016-11-09 17:22:04
10632,2016-11-09 16:22:03
10631,2016-11-09 15:22:04
10630,2016-11-09 14:22:04
10629,2016-11-09 13:22:16
10627,2016-11-09 12:22:02
10626,2016-11-09 11:22:03
10618,2016-11-09 10:22:02
10616,2016-11-09 09:22:04
10612,2016-11-09 08:22:04
10610,2016-11-09 07:22:04
10609,2016-11-09 06:22:01
10606,2016-11-08 22:22:02
10603,2016-11-08 21:22:02
10598,2016-11-08 20:22:06
10597,2016-11-08 19:22:09
10595,2016-11-08 18:22:08
10593,2016-11-08 17:22:04
10592,2016-11-08 16:22:05
10589,2016-11-08 15:22:11
10563,2016-11-07 19:22:02
10562,2016-11-07 18:22:03
10561,2016-11-07 17:22:04
10560,2016-11-07 16:22:03
10559,2016-11-07 15:22:08
10556,2016-11-07 14:22:07
10552,2016-11-07 13:22:05
10534,2016-11-06 13:28:48
10528,2016-11-04 17:22:02
10527,2016-11-04 16:22:09
10526,2016-11-04 15:22:09
10525,2016-11-04 14:22:07
10516,2016-11-04 10:22:05
10514,2016-11-04 09:22:12
10513,2016-11-04 08:22:08
10511,2016-11-04 07:22:08
10510,2016-11-04 05:22:05
10506,2016-11-03 22:22:02
10502,2016-11-03 21:22:05
10500,2016-11-03 20:22:05
10498,2016-11-03 19:22:04
10495,2016-11-03 18:22:07
10483,2016-11-03 17:22:04
10482,2016-11-03 16:22:03
10481,2016-11-03 15:22:03
10478,2016-11-03 14:22:06
10475,2016-11-03 13:22:10
10470,2016-11-03 12:22:04
10467,2016-11-03 11:22:13
10455,2016-11-03 09:46:02
10450,2016-11-03 08:46:04
10448,2016-11-03 07:46:08
10445,2016-11-03 06:46:04
10437,2016-11-02 22:22:02
10436,2016-11-02 21:22:00
10435,2016-11-02 20:22:02
10428,2016-11-02 19:22:03
10425,2016-11-02 18:22:05
10423,2016-11-02 17:22:04
10420,2016-11-02 16:22:03
10412,2016-11-02 15:22:04
10405,2016-11-02 14:22:04
10401,2016-11-02 13:22:02
10400,2016-11-02 12:22:04
10396,2016-11-02 11:22:03
10392,2016-11-02 10:22:04
10390,2016-11-02 09:22:02
10387,2016-11-02 08:22:04
10379,2016-11-02 07:22:01
10375,2016-11-02 06:22:07
10374,2016-11-01 22:22:02
10373,2016-11-01 21:22:00
10372,2016-11-01 20:22:05
10370,2016-11-01 19:22:10
10369,2016-11-01 18:22:04
10359,2016-11-01 17:22:05
10355,2016-11-01 16:22:03
10352,2016-11-01 15:22:07
10347,2016-11-01 14:22:04
10346,2016-11-01 13:22:09
10318,2016-10-31 20:22:02
10316,2016-10-31 19:22:04
10314,2016-10-31 18:22:10
10309,2016-10-31 17:18:02
10306,2016-10-31 16:17:04
10305,2016-10-31 15:17:05
10304,2016-10-31 14:17:03
10303,2016-10-31 13:17:02
10295,2016-10-31 11:17:21
10281,2016-10-30 13:18:04
10279,2016-10-30 11:18:39
10276,2016-10-29 13:10:47
10271,2016-10-27 14:23:05
10268,2016-10-27 13:00:02
10259,2016-10-25 10:39:02
10253,2016-10-24 16:23:06
10251,2016-10-24 09:23:02
10250,2016-10-24 07:22:02
10235,2016-10-23 12:46:51
10234,2016-10-23 08:22:03
10232,2016-10-23 07:22:02
10231,2016-10-23 06:32:03
10230,2016-10-23 05:22:06
10227,2016-10-22 22:22:02
10226,2016-10-22 21:22:02
10225,2016-10-22 20:22:05
10224,2016-10-22 19:22:03
10222,2016-10-22 18:22:03
10221,2016-10-22 17:22:02
10220,2016-10-22 16:22:06
10218,2016-10-22 15:22:02
10217,2016-10-22 14:22:05
10205,2016-10-22 13:22:03
10202,2016-10-22 12:22:02
10199,2016-10-22 11:22:02
10195,2016-10-22 10:22:06
10191,2016-10-22 08:22:00
10187,2016-10-22 07:22:03
10186,2016-10-22 06:22:02
10183,2016-10-22 05:22:01
10176,2016-10-21 22:22:00
10173,2016-10-21 21:22:03
10172,2016-10-21 20:22:05
10171,2016-10-21 19:22:04
10164,2016-10-21 18:22:05
10163,2016-10-21 17:22:04
10161,2016-10-21 16:22:05
10160,2016-10-21 15:22:07
10156,2016-10-21 14:22:04
10155,2016-10-21 13:22:04
10154,2016-10-21 12:22:02
10150,2016-10-21 11:22:04
10149,2016-10-21 10:22:08
10145,2016-10-21 09:22:04
10123,2016-10-21 08:23:51
10109,2016-10-20 16:22:04
10106,2016-10-20 15:22:05
10105,2016-10-20 14:22:04
10103,2016-10-20 13:22:03
10099,2016-10-20 12:22:03
10092,2016-10-20 11:22:04
10088,2016-10-20 10:22:05
10078,2016-10-20 08:22:04
10076,2016-10-20 07:22:02
10071,2016-10-20 06:22:02
10069,2016-10-20 05:22:09
10068,2016-10-19 22:22:01
10066,2016-10-19 21:22:01
10064,2016-10-19 20:22:04
10063,2016-10-19 19:22:02
10058,2016-10-19 18:22:01
10049,2016-10-19 17:22:06
10046,2016-10-19 16:22:04
10042,2016-10-19 15:22:02
10038,2016-10-19 14:22:06
10036,2016-10-19 13:22:04
10033,2016-10-19 12:22:04
10016,2016-10-19 11:22:02
10015,2016-10-19 10:22:03
10012,2016-10-19 09:22:01
10008,2016-10-19 08:22:02
10005,2016-10-19 07:22:01
10002,2016-10-19 06:22:00
10001,2016-10-19 05:22:05
9998,2016-10-18 22:22:02
9996,2016-10-18 21:22:01
9992,2016-10-18 20:22:02
9991,2016-10-18 19:22:02
9989,2016-10-18 18:22:02
9982,2016-10-18 17:22:04
9979,2016-10-18 16:22:06
9978,2016-10-18 15:22:04
9977,2016-10-18 14:22:03
9975,2016-10-18 13:22:15
9955,2016-10-18 12:22:02
9953,2016-10-18 11:22:03
9950,2016-10-18 10:22:02
9944,2016-10-18 09:22:05
9939,2016-10-18 08:22:02
9937,2016-10-18 07:22:03
9935,2016-10-18 06:22:04
9933,2016-10-17 22:22:01
9932,2016-10-17 21:22:02
9930,2016-10-17 20:22:02
9928,2016-10-17 19:22:04
9917,2016-10-17 18:22:03
9914,2016-10-17 17:22:03
9912,2016-10-17 16:22:02
9911,2016-10-17 15:22:08
9908,2016-10-17 14:22:05
9905,2016-10-17 13:22:08
9904,2016-10-17 12:22:03
9892,2016-10-17 11:22:02
9890,2016-10-17 10:22:03
9887,2016-10-17 09:22:02
9883,2016-10-17 08:22:01
9882,2016-10-17 07:22:02
9878,2016-10-17 06:22:02
9877,2016-10-17 05:22:02
9876,2016-10-16 22:22:01
9875,2016-10-16 21:22:02
9872,2016-10-16 20:22:05
9870,2016-10-16 19:22:06
9866,2016-10-16 18:22:05
9865,2016-10-16 17:22:06
9863,2016-10-16 16:22:03
9839,2016-10-16 15:22:03
9837,2016-10-16 14:22:02
9836,2016-10-16 13:22:04
9828,2016-10-16 12:22:06
9822,2016-10-16 11:22:04
9818,2016-10-16 10:22:03
9817,2016-10-16 09:22:00
9816,2016-10-16 08:22:01
9814,2016-10-16 07:22:02
9812,2016-10-16 06:22:00
9811,2016-10-16 05:22:00
9809,2016-10-15 22:22:00
9808,2016-10-15 21:22:00
9807,2016-10-15 20:22:01
9806,2016-10-15 19:22:03
9805,2016-10-15 18:22:02
9804,2016-10-15 17:22:00
9803,2016-10-15 16:22:01
9799,2016-10-15 15:22:02
9796,2016-10-15 14:22:02
9794,2016-10-15 13:22:03
9791,2016-10-15 12:22:03
9787,2016-10-15 11:22:01
9782,2016-10-15 10:22:05
9780,2016-10-15 09:22:01
9778,2016-10-15 08:22:02
9775,2016-10-15 07:22:03
9774,2016-10-15 06:22:01
9772,2016-10-15 05:22:02
9768,2016-10-14 22:22:01
9767,2016-10-14 21:22:00
9766,2016-10-14 20:22:02
9765,2016-10-14 19:22:02
9763,2016-10-14 18:22:02
9762,2016-10-14 17:22:06
9760,2016-10-14 16:22:03
9759,2016-10-14 15:22:01
9754,2016-10-14 14:22:01
9716,2016-10-14 13:22:01
9712,2016-10-14 12:22:02
9704,2016-10-14 11:22:04
9700,2016-10-14 10:22:03
9695,2016-10-14 09:22:03
9693,2016-10-14 08:22:06
9691,2016-10-14 07:22:04
9687,2016-10-14 06:22:02
9685,2016-10-14 05:22:02
9682,2016-10-13 22:22:00
9681,2016-10-13 21:22:02
9680,2016-10-13 20:22:00
9679,2016-10-13 19:22:02
9678,2016-10-13 18:22:02
9676,2016-10-13 17:22:01
9671,2016-10-13 16:22:04
9669,2016-10-13 15:22:02
9659,2016-10-13 14:22:03
9649,2016-10-13 13:22:01
9627,2016-10-13 12:22:03
9625,2016-10-13 11:22:00
9621,2016-10-13 10:22:04
9617,2016-10-13 09:22:02
9615,2016-10-13 08:22:02
9609,2016-10-13 07:22:01
9602,2016-10-13 06:22:02
9601,2016-10-13 05:22:02
9598,2016-10-12 23:22:03
9597,2016-10-12 22:22:01
9595,2016-10-12 21:22:01
9593,2016-10-12 20:22:01
9588,2016-10-12 19:22:06
9583,2016-10-12 18:22:05
9577,2016-10-12 17:22:00
9573,2016-10-12 16:22:05
9569,2016-10-12 15:22:04
9567,2016-10-12 14:22:05
9565,2016-10-12 13:22:02
9563,2016-10-12 12:22:02
9543,2016-10-12 11:22:02
9539,2016-10-12 10:22:07
9536,2016-10-12 09:22:04
9534,2016-10-12 08:22:04
9531,2016-10-12 07:22:02
9529,2016-10-12 06:27:12
9526,2016-10-12 05:22:02
9523,2016-10-11 22:22:02
9520,2016-10-11 21:22:00
9517,2016-10-11 20:22:00
9513,2016-10-11 19:22:03
9509,2016-10-11 18:22:02
9505,2016-10-11 17:22:02
9502,2016-10-11 16:22:01
9498,2016-10-11 15:22:03
9476,2016-10-11 14:22:08
9473,2016-10-11 13:22:03
9467,2016-10-11 12:22:06
9463,2016-10-11 11:22:04
9461,2016-10-11 10:22:03
9459,2016-10-11 09:22:04
9458,2016-10-11 08:22:02
9453,2016-10-11 07:22:04
9449,2016-10-11 06:22:03
9443,2016-10-11 05:22:00
9439,2016-10-10 22:22:04
9436,2016-10-10 21:22:02
9433,2016-10-10 20:22:00
9416,2016-10-10 19:22:02
9414,2016-10-10 18:22:02
9409,2016-10-10 17:22:02
9407,2016-10-10 16:22:02
9404,2016-10-10 15:22:02
9400,2016-10-10 14:22:04
9399,2016-10-10 13:22:02
9397,2016-10-10 12:22:01
9395,2016-10-10 11:22:02
9394,2016-10-10 10:22:02
9389,2016-10-10 09:22:01
9387,2016-10-10 08:22:03
9386,2016-10-10 07:22:02
9383,2016-10-10 06:22:03
9380,2016-10-10 05:22:04
9378,2016-10-09 23:22:00
9377,2016-10-09 22:22:02
9376,2016-10-09 21:22:01
9374,2016-10-09 20:22:12
9372,2016-10-09 19:22:03
9370,2016-10-09 18:22:04
9369,2016-10-09 17:22:03
9368,2016-10-09 16:22:03
9338,2016-10-09 15:22:02
9335,2016-10-09 14:22:02
9333,2016-10-09 13:22:00
9332,2016-10-09 12:22:03
9329,2016-10-09 11:22:03
9325,2016-10-09 10:22:03
9324,2016-10-09 09:22:01
9322,2016-10-09 08:22:02
9319,2016-10-09 07:22:00
9318,2016-10-09 06:22:01
9316,2016-10-08 22:22:00
9313,2016-10-08 21:22:03
9312,2016-10-08 20:23:00
9297,2016-10-08 19:22:02
9295,2016-10-08 18:22:02
9294,2016-10-08 17:22:02
9292,2016-10-08 16:22:01
9291,2016-10-08 15:22:05
9289,2016-10-08 14:22:06
9285,2016-10-08 13:22:04
9284,2016-10-08 12:22:03
9280,2016-10-08 11:22:03
9276,2016-10-08 10:22:05
9270,2016-10-08 09:22:03
9260,2016-10-08 08:22:07
9256,2016-10-08 07:22:05
9255,2016-10-08 06:22:02
9254,2016-10-08 05:22:02
9253,2016-10-07 23:22:00
9251,2016-10-07 22:22:00
9248,2016-10-07 21:22:00
9247,2016-10-07 20:22:00
9246,2016-10-07 19:22:02
9242,2016-10-07 18:22:03
9240,2016-10-07 17:22:02
9233,2016-10-07 16:22:01
9229,2016-10-07 15:22:00
9225,2016-10-07 14:22:04
9220,2016-10-07 13:22:04
9218,2016-10-07 12:22:01
9197,2016-10-07 11:22:02
9189,2016-10-07 10:22:01
9185,2016-10-07 09:22:02
9184,2016-10-07 08:22:04
9182,2016-10-07 07:22:01
9177,2016-10-07 06:22:03
9175,2016-10-07 05:22:02
9173,2016-10-06 23:22:02
9171,2016-10-06 22:22:01
9169,2016-10-06 21:22:00
9162,2016-10-06 20:22:02
9160,2016-10-06 19:22:03
9158,2016-10-06 18:22:05
9155,2016-10-06 17:22:02
9152,2016-10-06 16:22:03
9148,2016-10-06 15:22:02
9124,2016-10-06 14:22:02
9119,2016-10-06 13:22:02
9110,2016-10-06 12:22:03
9105,2016-10-06 11:22:02
9103,2016-10-06 10:22:07
9100,2016-10-06 09:22:01
9099,2016-10-06 08:22:04
9095,2016-10-06 07:22:05
9094,2016-10-06 06:22:02
9092,2016-10-06 05:22:00
9090,2016-10-05 22:21:00
9089,2016-10-05 21:21:02
9086,2016-10-05 20:21:00
9083,2016-10-05 19:21:04
9082,2016-10-05 18:21:03
9060,2016-10-05 17:20:06
9058,2016-10-05 16:20:10
9057,2016-10-05 15:19:01
9054,2016-10-05 14:19:02
9051,2016-10-05 13:19:09
9049,2016-10-05 12:19:05
9045,2016-10-05 11:19:03
9041,2016-10-05 10:18:03
9033,2016-10-05 09:18:09
9030,2016-10-05 08:18:02
9028,2016-10-05 07:18:04
9027,2016-10-05 06:18:05
9026,2016-10-05 05:18:02
9025,2016-10-04 22:17:01
9023,2016-10-04 21:17:01
9013,2016-10-04 20:17:02
9010,2016-10-04 19:17:04
9008,2016-10-04 18:17:05
9007,2016-10-04 17:17:06
9006,2016-10-04 16:16:06
9002,2016-10-04 15:16:08
8977,2016-10-04 14:16:20
8956,2016-10-04 07:12:03
8951,2016-10-04 05:12:03
8948,2016-10-03 23:12:01
8947,2016-10-03 22:12:02
8945,2016-10-03 21:13:02
8943,2016-10-03 20:13:05
8942,2016-10-03 19:13:12
8933,2016-10-03 18:11:23
8923,2016-10-03 07:25:19
8918,2016-10-02 22:35:46
8917,2016-10-02 18:38:06
8915,2016-10-02 17:38:04
8910,2016-10-02 16:38:42
8904,2016-10-02 08:51:05
8902,2016-10-02 07:51:04
8900,2016-10-02 06:50:13
8896,2016-10-01 21:50:06
8890,2016-10-01 20:50:08
8889,2016-10-01 19:50:14
8888,2016-10-01 18:50:08
8884,2016-10-01 17:49:03
8881,2016-10-01 16:49:03
8880,2016-10-01 15:49:04
8866,2016-10-01 14:49:34
8860,2016-10-01 12:34:04
8857,2016-10-01 11:34:05
8856,2016-10-01 10:34:02
8854,2016-10-01 09:34:08
8853,2016-10-01 08:34:03
8851,2016-10-01 07:34:03
8849,2016-10-01 06:34:04
8848,2016-10-01 05:34:01
8846,2016-09-30 22:46:02
8844,2016-09-30 21:46:04
8842,2016-09-30 20:46:02
8841,2016-09-30 19:46:02
8839,2016-09-30 18:46:06
8838,2016-09-30 17:46:03
8836,2016-09-30 16:47:03
8835,2016-09-30 15:47:02
8833,2016-09-30 14:47:04
8827,2016-09-30 13:47:01
8823,2016-09-30 12:47:03
8810,2016-09-30 11:47:04
8806,2016-09-30 10:47:01
8803,2016-09-30 09:46:05
8799,2016-09-30 08:46:04
8791,2016-09-30 07:46:02
8785,2016-09-30 06:46:02
8782,2016-09-29 22:36:03
8774,2016-09-29 21:36:06
8767,2016-09-29 20:36:04
8766,2016-09-29 19:36:04
8762,2016-09-29 18:36:05
8760,2016-09-29 17:35:14
8749,2016-09-29 16:35:14
8741,2016-09-29 15:35:18
8739,2016-09-29 14:35:19
8737,2016-09-29 13:35:17
8731,2016-09-29 12:35:13
8728,2016-09-29 11:35:14
8715,2016-09-29 10:35:19
8709,2016-09-29 09:34:07
8708,2016-09-29 08:34:03
8702,2016-09-29 07:34:12
8698,2016-09-29 06:34:05
8697,2016-09-28 22:47:02
8695,2016-09-28 21:47:01
8686,2016-09-28 20:47:02
8682,2016-09-28 19:47:04
8680,2016-09-28 18:47:02
8676,2016-09-28 17:47:03
8671,2016-09-28 16:47:06
8668,2016-09-28 15:47:07
8664,2016-09-28 14:47:06
8662,2016-09-28 13:47:05
8652,2016-09-28 12:47:02
8648,2016-09-28 11:47:02
8646,2016-09-28 10:47:05
8643,2016-09-28 09:47:02
8640,2016-09-28 08:47:02
8636,2016-09-28 07:47:00
8634,2016-09-28 06:47:02
8633,2016-09-27 22:47:01
8630,2016-09-27 21:47:01
8628,2016-09-27 20:47:01
8626,2016-09-27 19:46:02
8616,2016-09-27 18:46:08
8615,2016-09-27 17:46:03
8613,2016-09-27 16:46:05
8610,2016-09-27 15:46:05
8609,2016-09-27 14:46:03
8608,2016-09-27 14:45:08
8594,2016-09-27 13:45:25
8583,2016-09-27 08:43:02
8579,2016-09-27 06:43:03
8577,2016-09-26 22:55:03
8576,2016-09-26 21:55:05
8575,2016-09-26 20:55:16
8569,2016-09-26 19:56:02
8566,2016-09-26 18:56:02
8565,2016-09-26 17:56:03
8564,2016-09-26 16:57:04
8561,2016-09-26 15:57:03
8560,2016-09-26 14:58:04
8550,2016-09-26 13:58:53
8539,2016-09-25 21:35:11
8537,2016-09-25 20:35:18
8532,2016-09-25 19:34:03
8531,2016-09-25 18:34:06
8529,2016-09-25 17:34:03
8528,2016-09-25 16:35:03
8520,2016-09-25 15:26:03
8518,2016-09-25 14:25:13
8517,2016-09-25 13:26:04
8516,2016-09-25 12:25:04
8515,2016-09-25 11:25:07
8514,2016-09-25 10:25:07
8512,2016-09-25 09:25:10
8511,2016-09-25 08:26:03
8510,2016-09-25 07:19:02
8509,2016-09-25 06:18:02
8505,2016-09-24 22:40:03
8503,2016-09-24 21:40:07
8502,2016-09-24 20:43:02
8501,2016-09-24 19:40:04
8497,2016-09-24 18:43:02
8493,2016-09-24 16:42:00
8492,2016-09-24 16:25:20
8490,2016-09-24 15:40:04
8487,2016-09-24 14:42:02
8486,2016-09-24 13:39:00
8481,2016-09-24 12:39:02
8468,2016-09-24 11:39:00
8466,2016-09-24 10:39:02
8459,2016-09-24 09:39:02
8458,2016-09-24 08:39:07
8454,2016-09-24 07:38:00
8451,2016-09-24 06:33:02
8449,2016-09-24 05:33:02
8443,2016-09-23 17:42:01
8426,2016-09-22 23:05:02
8425,2016-09-22 22:04:03
8423,2016-09-22 21:05:04
8422,2016-09-22 20:05:07
8410,2016-09-22 19:05:13
8408,2016-09-22 18:04:03
8406,2016-09-22 17:04:03
8404,2016-09-22 16:04:02
8401,2016-09-22 15:04:02
8396,2016-09-22 14:03:11
8394,2016-09-22 13:03:04
8383,2016-09-22 12:03:05
8378,2016-09-22 11:03:05
8377,2016-09-22 10:03:02
8370,2016-09-22 09:02:09
8368,2016-09-22 08:02:06
8367,2016-09-22 07:02:06
8366,2016-09-22 06:02:06
8365,2016-09-22 05:02:04
8362,2016-09-21 22:18:01
8361,2016-09-21 21:18:02
8359,2016-09-21 20:18:02
8351,2016-09-21 19:18:05
8350,2016-09-21 18:18:03
8348,2016-09-21 17:18:06
8346,2016-09-21 16:17:07
8345,2016-09-21 15:17:10
8343,2016-09-21 14:17:04
8337,2016-09-21 13:17:03
8317,2016-09-21 12:16:09
8313,2016-09-21 11:16:09
8311,2016-09-21 10:16:05
8307,2016-09-21 09:16:06
8303,2016-09-21 08:16:07
8298,2016-09-21 07:16:09
8295,2016-09-21 06:16:05
8293,2016-09-20 23:16:03
8277,2016-09-20 22:16:03
8275,2016-09-20 21:16:03
8274,2016-09-20 20:15:20
8270,2016-09-20 19:15:28
8269,2016-09-20 18:15:03
8266,2016-09-20 17:15:04
8262,2016-09-20 16:15:07
8259,2016-09-20 15:14:02
8250,2016-09-20 14:14:08
8247,2016-09-20 13:14:03
8231,2016-09-20 12:14:29
8228,2016-09-20 10:48:08
8222,2016-09-20 09:48:02
8220,2016-09-20 08:47:02
8213,2016-09-20 07:47:01
8208,2016-09-19 22:47:01
8207,2016-09-19 21:47:01
8205,2016-09-19 20:47:01
8203,2016-09-19 19:46:05
8194,2016-09-19 18:46:54
8183,2016-09-18 16:39:03
8180,2016-09-18 15:21:52
8178,2016-09-18 12:13:06
8177,2016-09-18 10:12:16
8174,2016-09-18 09:12:05
8170,2016-09-18 08:15:14
8168,2016-09-18 07:13:05
8164,2016-09-17 22:52:00
8161,2016-09-17 21:52:01
8157,2016-09-17 20:52:01
8155,2016-09-17 19:52:04
8151,2016-09-17 18:52:00
8150,2016-09-17 17:52:03
8145,2016-09-17 16:52:02
8144,2016-09-17 15:52:04
8142,2016-09-17 14:52:00
8139,2016-09-17 13:52:02
8138,2016-09-17 12:49:02
8134,2016-09-17 11:49:03
8131,2016-09-17 10:51:03
8130,2016-09-17 09:52:02
8129,2016-09-17 08:52:04
8127,2016-09-17 07:51:03
8125,2016-09-17 06:47:03
8084,2016-09-15 16:19:04
8083,2016-09-15 15:19:06
8081,2016-09-15 14:18:03
8074,2016-09-15 13:18:33
8066,2016-09-14 20:12:06
8063,2016-09-14 19:12:02
8060,2016-09-14 18:12:19
8057,2016-09-14 13:36:04
8055,2016-09-14 12:36:05
8052,2016-09-14 11:36:19
8048,2016-09-14 09:33:01
8047,2016-09-14 08:33:02
8046,2016-09-14 07:33:02
8044,2016-09-13 22:32:04
8043,2016-09-13 21:32:03
8037,2016-09-13 20:26:01
8006,2016-09-13 19:26:01
8003,2016-09-13 18:26:02
8001,2016-09-13 17:26:03
8000,2016-09-13 16:26:04
7997,2016-09-13 15:26:02
7996,2016-09-13 14:25:11
7994,2016-09-13 13:26:02
7992,2016-09-13 12:25:19
7982,2016-09-13 11:25:43
7969,2016-09-12 17:36:06
7964,2016-09-12 15:58:03
7960,2016-09-12 14:58:45
7950,2016-09-11 16:13:14
7947,2016-09-11 15:13:02
7946,2016-09-11 13:12:08
7942,2016-09-11 12:12:50
7939,2016-09-10 15:40:17
7938,2016-09-10 13:40:09
7929,2016-09-10 11:40:37
7923,2016-09-09 19:18:06
7920,2016-09-08 20:28:57
7913,2016-09-08 09:43:02
7911,2016-09-08 07:42:06
7905,2016-09-07 22:21:02
7901,2016-09-07 21:13:06
7898,2016-09-07 20:13:08
7895,2016-09-07 19:13:26
7890,2016-09-07 11:14:08
7888,2016-09-07 09:14:34
7883,2016-09-06 16:53:05
7881,2016-09-06 15:52:02
7877,2016-09-06 14:52:46
7871,2016-09-05 19:36:02
7869,2016-09-05 18:22:58
7865,2016-09-05 14:42:02
7864,2016-09-05 13:42:07
7858,2016-09-05 12:31:36
7855,2016-09-04 19:06:30
7852,2016-09-04 16:06:11
7848,2016-09-04 13:56:48
7835,2016-06-23 12:24:07
7832,2016-06-22 14:03:45
7829,2016-06-19 22:19:57
7821,2016-06-15 13:05:04
7818,2016-06-14 19:07:00
7816,2016-06-12 18:18:54
7814,2016-06-10 10:45:04
7808,2016-06-08 18:45:16
7793,2016-06-06 13:46:12
7790,2016-06-05 21:35:13
7789,2016-06-05 20:35:21
7781,2016-06-05 15:35:22
7778,2016-06-05 14:35:30
7772,2016-06-05 13:37:52
7767,2016-06-04 13:29:46
7765,2016-06-03 18:02:45
7762,2016-06-02 11:54:24
7760,2016-05-31 13:33:08
7756,2016-05-30 12:17:56
7753,2016-05-28 13:05:37
7747,2016-05-25 12:08:43
7744,2016-05-23 13:16:16
7741,2016-05-21 11:38:18
7739,2016-05-20 12:50:05
7737,2016-05-20 11:54:52
7734,2016-05-18 19:42:31
7731,2016-05-18 16:47:15
7729,2016-05-18 11:42:10
7725,2016-05-16 14:03:15
7723,2016-05-16 13:03:34
7720,2016-05-10 15:09:32
7712,2016-04-28 16:30:47
7710,2016-04-28 16:19:48
7707,2016-04-28 07:45:11
7703,2016-04-27 21:45:06
7700,2016-04-27 20:47:45
7694,2016-04-25 19:16:18
7693,2016-04-22 19:55:13
7691,2016-04-22 09:15:02
7688,2016-04-21 10:36:12
7685,2016-04-20 17:30:00
7683,2016-04-20 15:50:25
7681,2016-04-20 15:10:08
7680,2016-04-20 14:50:20
7678,2016-04-20 14:15:04
7672,2016-04-20 13:19:15
7667,2016-04-20 12:31:16
7666,2016-04-20 11:52:32
7665,2016-04-20 10:39:47
7658,2016-04-19 11:06:25
7654,2016-04-18 17:10:13
7653,2016-04-18 15:10:17
7651,2016-04-18 13:10:13
7650,2016-04-18 11:10:16
7649,2016-04-18 09:56:46
7647,2016-04-18 09:01:20
7638,2016-04-17 16:01:15
7637,2016-04-15 18:10:14
7636,2016-04-15 15:10:14
7634,2016-04-15 11:10:37
7632,2016-04-15 09:10:19
7631,2016-04-15 08:10:22
7629,2016-04-14 17:10:04
7628,2016-04-14 16:10:09
7620,2016-04-14 15:27:13
7598,2016-04-06 07:50:04
7596,2016-04-05 11:50:12
7594,2016-04-05 07:50:10
7590,2016-04-04 19:53:12
7581,2016-03-31 07:05:25
7575,2016-03-25 07:45:15
7569,2016-03-23 11:30:21
7568,2016-03-23 07:30:04
7565,2016-03-22 21:16:34
7561,2016-03-22 17:15:23
7559,2016-03-22 11:15:16
7555,2016-03-22 07:15:33
7550,2016-03-21 20:25:05
7549,2016-03-21 16:25:05
7548,2016-03-21 14:25:04
7545,2016-03-21 10:25:08
7543,2016-03-21 08:25:14
7537,2016-03-20 16:26:32
7536,2016-03-20 15:20:08
7534,2016-03-20 11:20:08
7533,2016-03-20 07:20:06
7530,2016-03-19 18:20:08
7526,2016-03-19 12:20:04
7524,2016-03-19 09:15:10
7520,2016-03-18 19:15:08
7519,2016-03-18 15:15:12
7517,2016-03-18 11:15:16
7513,2016-03-18 08:15:13
7512,2016-03-17 19:15:22
7509,2016-03-17 16:15:08
7499,2016-03-17 14:17:32
7489,2016-03-15 17:15:24
7485,2016-03-15 10:16:55
7481,2016-03-14 16:50:18
7480,2016-03-14 15:50:20
7476,2016-03-14 14:50:13
7468,2016-03-12 17:50:11
7466,2016-03-12 15:25:22
7462,2016-03-12 12:25:08
7458,2016-03-12 08:25:10
7450,2016-03-11 19:25:08
7446,2016-03-11 17:57:34
7445,2016-03-11 15:25:10
7444,2016-03-11 11:25:07
7441,2016-03-11 07:25:16
7424,2016-03-09 09:15:29
7417,2016-03-05 07:20:13
7415,2016-03-04 20:20:10
7413,2016-03-04 16:20:00
7408,2016-03-04 15:01:21
7403,2016-03-03 13:05:20
7399,2016-03-02 16:25:16
7398,2016-03-02 13:25:23
7395,2016-03-02 12:20:18
7392,2016-03-02 08:20:09
7388,2016-03-01 19:20:10
7385,2016-03-01 15:20:10
7381,2016-03-01 11:20:16
7377,2016-03-01 07:20:25
7371,2016-02-29 20:21:21
7366,2016-02-27 09:10:25
7362,2016-02-27 06:35:19
7351,2016-02-24 17:10:24
7348,2016-02-24 11:10:27
7347,2016-02-24 09:10:24
7342,2016-02-23 20:10:45
7338,2016-02-22 10:10:00
7333,2016-02-21 18:30:22
7332,2016-02-21 15:25:04
7329,2016-02-21 11:25:11
7327,2016-02-21 08:25:10
7322,2016-02-20 22:26:49
7313,2016-02-19 18:25:04
7309,2016-02-19 16:28:50
7307,2016-02-19 07:25:06
7301,2016-02-18 17:25:58
7294,2016-02-18 10:15:14
7293,2016-02-18 09:10:14
7292,2016-02-17 18:50:22
7288,2016-02-17 17:35:21
7286,2016-02-17 16:30:51
7284,2016-02-17 15:25:26
7282,2016-02-17 14:25:25
7279,2016-02-17 13:25:17
7276,2016-02-17 12:25:22
7274,2016-02-17 11:25:32
7272,2016-02-17 10:25:28
7264,2016-02-17 09:28:59
7261,2016-02-17 07:25:13
7258,2016-02-16 14:20:13
7254,2016-02-16 10:05:33
7252,2016-02-15 20:09:41
7247,2016-02-15 17:10:31
7245,2016-02-15 15:10:00
7244,2016-02-15 14:10:00
7239,2016-02-15 12:35:16
7233,2016-02-15 10:37:55
7230,2016-02-14 09:01:38
7225,2016-02-13 14:40:10
7219,2016-02-12 17:30:48
7217,2016-02-12 16:32:10
7210,2016-02-12 07:10:26
7204,2016-02-11 13:25:04
7199,2016-02-11 12:24:21
7197,2016-02-11 07:35:25
7191,2016-02-10 18:29:31
7190,2016-02-10 17:05:23
7186,2016-02-10 16:05:28
7185,2016-02-10 15:53:00
7180,2016-02-10 15:05:08
7177,2016-02-10 14:10:00
7176,2016-02-10 13:10:00
7174,2016-02-10 12:10:01
7169,2016-02-10 11:10:05
7164,2016-02-10 10:07:00
7159,2016-02-10 06:25:05
7158,2016-02-09 19:25:10
7157,2016-02-09 18:35:49
7155,2016-02-09 17:25:43
7152,2016-02-09 16:25:30
7151,2016-02-09 15:25:24
7150,2016-02-09 14:25:24
7141,2016-02-09 13:27:34
7133,2016-02-09 06:10:18
7130,2016-02-08 20:20:10
7128,2016-02-08 15:10:38
7127,2016-02-08 14:10:28
7126,2016-02-08 13:10:21
7121,2016-02-08 10:10:00
7118,2016-02-08 09:10:08
7117,2016-02-08 08:35:05
7111,2016-02-08 08:11:41
7110,2016-02-08 07:35:10
7108,2016-02-08 06:35:06
7107,2016-02-07 18:35:17
7106,2016-02-07 17:35:27
7105,2016-02-07 16:35:16
7104,2016-02-07 15:35:21
7096,2016-02-07 14:16:45
7090,2016-02-05 21:31:24
7088,2016-02-05 15:18:23
7083,2016-02-05 10:10:00
7079,2016-02-05 08:35:08
7076,2016-02-05 07:35:08
7075,2016-02-05 06:35:13
7074,2016-02-04 20:57:38
7071,2016-02-04 19:35:09
7070,2016-02-04 18:35:16
7069,2016-02-04 17:35:29
7068,2016-02-04 16:35:27
7066,2016-02-04 15:35:30
7065,2016-02-04 14:35:00
7054,2016-02-04 13:39:35
7044,2016-02-03 09:10:00
7042,2016-02-03 08:10:24
7039,2016-02-03 07:10:04
7034,2016-02-03 06:01:42
7029,2016-02-02 15:09:00
7026,2016-02-02 11:10:01
7024,2016-02-02 10:00:43
7021,2016-02-01 21:35:09
7019,2016-02-01 20:42:32
7016,2016-02-01 13:10:19
7015,2016-02-01 12:10:12
7013,2016-02-01 11:10:21
7012,2016-02-01 10:10:19
7011,2016-02-01 09:10:08
7010,2016-02-01 08:10:12
7009,2016-02-01 07:10:16
7008,2016-02-01 06:10:19
7005,2016-01-31 22:10:09
7004,2016-01-31 21:10:11
7003,2016-01-31 20:10:12
6989,2016-01-31 18:23:31
6985,2016-01-30 15:35:25
6983,2016-01-30 14:35:18
6980,2016-01-30 13:37:04
6979,2016-01-30 13:36:29
6970,2016-01-29 18:35:05
6967,2016-01-29 12:46:23
6962,2016-01-28 19:35:09
6959,2016-01-28 17:35:14
6958,2016-01-28 16:35:16
6956,2016-01-28 15:35:14
6953,2016-01-28 14:35:26
6952,2016-01-28 13:35:20
6951,2016-01-28 12:35:13
6948,2016-01-28 11:35:18
6946,2016-01-28 10:35:16
6945,2016-01-28 09:35:20
6943,2016-01-28 08:35:17
6929,2016-01-28 07:35:19
6925,2016-01-28 05:21:01
6922,2016-01-27 17:35:07
6919,2016-01-27 16:35:20
6918,2016-01-27 15:35:23
6914,2016-01-27 14:35:17
6913,2016-01-27 13:35:13
6910,2016-01-27 12:35:08
6908,2016-01-27 11:35:13
6904,2016-01-27 10:35:15
6902,2016-01-27 09:35:12
6900,2016-01-27 08:35:05
6897,2016-01-27 07:35:05
6895,2016-01-27 06:35:05
6894,2016-01-26 22:35:00
6887,2016-01-26 21:35:00
6885,2016-01-26 20:35:04
6882,2016-01-26 19:35:13
6879,2016-01-26 17:35:08
6877,2016-01-26 16:35:13
6875,2016-01-26 15:35:15
6873,2016-01-26 14:35:16
6869,2016-01-26 13:35:24
6865,2016-01-26 11:35:17
6864,2016-01-26 10:35:26
6862,2016-01-26 09:35:18
6860,2016-01-26 08:35:08
6842,2016-01-26 06:10:18
6840,2016-01-26 05:14:34
6837,2016-01-25 20:35:09
6836,2016-01-25 19:35:08
6834,2016-01-25 18:35:04
6829,2016-01-25 16:35:08
6827,2016-01-25 12:35:04
6822,2016-01-25 08:35:04
6820,2016-01-25 07:35:04
6819,2016-01-25 06:35:04
6813,2016-01-24 20:35:04
6808,2016-01-24 19:35:05
6807,2016-01-24 18:35:04
6806,2016-01-24 17:35:09
6805,2016-01-24 16:35:09
6802,2016-01-24 15:35:08
6801,2016-01-24 14:35:08
6799,2016-01-24 13:35:18
6795,2016-01-24 12:35:06
6793,2016-01-24 11:35:10
6790,2016-01-24 10:35:08
6787,2016-01-24 09:35:10
6780,2016-01-24 08:35:21
6778,2016-01-24 07:35:09
6772,2016-01-23 20:35:01
6769,2016-01-23 19:35:04
6756,2016-01-23 18:35:05
6751,2016-01-23 17:35:04
6749,2016-01-23 16:35:01
6748,2016-01-23 15:35:00
6746,2016-01-23 14:35:04
6743,2016-01-23 13:35:05
6741,2016-01-23 12:35:00
6739,2016-01-23 11:35:05
6736,2016-01-23 10:35:06
6734,2016-01-23 09:35:02
6733,2016-01-23 08:35:04
6731,2016-01-23 07:35:04
6729,2016-01-23 06:35:04
6726,2016-01-22 22:35:00
6725,2016-01-22 21:35:00
6721,2016-01-22 20:35:02
6718,2016-01-22 19:35:12
6715,2016-01-22 18:35:08
6713,2016-01-22 17:35:04
6712,2016-01-22 16:35:05
6710,2016-01-22 15:35:09
6709,2016-01-22 14:35:08
6708,2016-01-22 13:35:12
6706,2016-01-22 12:35:08
6705,2016-01-22 11:35:08
6701,2016-01-22 10:35:08
6697,2016-01-22 08:35:06
6696,2016-01-22 07:35:12
6695,2016-01-22 06:35:16
6694,2016-01-21 22:10:06
6693,2016-01-21 21:10:04
6690,2016-01-21 20:10:04
6688,2016-01-21 19:10:07
6686,2016-01-21 18:10:08
6685,2016-01-21 17:10:08
6684,2016-01-21 16:10:16
6655,2016-01-21 15:10:20
6654,2016-01-21 14:10:15
6653,2016-01-21 13:11:18
6652,2016-01-21 13:10:17
6651,2016-01-21 12:10:09
6650,2016-01-21 11:10:30
6645,2016-01-21 10:10:06
6643,2016-01-21 08:10:19
6642,2016-01-21 07:35:05
6640,2016-01-21 06:10:20
6637,2016-01-20 22:10:08
6636,2016-01-20 21:10:08
6625,2016-01-20 20:10:29
6624,2016-01-20 19:35:20
6620,2016-01-20 18:51:13
6549,2015-11-12 07:50:16
6546,2015-11-10 20:50:13
6539,2015-11-10 20:05:36
6537,2015-11-10 19:39:22
6528,2015-11-07 20:25:13
6523,2015-11-07 19:51:08
6435,2015-06-22 12:35:08
6432,2015-06-20 14:45:20
6430,2015-06-19 12:02:51
6422,2015-06-14 15:00:33
6421,2015-06-13 11:00:04
6420,2015-06-12 17:00:22
6417,2015-06-12 08:00:43
6400,2015-05-30 20:00:50
6397,2015-05-30 18:03:40
6382,2015-05-23 14:50:00
6376,2015-05-22 16:46:47
6363,2015-05-20 10:47:22
6359,2015-05-18 20:29:49
6346,2015-05-14 09:40:11
6336,2015-05-05 09:45:17
6333,2015-04-30 09:04:02
6330,2015-04-29 09:55:01
6325,2015-04-28 18:16:07
6321,2015-04-28 05:37:04
6318,2015-04-26 10:58:11
6309,2015-04-21 19:10:17
6307,2015-04-21 18:13:41
6305,2015-04-20 14:55:08
6300,2015-04-20 11:55:33
6296,2015-04-19 06:20:06
6276,2015-04-15 14:06:26
6274,2015-04-15 10:10:49
6268,2015-04-12 08:50:04
6259,2015-04-10 17:32:20
6256,2015-04-09 18:25:06
6254,2015-04-09 14:25:10
6250,2015-04-09 10:28:57
6246,2015-04-08 19:50:09
6244,2015-04-08 17:52:25
6237,2015-04-07 20:15:08
6234,2015-04-07 19:29:05
6219,2015-04-05 14:25:12
6214,2015-04-05 10:28:22
6204,2015-04-03 06:47:45
6188,2015-04-02 18:54:55
6183,2015-04-02 17:40:17
6177,2015-04-01 19:15:13
6176,2015-04-01 16:36:47
6175,2015-04-01 13:20:20
6173,2015-04-01 08:53:51
6168,2015-03-31 10:51:34
6165,2015-03-30 12:01:57
6160,2015-03-27 18:15:20
6158,2015-03-27 17:28:08
6155,2015-03-26 19:13:21
6153,2015-03-25 19:10:21
6151,2015-03-25 18:25:14
6147,2015-03-25 14:05:29
6142,2015-03-25 11:10:44
6141,2015-03-23 12:07:50
6136,2015-03-21 19:07:14
6132,2015-03-20 19:07:50
6131,2015-03-20 18:19:10
6128,2015-03-19 19:45:48
6122,2015-03-18 18:08:36
6120,2015-03-18 16:22:36
6114,2015-03-17 20:40:05
6112,2015-03-17 19:53:48
6106,2015-03-17 13:45:32
6102,2015-03-16 18:25:08
6101,2015-03-16 15:25:08
6095,2015-03-16 13:27:14
6092,2015-03-14 12:29:25
6087,2015-03-13 20:49:57
6086,2015-03-13 14:32:32
6081,2015-03-12 17:25:12
6079,2015-03-12 16:08:54
6076,2015-03-11 18:10:18
6075,2015-03-11 17:05:00
6071,2015-03-11 16:08:15
6065,2015-03-10 18:57:00
6052,2015-03-06 18:46:21
6050,2015-03-06 16:19:57
6037,2015-03-05 18:50:13
6034,2015-03-05 17:50:16
6030,2015-03-05 15:50:47
6025,2015-03-03 19:43:11
6024,2015-03-03 18:09:30
6020,2015-03-01 13:45:30
6013,2015-02-27 19:30:08
6010,2015-02-26 20:22:16
6003,2015-02-26 12:43:08
6000,2015-02-25 16:07:31
5996,2015-02-25 08:06:00
5991,2015-02-24 14:29:36
5988,2015-02-23 17:50:05
5987,2015-02-23 15:50:15
5983,2015-02-22 14:14:53
5982,2015-02-21 20:53:55
5980,2015-02-21 07:55:24
5973,2015-02-20 20:05:00
5971,2015-02-20 11:26:00
5968,2015-02-19 18:55:16
5965,2015-02-19 17:45:22
5958,2015-02-18 17:51:56
5957,2015-02-18 09:28:32
5949,2015-02-17 18:02:46
5942,2015-02-17 16:19:20
5931,2015-02-17 07:18:27
5917,2015-02-16 17:59:54
5913,2015-02-16 15:05:04
5910,2015-02-16 14:33:57
5908,2015-02-15 18:18:24
5905,2015-02-14 20:15:53
5899,2015-02-13 20:00:04
5898,2015-02-13 19:00:16
5897,2015-02-13 17:00:44
5895,2015-02-13 14:00:55
5893,2015-02-13 12:00:50
5884,2015-02-13 08:52:56
5879,2015-02-12 17:25:04
5875,2015-02-12 13:25:04
5866,2015-02-12 09:26:41
5856,2015-02-11 18:35:45
5852,2015-02-11 08:30:55
5836,2015-02-10 20:15:40
5834,2015-02-10 20:14:04
5830,2015-02-09 11:25:44
5823,2015-02-08 18:51:17
5822,2015-02-08 18:25:51
5815,2015-02-07 19:51:45
5814,2015-02-07 18:25:18
5809,2015-02-05 11:13:19
5802,2015-02-04 17:30:14
5801,2015-02-04 15:30:09
5794,2015-02-04 11:30:12
5792,2015-02-04 10:14:18
5791,2015-02-04 08:20:05
5784,2015-02-03 20:51:00
5780,2015-02-02 18:14:34
5778,2015-02-02 12:24:15
5772,2015-02-01 15:15:13
5770,2015-02-01 14:01:34
5767,2015-01-31 19:41:45
5751,2015-01-30 20:19:26
5741,2015-01-28 19:16:00
5740,2015-01-28 16:47:01
5738,2015-01-28 14:59:39
5727,2015-01-27 19:50:05
5722,2015-01-27 18:35:56
5708,2015-01-27 06:40:04
5683,2015-01-26 18:57:30
5678,2015-01-26 14:32:13
5626,2015-01-25 17:45:19
5624,2015-01-25 16:56:36
5621,2015-01-23 19:25:10
5619,2015-01-23 18:36:37
5608,2015-01-21 19:02:32
5606,2015-01-21 16:55:04
5603,2015-01-21 15:06:49
5600,2015-01-20 19:15:17
5597,2015-01-20 18:20:20
5591,2015-01-19 19:24:00
5590,2015-01-19 17:13:57
5589,2015-01-19 15:31:22
5583,2015-01-19 10:02:01
5579,2015-01-17 19:30:00
5574,2015-01-16 18:55:04
5571,2015-01-16 17:39:35
5567,2015-01-16 14:59:41
5564,2015-01-15 17:45:34
5561,2015-01-15 15:15:20
5552,2015-01-15 13:02:10
5542,2015-01-14 20:59:12
5528,2015-01-14 19:15:06
5524,2015-01-14 17:55:08
5521,2015-01-14 16:51:53
5511,2015-01-13 20:36:29
5510,2015-01-13 20:10:09
5508,2015-01-13 19:30:52
5502,2015-01-12 20:20:34
5498,2015-01-12 17:40:05
5493,2015-01-12 16:10:09
5461,2014-12-27 21:19:49
5458,2014-12-27 18:25:05
5455,2014-12-27 17:27:13
5448,2014-12-26 09:28:16
5442,2014-12-25 20:11:42
5440,2014-12-25 19:48:31
5434,2014-12-24 19:49:55
5432,2014-12-24 18:36:23
5431,2014-12-24 16:26:00
5422,2014-12-23 15:30:42
5408,2014-12-21 14:32:11
5397,2014-12-20 13:47:09
5388,2014-12-19 18:50:05
5385,2014-12-19 17:08:04
5374,2014-12-18 16:52:51
5366,2014-12-18 13:57:00
5358,2014-12-18 09:36:50
5338,2014-12-17 20:20:00
5336,2014-12-17 19:50:04
5332,2014-12-17 18:36:32
5323,2014-12-16 18:55:04
5318,2014-12-16 17:39:52
5315,2014-12-16 14:06:54
5312,2014-12-16 12:57:28
5306,2014-12-15 18:01:04
5305,2014-12-15 16:24:21
5302,2014-12-15 13:48:42
5293,2014-12-13 19:04:18
5291,2014-12-13 17:09:17
5287,2014-12-12 19:40:04
5285,2014-12-12 18:28:27
5273,2014-12-11 06:20:48
5267,2014-12-10 18:05:38
5254,2014-12-10 08:14:36
5247,2014-12-09 19:35:04
5240,2014-12-09 18:23:10
5235,2014-12-09 16:14:54
5231,2014-12-08 20:25:00
5226,2014-12-08 19:15:13
5222,2014-12-08 18:26:27
5207,2014-12-07 13:28:41
5193,2014-12-06 19:22:08
5192,2014-12-06 18:10:34
5181,2014-12-05 18:50:49
5174,2014-12-04 17:51:10
5169,2014-12-04 17:10:12
5167,2014-12-04 15:37:49
5157,2014-12-03 20:41:57
5152,2014-12-03 19:40:22
5150,2014-12-03 16:36:33
5149,2014-12-03 14:25:33
5141,2014-12-02 19:56:20
5137,2014-12-02 16:05:16
5131,2014-12-02 14:51:17
5128,2014-12-02 11:51:28
5125,2014-12-02 07:59:55
5121,2014-12-01 19:08:04
5114,2014-12-01 17:20:12
5108,2014-12-01 16:21:37
5103,2014-12-01 12:29:33
5098,2014-11-29 09:56:57
5096,2014-11-29 08:19:44
5087,2014-11-28 20:40:11
5086,2014-11-28 19:29:12
5080,2014-11-28 13:59:11
5070,2014-11-27 19:30:21
5069,2014-11-27 16:56:33
5068,2014-11-27 13:30:17
5067,2014-11-27 12:08:23
5052,2014-11-25 19:37:04
5049,2014-11-25 16:54:01
5048,2014-11-25 14:54:22
5036,2014-11-24 19:16:00
5033,2014-11-24 17:27:13
5014,2014-11-21 18:26:33
5006,2014-11-21 18:12:43
5000,2014-11-21 17:10:08
4997,2014-11-21 16:11:18
4985,2014-11-20 20:39:09
4982,2014-11-20 19:40:02
4979,2014-11-20 18:51:00
4974,2014-11-20 15:32:02
4960,2014-11-19 19:04:29
4958,2014-11-19 18:01:24
4957,2014-11-19 14:44:42
4953,2014-11-19 09:38:47
4948,2014-11-18 18:27:44
4947,2014-11-18 17:13:45
4944,2014-11-18 13:54:03
4932,2014-11-17 15:33:44
4929,2014-11-17 13:14:00
4922,2014-11-15 19:01:09
4918,2014-11-15 17:48:53
4916,2014-11-15 16:07:04
4911,2014-11-15 09:20:23
4904,2014-11-14 20:31:30
4900,2014-11-14 17:41:17
4897,2014-11-14 16:37:24
4894,2014-11-14 14:18:32
4891,2014-11-14 06:42:09
4885,2014-11-13 19:35:08
4881,2014-11-13 18:56:53
4878,2014-11-13 17:36:30
4867,2014-11-13 12:39:37
4861,2014-11-12 19:25:04
4857,2014-11-12 18:16:42
4846,2014-11-11 16:00:06
4837,2014-11-11 09:46:31
4835,2014-11-11 08:48:01
4831,2014-11-11 05:47:05
4827,2014-11-10 20:40:04
4825,2014-11-10 19:14:54
4821,2014-11-10 16:12:11
4813,2014-11-08 10:18:58
4810,2014-11-07 17:08:19
4807,2014-11-07 12:25:35
4797,2014-11-06 16:28:48
4792,2014-11-06 13:10:41
4786,2014-11-06 11:14:00
4781,2014-11-05 15:00:22
4779,2014-11-04 08:40:45
4774,2014-11-03 15:24:35
4773,2014-11-03 07:56:36
4772,2014-11-02 12:25:00
4770,2014-11-02 08:40:02
4762,2014-10-30 12:50:04
4760,2014-10-30 11:15:23
4754,2014-10-29 20:23:52
4752,2014-10-29 18:33:56
4747,2014-10-29 16:56:39
4736,2014-10-29 09:16:38
4730,2014-10-28 19:35:00
4727,2014-10-28 18:30:04
4724,2014-10-28 13:15:18
4716,2014-10-27 20:35:32
4715,2014-10-27 20:12:38
4711,2014-10-27 10:19:19
4706,2014-10-27 06:23:12
4704,2014-10-26 15:30:10
4701,2014-10-26 14:10:06
4696,2014-10-25 16:52:06
4677,2014-10-25 15:22:45
4676,2014-10-25 15:18:44
4673,2014-10-25 12:21:40
4665,2014-10-24 19:09:30
4663,2014-10-24 17:16:34
4660,2014-10-24 15:35:04
4657,2014-10-24 09:36:01
4648,2014-10-24 05:41:53
4647,2014-10-23 20:01:51
4637,2014-10-23 12:35:28
4634,2014-10-23 10:45:00
4625,2014-10-22 12:46:48
4623,2014-10-22 11:19:53
4617,2014-10-22 07:07:19
4609,2014-10-21 16:33:16
4602,2014-10-21 04:57:40
4588,2014-10-20 17:54:25
4586,2014-10-20 16:15:06
4576,2014-10-20 15:00:40
4570,2014-10-20 14:03:33
4566,2014-10-20 09:33:20
4559,2014-10-19 16:02:48
4557,2014-10-19 14:14:30
4555,2014-10-19 10:07:05
4553,2014-10-19 09:06:39
4548,2014-10-17 17:57:51
4546,2014-10-17 16:04:36
4538,2014-10-17 08:19:03
4530,2014-10-16 19:27:16
4527,2014-10-16 17:36:14
4526,2014-10-16 15:28:00
4513,2014-10-16 14:28:46
4507,2014-10-16 10:02:29
4505,2014-10-16 08:47:22
4497,2014-10-15 18:53:39
4496,2014-10-15 17:37:36
4494,2014-10-15 16:23:43
4492,2014-10-15 15:01:28
4489,2014-10-15 12:20:40
4488,2014-10-15 09:40:15
4483,2014-10-14 19:35:43
4478,2014-10-14 17:03:25
4474,2014-10-14 16:03:08
4472,2014-10-14 13:41:00
4469,2014-10-14 11:04:18
4468,2014-10-14 09:46:38
4467,2014-10-14 08:35:58
4456,2014-10-13 18:07:39
4454,2014-10-13 17:08:21
4452,2014-10-13 16:13:54
4451,2014-10-13 15:50:04
4449,2014-10-13 14:59:27
4448,2014-10-13 13:06:23
4441,2014-10-13 09:52:52
4436,2014-10-12 18:13:33
4435,2014-10-12 15:37:22
4434,2014-10-12 07:09:18
4429,2014-10-11 17:55:00
4428,2014-10-11 17:30:45
4424,2014-10-11 17:00:29
4423,2014-10-11 16:15:05
4419,2014-10-11 15:09:45
4417,2014-10-11 13:06:18
4404,2014-10-10 11:05:18
4399,2014-10-10 09:17:08
4395,2014-10-10 07:30:30
4390,2014-10-09 19:48:41
4384,2014-10-09 18:25:00
4381,2014-10-09 17:43:49
4380,2014-10-09 16:45:05
4376,2014-10-09 15:46:33
4369,2014-10-09 13:30:49
4364,2014-10-09 08:09:10
4360,2014-10-08 16:05:14
4359,2014-10-08 14:50:04
4356,2014-10-08 13:57:05
4352,2014-10-08 08:17:46
4342,2014-10-07 19:29:14
4340,2014-10-07 18:09:21
4337,2014-10-07 16:52:45
4335,2014-10-07 16:07:12
4333,2014-10-07 14:39:13
4329,2014-10-07 12:22:12
4327,2014-10-07 09:11:01
4322,2014-10-07 06:18:11
4317,2014-10-06 16:57:52
4312,2014-10-06 16:11:34
4310,2014-10-06 14:50:51
4308,2014-10-06 13:30:15
4306,2014-10-06 12:22:18
4281,2014-10-03 09:15:30
4277,2014-10-03 04:50:00
4272,2014-10-02 19:40:00
4270,2014-10-02 18:50:00
4267,2014-10-02 18:05:09
4262,2014-10-02 17:23:06
4254,2014-10-02 11:53:48
4253,2014-10-02 11:27:32
4252,2014-10-02 10:08:09
4251,2014-10-02 08:06:19
4241,2014-10-01 19:22:52
4237,2014-10-01 16:56:38
4235,2014-10-01 16:13:00
4234,2014-10-01 15:19:31
4233,2014-10-01 14:21:16
4232,2014-10-01 13:33:34
4222,2014-09-30 18:30:04
4220,2014-09-30 17:40:04
4213,2014-09-30 16:30:14
4205,2014-09-30 15:35:55
4200,2014-09-30 10:36:59
4192,2014-09-29 18:51:27
4187,2014-09-29 17:22:05
4186,2014-09-29 16:45:05
4182,2014-09-29 15:48:35
4181,2014-09-29 13:56:12
4174,2014-09-29 11:40:10
4170,2014-09-29 08:04:48
4157,2014-09-28 18:05:23
4153,2014-09-28 16:04:41
4150,2014-09-28 14:40:01
4148,2014-09-28 13:31:51
4144,2014-09-27 18:24:00
4133,2014-09-27 16:52:43
4131,2014-09-27 15:50:00
4129,2014-09-27 14:45:19
4121,2014-09-26 19:29:49
4115,2014-09-26 15:57:55
4112,2014-09-26 14:33:31
4111,2014-09-26 13:04:51
4110,2014-09-26 10:56:52
4106,2014-09-26 09:32:38
4105,2014-09-26 05:48:47
4093,2014-09-25 18:24:07
4090,2014-09-25 17:17:15
4089,2014-09-25 16:06:01
4087,2014-09-25 11:49:17
4083,2014-09-25 09:57:05
4081,2014-09-25 08:09:26
4074,2014-09-25 07:10:28
4067,2014-09-24 12:20:00
4061,2014-09-24 05:55:52
4054,2014-09-23 18:33:24
4052,2014-09-23 17:14:49
4050,2014-09-23 16:25:04
4046,2014-09-23 13:35:01
4044,2014-09-23 12:08:36
4042,2014-09-23 10:10:02
4040,2014-09-23 08:54:39
4027,2014-09-22 16:55:00
4026,2014-09-22 15:40:00
4020,2014-09-22 14:40:02
4016,2014-09-22 12:50:00
4015,2014-09-22 11:25:01
4010,2014-09-22 10:44:17
4007,2014-09-21 10:15:00
3999,2014-09-20 18:17:13
3997,2014-09-20 17:10:25
3993,2014-09-20 08:59:47
3981,2014-09-19 19:14:41
3979,2014-09-19 17:44:54
3978,2014-09-19 15:47:35
3971,2014-09-19 12:25:02
3970,2014-09-19 10:15:01
3967,2014-09-19 09:00:17
3960,2014-09-18 18:53:41
3956,2014-09-18 15:50:39
3955,2014-09-18 14:49:08
3952,2014-09-18 12:37:20
3943,2014-09-18 07:53:19
3941,2014-09-18 04:45:33
3937,2014-09-17 16:30:04
3932,2014-09-17 12:25:00
3925,2014-09-17 11:42:40
3923,2014-09-17 08:38:52
3907,2014-09-16 18:18:29
3899,2014-09-16 16:33:58
3896,2014-09-16 14:47:03
3895,2014-09-16 13:51:11
3893,2014-09-16 11:21:46
3889,2014-09-16 03:58:49
3886,2014-09-15 19:14:26
3880,2014-09-15 16:51:04
3877,2014-09-15 16:13:09
3872,2014-09-15 09:19:00
3869,2014-09-15 08:16:37
3865,2014-09-14 16:59:40
3861,2014-09-14 14:22:59
3856,2014-09-14 13:09:38
3840,2014-09-13 17:54:17
3838,2014-09-13 16:40:21
3837,2014-09-13 15:19:40
3835,2014-09-13 11:57:43
3832,2014-09-12 18:03:30
3827,2014-09-12 13:54:33
3825,2014-09-12 10:55:04
3823,2014-09-12 09:23:17
3817,2014-09-11 16:58:31
3815,2014-09-11 15:30:13
3813,2014-09-11 14:26:14
3812,2014-09-11 10:48:35
3806,2014-09-11 08:06:58
3803,2014-09-10 20:03:14
3799,2014-09-10 07:01:00
3795,2014-09-09 19:32:37
3791,2014-09-09 15:02:12
3783,2014-09-09 08:58:01
3778,2014-09-09 07:10:00
3777,2014-09-09 04:16:00
3776,2014-09-08 16:52:01
3774,2014-09-08 16:27:15
3771,2014-09-08 15:19:51
3770,2014-09-08 12:10:01
3767,2014-09-08 08:17:53
3766,2014-09-06 18:50:17
3765,2014-09-06 18:46:06
3764,2014-09-06 09:14:21
3763,2014-09-05 16:29:31
3762,2014-09-05 07:46:39
3761,2014-09-05 06:56:25
3758,2014-09-04 17:57:23
3754,2014-09-04 14:05:05
3749,2014-09-04 11:18:36
3744,2014-09-04 07:47:06
3739,2014-09-03 15:57:30
3736,2014-09-03 13:12:05
3734,2014-09-03 11:08:10
3731,2014-09-02 17:46:12
3730,2014-09-02 14:53:15
3728,2014-09-02 08:22:35
3726,2014-09-01 17:23:06
3725,2014-09-01 14:55:29
3724,2014-09-01 12:41:28
3721,2014-08-31 19:25:52
3702,2014-06-29 19:37:10
3701,2014-06-29 19:34:25
3697,2014-06-29 15:18:51
3695,2014-06-29 12:52:37
3694,2014-06-29 11:09:11
3690,2014-06-28 19:26:35
3688,2014-06-28 16:52:04
3686,2014-06-28 14:49:48
3681,2014-06-27 18:15:19
3680,2014-06-27 16:45:24
3678,2014-06-27 13:48:30
3672,2014-06-26 18:11:55
3669,2014-06-26 16:50:05
3663,2014-06-25 18:30:04
3661,2014-06-25 17:40:00
3656,2014-06-25 16:24:49
3648,2014-06-24 18:00:21
3646,2014-06-24 17:04:00
3645,2014-06-24 16:31:59
3644,2014-06-24 09:59:38
3638,2014-06-23 19:50:04
3637,2014-06-23 19:15:02
3633,2014-06-23 18:41:55
3629,2014-06-23 15:57:41
3625,2014-06-22 13:42:24
3622,2014-06-22 11:25:13
3620,2014-06-21 15:55:12
3619,2014-06-21 13:10:53
3613,2014-06-20 19:35:42
3612,2014-06-20 16:42:11
3611,2014-06-20 15:43:34
3601,2014-06-18 18:10:04
3599,2014-06-18 17:30:00
3598,2014-06-18 08:55:14
3581,2014-06-17 18:31:50
3579,2014-06-17 16:46:28
3575,2014-06-16 17:35:00
3573,2014-06-16 15:20:19
3571,2014-06-16 14:19:33
3570,2014-06-16 09:22:38
3557,2014-06-15 16:00:05
3555,2014-06-15 15:08:36
3554,2014-06-15 14:02:57
3536,2014-06-14 18:51:11
3535,2014-06-14 18:41:04
3533,2014-06-14 17:10:00
3530,2014-06-14 16:02:28
3521,2014-06-13 19:52:10
3519,2014-06-13 18:42:30
3517,2014-06-13 16:20:00
3513,2014-06-13 14:40:00
3512,2014-06-13 13:50:01
3505,2014-06-13 12:40:17
3501,2014-06-12 19:50:00
3497,2014-06-12 19:27:54
3491,2014-06-12 17:57:36
3489,2014-06-12 16:11:25
3484,2014-06-11 18:55:00
3482,2014-06-11 18:14:52
3476,2014-06-11 16:00:21
3475,2014-06-11 15:15:04
3472,2014-06-11 13:41:52
3471,2014-06-11 13:19:43
3460,2014-06-10 19:19:48
3454,2014-06-10 18:00:04
3452,2014-06-10 17:28:19
3451,2014-06-10 17:27:21
3449,2014-06-10 16:26:06
3447,2014-06-10 15:48:02
3446,2014-06-10 14:03:20
3435,2014-06-09 19:25:01
3430,2014-06-09 18:45:07
3423,2014-06-09 17:22:25
3417,2014-06-09 14:02:09
3411,2014-06-09 12:55:04
3410,2014-06-09 12:40:22
3398,2014-06-08 09:40:59
3393,2014-06-07 17:20:00
3386,2014-06-07 14:00:50
3383,2014-06-07 09:38:54
3376,2014-06-07 07:10:00
3366,2014-06-06 18:10:00
3363,2014-06-06 15:15:41
3361,2014-06-06 11:44:51
3360,2014-06-06 07:57:13
3353,2014-06-05 20:54:11
3349,2014-06-05 20:07:49
3346,2014-06-05 13:57:34
3343,2014-06-05 07:30:53
3339,2014-06-04 18:25:51
3338,2014-06-04 18:23:25
3337,2014-06-04 16:55:45
3331,2014-06-03 19:40:00
3328,2014-06-03 17:40:01
3325,2014-06-03 16:25:02
3324,2014-06-03 15:36:09
3320,2014-06-03 14:27:31
3315,2014-06-02 18:55:01
3313,2014-06-02 16:55:01
3307,2014-06-02 13:56:52
3304,2014-06-02 11:03:09
3297,2014-06-01 18:57:52
3296,2014-06-01 18:25:05
3295,2014-06-01 16:06:34
3288,2014-06-01 14:46:56
3272,2014-05-29 07:23:29
3270,2014-05-28 19:04:58
3268,2014-05-28 15:22:45
3266,2014-05-28 11:45:26
3262,2014-05-27 13:32:09
3260,2014-05-27 12:10:19
3258,2014-05-27 10:14:55
3254,2014-05-26 18:54:04
3252,2014-05-26 18:19:42
3250,2014-05-26 16:35:39
3249,2014-05-26 15:15:56
3248,2014-05-26 14:44:25
3247,2014-05-26 09:44:22
3245,2014-05-26 06:40:53
3244,2014-05-25 17:53:31
3243,2014-05-25 16:08:00
3242,2014-05-25 14:54:37
3240,2014-05-25 09:23:05
3239,2014-05-25 06:14:41
3238,2014-05-24 14:20:04
3234,2014-05-24 13:15:47
3231,2014-05-24 13:11:40
3230,2014-05-24 13:09:47
3227,2014-05-23 16:00:14
3226,2014-05-23 14:42:45
3219,2014-05-23 08:04:44
3218,2014-05-23 07:49:13
3217,2014-05-22 19:35:04
3216,2014-05-22 19:10:05
3209,2014-05-22 18:40:41
3207,2014-05-21 18:38:04
3203,2014-05-21 16:22:45
3202,2014-05-21 14:33:09
3201,2014-05-21 13:18:09
3199,2014-05-21 12:32:40
3196,2014-05-21 07:21:43
3192,2014-05-19 19:35:18
3188,2014-05-19 19:05:09
3187,2014-05-19 18:41:12
3186,2014-05-19 17:52:08
3177,2014-05-19 13:56:46
3175,2014-05-19 09:20:30
3174,2014-05-19 08:17:53
3173,2014-05-19 06:29:16
3163,2014-05-17 18:19:40
3157,2014-05-16 18:45:54
3156,2014-05-16 18:29:45
3147,2014-05-15 19:10:30
3144,2014-05-15 18:18:40
3143,2014-05-15 17:12:51
3141,2014-05-15 07:31:24
3140,2014-05-14 18:52:36
3139,2014-05-14 16:23:04
3138,2014-05-14 15:55:53
3136,2014-05-14 09:59:31
3134,2014-05-14 04:48:12
3133,2014-05-13 18:59:04
3132,2014-05-13 18:25:53
3128,2014-05-13 16:37:28
3126,2014-05-13 12:13:40
3121,2014-05-12 17:35:08
3117,2014-05-12 15:48:08
3102,2014-05-09 17:24:47
3101,2014-05-08 19:17:54
3100,2014-05-08 18:28:46
3097,2014-05-07 17:17:46
3096,2014-05-07 15:29:33
3095,2014-05-07 10:22:43
3094,2014-05-06 17:47:25
3093,2014-05-06 16:31:04
3092,2014-05-06 15:38:04
3091,2014-05-06 11:14:20
3087,2014-05-05 18:32:40
3086,2014-05-05 18:22:20
3084,2014-05-04 19:45:56
3083,2014-05-04 19:16:16
3066,2014-05-03 18:39:25
3065,2014-05-03 17:44:23
3061,2014-05-02 18:07:23
3060,2014-05-02 17:06:10
3056,2014-05-01 19:24:01
3054,2014-05-01 18:53:59
3053,2014-05-01 16:28:23
3052,2014-05-01 11:15:31
3049,2014-04-30 18:34:31
3047,2014-04-30 15:40:01
3046,2014-04-30 14:30:11
3045,2014-04-30 13:00:35
3040,2014-04-30 10:59:02
3034,2014-04-29 19:12:44
3033,2014-04-29 19:00:22
3031,2014-04-29 18:18:04
3025,2014-04-29 16:39:49
3020,2014-04-29 15:31:05
3017,2014-04-29 14:21:39
3015,2014-04-29 11:40:15
3006,2014-04-28 19:53:04
3000,2014-04-28 18:26:18
2993,2014-04-28 17:09:12
2991,2014-04-28 14:58:53
2986,2014-04-28 07:23:57
2984,2014-04-27 19:10:00
2981,2014-04-27 18:20:01
2978,2014-04-27 17:38:56
2976,2014-04-27 12:21:30
2966,2014-04-25 19:15:00
2965,2014-04-25 18:06:04
2962,2014-04-25 16:59:51
2961,2014-04-25 16:20:00
2955,2014-04-25 15:30:13
2953,2014-04-25 14:51:04
2947,2014-04-24 19:49:44
2940,2014-04-24 18:53:00
2938,2014-04-24 18:00:17
2937,2014-04-24 17:25:01
2936,2014-04-24 16:35:05
2927,2014-04-24 10:30:05
2924,2014-04-24 07:50:01
2916,2014-04-23 19:50:02
2915,2014-04-23 19:00:16
2912,2014-04-23 18:12:39
2911,2014-04-23 18:08:14
2910,2014-04-23 16:50:22
2904,2014-04-23 11:55:53
2900,2014-04-23 10:14:54
2896,2014-04-23 07:10:00
2893,2014-04-22 19:39:28
2892,2014-04-22 19:15:00
2891,2014-04-22 18:40:00
2890,2014-04-22 18:00:26
2889,2014-04-22 17:30:14
2883,2014-04-22 16:51:46
2882,2014-04-22 15:46:54
2881,2014-04-22 14:15:08
2879,2014-04-22 11:25:04
2877,2014-04-22 09:34:26
2876,2014-04-21 19:40:01
2875,2014-04-21 18:55:00
2874,2014-04-21 18:15:04
2869,2014-04-21 17:40:05
2866,2014-04-21 17:15:05
2862,2014-04-21 16:46:22
2861,2014-04-21 14:57:00
2860,2014-04-21 13:39:57
2859,2014-04-21 11:40:05
2856,2014-04-21 10:23:16
2852,2014-04-20 17:30:37
2847,2014-04-20 14:20:00
2844,2014-04-20 10:19:39
2842,2014-04-19 19:45:00
2841,2014-04-19 19:15:00
2838,2014-04-19 18:49:20
2829,2014-04-18 19:59:04
2822,2014-04-18 18:09:21
2820,2014-04-18 18:03:30
2817,2014-04-18 17:22:33
2816,2014-04-18 16:20:04
2815,2014-04-18 15:34:46
2813,2014-04-18 12:40:38
2812,2014-04-18 09:00:16
2810,2014-04-18 08:23:55
2808,2014-04-18 06:41:31
2803,2014-04-17 17:59:18
2802,2014-04-17 17:11:49
2801,2014-04-17 15:34:05
2800,2014-04-17 14:00:06
2798,2014-04-17 12:09:05
2793,2014-04-17 07:39:52
2792,2014-04-16 19:32:51
2789,2014-04-16 18:58:14
2784,2014-04-16 18:00:24
2777,2014-04-16 17:08:37
2776,2014-04-16 16:29:04
2775,2014-04-16 15:37:13
2772,2014-04-16 13:18:42
2766,2014-04-16 11:28:42
2764,2014-04-16 08:28:37
2753,2014-04-15 19:55:02
2744,2014-04-15 19:35:00
2738,2014-04-15 19:10:00
2737,2014-04-15 18:35:00
2732,2014-04-15 18:01:00
2731,2014-04-15 14:49:43
2721,2014-04-15 11:34:44
2720,2014-04-15 09:16:22
2718,2014-04-15 07:37:34
2717,2014-04-15 04:46:49
2714,2014-04-14 19:40:02
2712,2014-04-14 19:11:41
2711,2014-04-14 18:15:04
2707,2014-04-14 17:35:44
2705,2014-04-14 17:00:34
2704,2014-04-14 16:35:04
2700,2014-04-14 15:58:35
2696,2014-04-13 16:51:44
2694,2014-04-13 16:03:48
2693,2014-04-13 12:38:54
2692,2014-04-13 10:24:18
2687,2014-04-12 19:56:30
2682,2014-04-12 17:54:54
2681,2014-04-12 17:19:24
2680,2014-04-12 16:50:00
2678,2014-04-12 15:37:43
2674,2014-04-11 19:09:42
2673,2014-04-11 18:34:51
2670,2014-04-11 17:06:45
2669,2014-04-11 16:12:09
2667,2014-04-11 15:30:09
2664,2014-04-11 13:52:00
2662,2014-04-11 08:35:51
2654,2014-04-10 19:08:08
2652,2014-04-10 17:53:29
2650,2014-04-10 17:32:42
2649,2014-04-10 16:50:04
2648,2014-04-10 16:15:08
2645,2014-04-10 15:47:44
2643,2014-04-10 15:20:07
2642,2014-04-10 13:20:41
2640,2014-04-10 10:23:51
2634,2014-04-09 18:01:24
2633,2014-04-09 17:41:07
2632,2014-04-09 17:17:25
2630,2014-04-09 16:37:49
2629,2014-04-09 16:09:17
2628,2014-04-09 13:44:42
2625,2014-04-09 09:40:02
2624,2014-04-09 09:20:14
2622,2014-04-09 06:40:00
2620,2014-04-09 05:35:02
2614,2014-04-08 19:40:43
2612,2014-04-08 18:03:27
2607,2014-04-08 16:01:43
2606,2014-04-08 16:00:20
2605,2014-04-08 15:10:48
2604,2014-04-08 13:00:38
2602,2014-04-08 12:33:36
2598,2014-04-07 19:30:48
2597,2014-04-07 18:42:44
2593,2014-04-07 17:42:44
2591,2014-04-07 16:44:30
2589,2014-04-07 16:20:27
2585,2014-04-07 13:37:15
2584,2014-04-07 13:33:42
2578,2014-04-06 15:10:04
2576,2014-04-06 12:57:05
2575,2014-04-06 12:56:12
2552,2014-04-05 17:57:36
2547,2014-04-05 13:04:43
2541,2014-04-04 17:00:34
2538,2014-04-04 16:35:04
2535,2014-04-04 15:51:57
2533,2014-04-04 15:40:50
2530,2014-04-04 08:47:51
2529,2014-04-04 07:21:23
2523,2014-04-03 19:36:07
2522,2014-04-03 18:36:57
2520,2014-04-03 17:45:51
2519,2014-04-03 17:10:14
2517,2014-04-03 13:11:19
2515,2014-04-03 11:59:37
2513,2014-04-03 09:58:10
2512,2014-04-02 19:40:01
2509,2014-04-02 18:37:44
2508,2014-04-02 17:40:32
2507,2014-04-02 17:00:54
2504,2014-04-02 12:50:57
2503,2014-04-02 09:55:04
2502,2014-04-02 09:50:21
2495,2014-04-01 19:37:17
2494,2014-04-01 18:11:09
2493,2014-04-01 17:20:57
2487,2014-04-01 16:32:12
2486,2014-04-01 10:28:52
2483,2014-03-31 19:10:01
2478,2014-03-31 18:09:05
2475,2014-03-31 09:35:01
2474,2014-03-31 08:40:01
2470,2014-03-31 04:37:28
2469,2014-03-31 04:32:00
2465,2014-03-30 22:38:00
2464,2014-03-30 22:36:05
2459,2014-03-28 19:30:04
2457,2014-03-28 18:30:09
2454,2014-03-28 17:29:39
2453,2014-03-28 17:13:55
2452,2014-03-27 20:41:34
2450,2014-03-27 09:56:15
2447,2014-03-27 08:46:42
2446,2014-03-27 08:46:08
2445,2014-03-26 19:10:00
2444,2014-03-26 18:35:00
2443,2014-03-26 17:50:01
2442,2014-03-26 17:15:00
2441,2014-03-26 07:55:00
2440,2014-03-26 04:05:01
2430,2014-03-25 18:49:00
2429,2014-03-25 18:46:37
2426,2014-03-25 07:40:50
2424,2014-03-25 07:37:53
2423,2014-03-25 07:36:45
2420,2014-03-24 11:16:20
2419,2014-03-24 11:15:50
2418,2014-03-24 11:15:06
2417,2014-03-24 11:13:48
2416,2014-03-24 11:08:55
2410,2014-03-23 10:40:23
2408,2014-03-22 16:28:51
2407,2014-03-22 16:27:04
2398,2014-03-21 19:22:55
2397,2014-03-21 19:21:55
2396,2014-03-21 19:20:02
2395,2014-03-21 19:15:27
2393,2014-03-21 19:00:45
2391,2014-03-21 17:10:01
2390,2014-03-21 16:40:00
2388,2014-03-21 16:00:43
2386,2014-03-21 15:10:04
2383,2014-03-21 14:00:40
2381,2014-03-21 12:18:06
2374,2014-03-21 06:05:20
2373,2014-03-20 19:55:00
2371,2014-03-20 19:36:52
2369,2014-03-20 17:12:24
2367,2014-03-20 16:54:18
2361,2014-03-20 11:43:12
2359,2014-03-20 11:22:56
2351,2014-03-20 07:45:00
2348,2014-03-20 06:04:02
2345,2014-03-19 17:30:08
2344,2014-03-19 16:53:58
2341,2014-03-19 11:11:30
2340,2014-03-19 11:10:17
2339,2014-03-19 11:09:31
2337,2014-03-19 04:04:35
2333,2014-03-18 18:29:10
2332,2014-03-18 17:20:05
2330,2014-03-18 16:23:36
2328,2014-03-18 15:17:40
2325,2014-03-18 07:45:04
2317,2014-03-18 06:10:47
2316,2014-03-17 19:13:16
2315,2014-03-17 18:29:40
2314,2014-03-17 18:00:38
2311,2014-03-17 17:05:59
2308,2014-03-17 15:07:26
2307,2014-03-17 15:03:36
2304,2014-03-16 17:20:58
2300,2014-03-15 19:27:05
2299,2014-03-15 18:55:00
2297,2014-03-15 18:10:04
2294,2014-03-15 17:29:04
2292,2014-03-15 16:38:11
2289,2014-03-15 13:45:04
2287,2014-03-15 12:53:24
2282,2014-03-14 19:35:00
2280,2014-03-14 19:23:21
2259,2014-03-14 17:25:07
2257,2014-03-14 16:48:08
2255,2014-03-14 16:16:28
2254,2014-03-14 15:27:45
2250,2014-03-14 13:43:34
2244,2014-03-13 19:23:00
2243,2014-03-13 19:14:53
2241,2014-03-13 18:30:06
2229,2014-03-13 16:59:44
2225,2014-03-13 11:21:00
2224,2014-03-13 11:20:05
2219,2014-03-13 06:53:25
2207,2014-03-12 18:41:53
2206,2014-03-12 17:19:43
2203,2014-03-12 16:20:38
2202,2014-03-12 16:19:16
2198,2014-03-12 12:26:18
2195,2014-03-11 18:52:35
2194,2014-03-11 18:21:21
2192,2014-03-11 17:30:55
2190,2014-03-11 16:58:49
2189,2014-03-11 16:38:54
2178,2014-03-11 09:57:01
2177,2014-03-11 09:55:49
2176,2014-03-11 09:53:26
2175,2014-03-11 09:52:57
2167,2014-03-10 14:54:56
2166,2014-03-10 14:53:31
2165,2014-03-10 14:52:39
2161,2014-03-10 13:20:16
2160,2014-03-10 13:19:31
2159,2014-03-10 13:18:17
2146,2014-03-09 20:06:32
2135,2014-03-09 19:40:19
2133,2014-03-09 19:38:34
2132,2014-03-09 19:36:55
2125,2014-03-09 08:23:27
2124,2014-03-09 08:21:55
2123,2014-03-09 08:21:09
2110,2014-03-07 19:28:35
2109,2014-03-07 18:25:44
2107,2014-03-07 17:05:22
2099,2014-03-07 16:05:54
2095,2014-03-07 15:03:00
2092,2014-03-07 12:59:35
2091,2014-03-07 09:41:24
2089,2014-03-07 06:29:00
2088,2014-03-07 06:08:16
2078,2014-03-06 18:05:08
2075,2014-03-06 17:30:16
2056,2014-03-06 16:22:06
2055,2014-03-06 16:21:38
2054,2014-03-06 16:18:38
2053,2014-03-06 14:17:39
2047,2014-03-06 06:08:11
2035,2014-03-05 18:15:04
2033,2014-03-05 18:03:48
2032,2014-03-05 17:28:42
2028,2014-03-05 15:38:16
2026,2014-03-05 14:57:16
2023,2014-03-05 12:44:34
2015,2014-03-05 10:10:04
2010,2014-03-05 07:35:04
2009,2014-03-05 06:15:06
2006,2014-03-05 04:43:33
1999,2014-03-04 19:15:39
1997,2014-03-04 18:58:04
1996,2014-03-04 17:45:05
1995,2014-03-04 17:00:52
1993,2014-03-04 16:20:09
1988,2014-03-04 15:38:37
1981,2014-03-04 10:06:07
1978,2014-03-04 08:22:00
1977,2014-03-04 08:16:26
1976,2014-03-04 07:38:35
1967,2014-03-03 19:18:01
1965,2014-03-03 17:59:36
1964,2014-03-03 17:51:49
1963,2014-03-03 16:40:21
1961,2014-03-03 14:34:38
1957,2014-03-03 10:03:31
1955,2014-03-03 08:57:20
1953,2014-03-03 08:24:42
1952,2014-03-03 08:20:51
1949,2014-03-02 19:43:34
1947,2014-03-02 18:23:23
1942,2014-03-02 14:23:39
1941,2014-03-02 12:59:08
1940,2014-03-02 12:46:37
1937,2014-03-02 09:43:08
1936,2014-03-02 09:40:32
1928,2014-03-01 18:23:47
1923,2014-03-01 16:30:16
1922,2014-03-01 16:27:44
1920,2014-03-01 12:11:36
1917,2014-03-01 09:09:49
1912,2014-02-28 19:55:37
1905,2014-02-28 17:21:00
1898,2014-02-28 14:32:57
1892,2014-02-28 13:36:33
1882,2014-02-28 08:48:31
1880,2014-02-28 07:24:13
1877,2014-02-28 06:08:02
1875,2014-02-28 04:54:01
1874,2014-02-28 04:48:20
1872,2014-02-27 19:35:01
1868,2014-02-27 18:40:06
1867,2014-02-27 17:49:35
1866,2014-02-27 15:59:42
1864,2014-02-27 14:07:08
1862,2014-02-27 12:22:46
1861,2014-02-27 11:10:10
1860,2014-02-27 11:08:17
1857,2014-02-26 18:41:01
1848,2014-02-26 17:19:25
1841,2014-02-26 16:43:51
1840,2014-02-26 16:36:21
1839,2014-02-26 15:27:27
1837,2014-02-26 14:02:16
1833,2014-02-26 12:49:22
1832,2014-02-26 12:46:21
1815,2014-02-25 18:27:29
1812,2014-02-25 17:35:06
1810,2014-02-25 17:24:57
1809,2014-02-25 15:47:00
1808,2014-02-25 15:39:07
1805,2014-02-25 10:01:00
1802,2014-02-25 09:08:05
1801,2014-02-25 08:47:52
1797,2014-02-24 19:43:56
1794,2014-02-24 18:30:46
1793,2014-02-24 17:01:33
1791,2014-02-24 15:52:00
1784,2014-02-24 10:50:17
1783,2014-02-24 10:49:21
1782,2014-02-24 10:47:13
1766,2014-02-23 15:50:32
1762,2014-02-23 15:43:48
1754,2014-02-22 21:01:56
1753,2014-02-22 21:00:43
1752,2014-02-22 21:00:01
1751,2014-02-22 20:59:21
1747,2014-02-22 08:32:36
1746,2014-02-22 08:28:28
1745,2014-02-22 08:26:32
1744,2014-02-22 08:25:37
1743,2014-02-21 18:54:44
1742,2014-02-21 18:53:53
1741,2014-02-21 18:53:00
1740,2014-02-21 18:52:08
1724,2014-02-21 06:35:44
1723,2014-02-21 06:33:30
1722,2014-02-21 06:31:57
1705,2014-02-20 13:20:35
1704,2014-02-20 13:18:41
1702,2014-02-20 13:17:51
1701,2014-02-20 13:16:24
1700,2014-02-20 13:15:39
1689,2014-02-19 14:57:22
1688,2014-02-19 14:55:23
1687,2014-02-19 14:53:18
1686,2014-02-19 14:51:50
1685,2014-02-19 14:48:41
1681,2014-02-19 07:01:10
1669,2014-02-18 17:35:20
1668,2014-02-18 17:32:45
1667,2014-02-18 17:30:21
1666,2014-02-18 17:27:26
1665,2014-02-18 17:25:47
1660,2014-02-18 07:40:01
1658,2014-02-18 06:15:03
1655,2014-02-18 04:00:14
1643,2014-02-17 19:45:14
1641,2014-02-17 18:54:16
1638,2014-02-17 18:07:09
1637,2014-02-17 17:31:21
1636,2014-02-17 16:21:12
1634,2014-02-17 14:00:14
1628,2014-02-17 13:00:14
1620,2014-02-17 11:00:18
1616,2014-02-17 09:00:20
1615,2014-02-17 08:16:05
1613,2014-02-17 07:55:00
1612,2014-02-17 07:00:20
1607,2014-02-17 05:00:19
1595,2014-02-16 20:21:00
1586,2014-02-16 19:55:14
1580,2014-02-16 19:37:30
1575,2014-02-16 15:34:17
1573,2014-02-16 15:19:08
1572,2014-02-16 15:18:27
1571,2014-02-16 15:17:28
1560,2014-02-16 10:19:01
1559,2014-02-16 10:16:51
1557,2014-02-16 10:14:49
1556,2014-02-16 10:10:49
1555,2014-02-16 10:10:22
1551,2014-02-15 19:49:16
1546,2014-02-15 18:56:23
1544,2014-02-15 17:46:13
1542,2014-02-15 15:24:47
1539,2014-02-15 13:54:28
1537,2014-02-15 12:00:16
1534,2014-02-15 10:00:22
1531,2014-02-15 08:00:27
1529,2014-02-15 06:00:22
1519,2014-02-14 18:23:31
1518,2014-02-14 17:40:54
1515,2014-02-14 16:51:16
1512,2014-02-14 15:20:05
1506,2014-02-14 14:08:55
1499,2014-02-14 10:23:29
1497,2014-02-14 09:31:33
1496,2014-02-14 07:16:55
1494,2014-02-14 06:20:04
1493,2014-02-14 06:11:58
1489,2014-02-14 05:27:48
1480,2014-02-13 19:30:10
1474,2014-02-13 18:39:41
1472,2014-02-13 18:25:00
1471,2014-02-13 18:00:37
1464,2014-02-13 17:18:16
1462,2014-02-13 15:40:01
1460,2014-02-13 14:45:04
1454,2014-02-13 13:08:03
1453,2014-02-13 13:04:52
1450,2014-02-13 09:04:00
1448,2014-02-13 09:01:26
1446,2014-02-13 07:00:56
1445,2014-02-13 06:59:03
1440,2014-02-13 06:41:56
1427,2014-02-12 19:15:22
1419,2014-02-12 18:10:05
1416,2014-02-12 17:26:46
1413,2014-02-12 15:30:11
1409,2014-02-12 14:22:13
1407,2014-02-12 12:55:04
1405,2014-02-12 11:30:13
1401,2014-02-12 11:06:55
1400,2014-02-12 11:04:53
1394,2014-02-12 07:39:32
1391,2014-02-12 06:00:37
1389,2014-02-12 05:34:02
1388,2014-02-12 04:36:22
1375,2014-02-11 19:17:49
1374,2014-02-11 19:00:14
1372,2014-02-11 18:00:17
1367,2014-02-11 17:05:09
1365,2014-02-11 16:20:08
1364,2014-02-11 15:15:06
1354,2014-02-11 12:53:29
1351,2014-02-11 12:00:40
1348,2014-02-11 11:05:00
1347,2014-02-11 10:58:48
1345,2014-02-11 09:05:04
1343,2014-02-11 08:05:05
1337,2014-02-11 03:05:03
1329,2014-02-10 19:40:00
1328,2014-02-10 19:20:00
1324,2014-02-10 18:32:47
1323,2014-02-10 17:40:36
1322,2014-02-10 17:39:01
1318,2014-02-10 15:18:47
1312,2014-02-10 11:41:05
1308,2014-02-10 09:20:05
1307,2014-02-10 08:24:46
1306,2014-02-10 08:21:48
1305,2014-02-10 08:19:08
1298,2014-02-09 19:00:14
1293,2014-02-09 18:30:04
1290,2014-02-09 18:00:05
1289,2014-02-09 17:00:33
1286,2014-02-09 16:15:11
1278,2014-02-09 15:53:47
1277,2014-02-09 15:35:04
1276,2014-02-09 15:30:13
1269,2014-02-09 14:10:14
1268,2014-02-09 14:05:12
1265,2014-02-09 07:41:04
1264,2014-02-09 07:39:10
1263,2014-02-09 07:37:37
1259,2014-02-08 18:35:55
1258,2014-02-08 18:32:36
1257,2014-02-08 16:00:17
1251,2014-02-08 13:00:19
1244,2014-02-08 11:00:23
1235,2014-02-08 08:00:28
1234,2014-02-08 06:20:01
1233,2014-02-08 06:10:02
1218,2014-02-07 16:56:05
1216,2014-02-07 16:54:39
1215,2014-02-07 16:53:08
1182,2014-02-06 12:59:52
1180,2014-02-06 12:43:45
1178,2014-02-06 12:18:38
1177,2014-02-06 12:16:28
1176,2014-02-06 12:16:09
1175,2014-02-06 11:48:47
1174,2014-02-06 11:48:04
1173,2014-02-06 11:47:25
1164,2014-02-06 02:34:49
1163,2014-02-06 02:33:11
1162,2014-02-06 02:31:28
1161,2014-02-06 02:30:36
1160,2014-02-06 02:28:46
1148,2014-02-05 17:27:39
1147,2014-02-05 17:25:48
1146,2014-02-05 17:25:06
1139,2014-02-05 14:02:46
1138,2014-02-05 13:56:22
1137,2014-02-05 13:54:39
1136,2014-02-05 13:53:00
1135,2014-02-05 13:52:08
1119,2014-02-04 19:26:23
1118,2014-02-04 19:17:50
1117,2014-02-04 19:16:47
1116,2014-02-04 19:15:26
1106,2014-02-04 13:39:09
1105,2014-02-04 13:37:00
1104,2014-02-04 13:35:45
1103,2014-02-04 13:34:39
1102,2014-02-04 13:33:11
1101,2014-02-04 13:32:06
1100,2014-02-04 13:30:59
1091,2014-02-03 18:32:11
1084,2014-02-03 08:52:13
1077,2014-02-03 02:04:18
1076,2014-02-03 02:01:41
1075,2014-02-03 02:00:15
1074,2014-02-03 01:59:27
1073,2014-02-03 01:58:32
1069,2014-02-02 19:46:01
1067,2014-02-02 19:07:56
1063,2014-02-02 18:43:31
1062,2014-02-02 18:42:13
1060,2014-02-02 17:48:57
1059,2014-02-02 17:48:08
1057,2014-02-02 15:31:31
1056,2014-02-02 15:30:51
1055,2014-02-02 15:29:33
1044,2014-02-01 19:04:03
1041,2014-02-01 16:00:04
1040,2014-02-01 15:58:42
1039,2014-02-01 15:57:56
1034,2014-02-01 12:10:17
1033,2014-02-01 12:08:51
1032,2014-02-01 12:05:33
1029,2014-02-01 09:03:45
1028,2014-02-01 09:02:09
1027,2014-02-01 08:59:57
1025,2014-02-01 08:34:40
1021,2014-02-01 07:05:11
1020,2014-02-01 07:04:09
1011,2014-01-31 17:47:09
1009,2014-01-31 16:49:12
1008,2014-01-31 16:48:00
1004,2014-01-31 14:11:41
994,2014-01-31 11:33:43
992,2014-01-31 11:12:08
990,2014-01-31 09:41:42
989,2014-01-31 09:40:37
988,2014-01-31 09:39:51
982,2014-01-31 06:00:23
979,2014-01-31 05:57:44
978,2014-01-31 05:55:38
969,2014-01-30 19:31:47
966,2014-01-30 18:31:09
965,2014-01-30 17:35:07
957,2014-01-30 16:04:04
954,2014-01-30 14:25:22
953,2014-01-30 14:22:21
952,2014-01-30 14:21:36
939,2014-01-30 11:28:31
937,2014-01-30 11:26:28
935,2014-01-30 11:24:46
934,2014-01-30 11:24:04
926,2014-01-29 19:05:40
922,2014-01-29 17:12:32
918,2014-01-29 16:23:04
917,2014-01-29 16:22:08
916,2014-01-29 16:20:28
910,2014-01-29 11:38:27
906,2014-01-29 09:57:00
905,2014-01-29 09:55:39
899,2014-01-29 06:15:34
898,2014-01-29 06:10:55
897,2014-01-29 06:04:31
891,2014-01-28 19:44:39
887,2014-01-28 17:45:08
885,2014-01-28 17:42:14
883,2014-01-28 10:58:21
882,2014-01-28 10:55:23
879,2014-01-28 08:03:36
878,2014-01-28 08:00:59
877,2014-01-28 08:00:00
862,2014-01-27 19:37:54
860,2014-01-27 17:29:41
855,2014-01-27 15:49:00
854,2014-01-27 15:08:23
852,2014-01-27 15:07:24
851,2014-01-27 15:06:34
850,2014-01-27 15:02:51
849,2014-01-27 15:01:01
847,2014-01-27 14:59:04
846,2014-01-27 14:58:20
845,2014-01-27 14:57:30
830,2014-01-26 18:47:42
822,2014-01-26 16:40:54
821,2014-01-26 16:39:40
819,2014-01-26 04:36:24
818,2014-01-26 04:34:47
817,2014-01-26 04:33:58
816,2014-01-26 04:32:45
804,2014-01-25 08:04:44
803,2014-01-25 08:01:34
802,2014-01-25 08:00:33
801,2014-01-25 07:58:49
800,2014-01-25 07:58:05
799,2014-01-25 07:56:28
787,2014-01-24 17:02:22
782,2014-01-24 13:19:46
777,2014-01-24 11:59:55
776,2014-01-24 11:58:31
774,2014-01-24 09:22:53
773,2014-01-24 09:20:00
772,2014-01-24 09:19:14
771,2014-01-24 09:17:51
770,2014-01-24 09:16:41
769,2014-01-24 09:16:01
768,2014-01-24 09:15:09
760,2014-01-23 18:48:07
759,2014-01-23 18:46:49
755,2014-01-23 17:59:05
754,2014-01-23 17:57:28
753,2014-01-23 17:55:27
735,2014-01-23 12:36:42
734,2014-01-23 12:35:21
733,2014-01-23 12:34:08
732,2014-01-23 12:32:34
731,2014-01-23 12:31:38
730,2014-01-23 12:30:45
718,2014-01-22 20:10:55
713,2014-01-22 19:09:08
711,2014-01-22 19:07:04
710,2014-01-22 18:48:24
709,2014-01-22 18:47:56
708,2014-01-22 18:47:00
700,2014-01-21 19:41:55
698,2014-01-21 19:17:19
696,2014-01-21 18:52:30
693,2014-01-21 18:40:21
688,2014-01-21 18:13:48
687,2014-01-21 18:12:45
684,2014-01-21 17:47:08
683,2014-01-21 17:46:10
682,2014-01-21 17:45:07
680,2014-01-21 17:40:47
660,2014-01-20 19:20:12
659,2014-01-20 19:19:42
653,2014-01-20 18:41:44
652,2014-01-20 18:39:34
651,2014-01-20 18:37:16
650,2014-01-20 18:36:38
636,2014-01-19 18:59:04
635,2014-01-19 18:57:44
634,2014-01-19 18:56:18
633,2014-01-19 18:55:34
630,2014-01-19 16:35:22
629,2014-01-19 16:34:41
628,2014-01-19 16:33:33
627,2014-01-19 16:33:06
618,2014-01-18 20:28:51
616,2014-01-18 19:43:00
614,2014-01-18 19:37:28
613,2014-01-18 19:36:57
612,2014-01-18 19:35:54
607,2014-01-18 17:00:01
606,2014-01-18 16:58:45
605,2014-01-18 16:53:51
595,2014-01-17 19:04:46
594,2014-01-17 19:00:21
592,2014-01-17 18:00:49
588,2014-01-17 17:02:46
587,2014-01-17 16:58:14
586,2014-01-17 13:38:50
582,2014-01-17 09:56:15
580,2014-01-17 09:51:49
575,2014-01-16 19:02:52
574,2014-01-16 19:02:09
571,2014-01-16 18:19:00
553,2014-01-16 17:41:18
550,2014-01-16 17:40:21
549,2014-01-16 17:39:33
441,2014-01-15 17:59:45
440,2014-01-15 17:59:25
439,2014-01-15 15:15:05
438,2014-01-15 15:13:04
437,2014-01-15 15:00:14
432,2014-01-14 19:55:39
430,2014-01-14 19:17:43
429,2014-01-14 19:17:04
428,2014-01-14 19:16:25
426,2014-01-14 14:49:05
425,2014-01-14 14:48:34
420,2014-01-13 19:31:29
419,2014-01-13 19:30:34
418,2014-01-13 19:29:20
410,2014-01-12 16:04:58
408,2014-01-12 14:03:41
407,2014-01-12 14:02:43
406,2014-01-12 09:54:44
405,2014-01-12 09:52:44
400,2014-01-11 19:53:20
399,2014-01-11 19:51:12
398,2014-01-11 18:22:04
396,2014-01-11 18:17:48
395,2014-01-11 18:16:30
392,2014-01-11 15:40:24
391,2014-01-11 15:36:49
390,2014-01-11 15:33:12
389,2014-01-11 10:23:05
377,2014-01-11 07:08:39
376,2014-01-11 07:07:06
373,2014-01-10 23:40:41
370,2014-01-10 21:01:23
368,2014-01-10 17:24:49
366,2014-01-09 19:58:38
365,2014-01-09 19:56:18
364,2014-01-09 19:54:25
363,2014-01-09 14:27:03
362,2014-01-09 14:16:10
361,2014-01-09 14:05:37
360,2014-01-09 14:04:58
357,2014-01-08 20:28:10
356,2014-01-08 20:27:37
355,2014-01-08 20:26:04
354,2014-01-08 20:25:12
353,2014-01-08 18:35:09
352,2014-01-08 18:33:28
351,2014-01-08 18:32:01
350,2014-01-08 18:30:17
349,2014-01-08 18:20:30
348,2014-01-08 18:19:21
345,2014-01-08 08:00:37
344,2014-01-07 18:22:51
343,2014-01-07 17:54:53
342,2014-01-07 17:52:47
341,2014-01-07 17:51:47
334,2014-01-06 20:02:41
333,2014-01-06 19:54:28
332,2014-01-06 19:10:21
331,2014-01-06 19:06:48
330,2014-01-06 18:04:48
328,2014-01-06 18:02:52
327,2014-01-06 18:01:56
326,2014-01-06 12:42:30
325,2014-01-05 19:24:12
324,2014-01-05 18:31:00
322,2014-01-05 17:03:40
320,2014-01-05 17:02:00
319,2014-01-05 16:59:10
318,2014-01-05 16:56:00
317,2014-01-05 16:54:20
301,2014-01-04 19:00:12
299,2014-01-04 18:57:53
295,2014-01-04 18:49:08
294,2014-01-04 18:47:24
291,2014-01-04 12:08:38
285,2014-01-03 18:19:35
279,2014-01-03 09:18:24
278,2014-01-03 09:18:16
277,2014-01-03 09:16:34
276,2014-01-03 09:16:17
275,2014-01-03 09:14:08
274,2014-01-03 09:12:40
273,2014-01-03 09:11:27
272,2014-01-03 09:10:18
271,2014-01-03 09:09:33
270,2014-01-03 09:08:55
269,2014-01-03 09:06:40
268,2014-01-03 09:06:20
259,2014-01-02 16:59:51
254,2014-01-02 15:30:40
253,2014-01-02 15:29:04
252,2014-01-02 15:26:28
251,2014-01-02 15:24:13
250,2014-01-02 15:19:08
249,2014-01-02 15:17:31
248,2014-01-02 12:48:55
247,2014-01-02 12:45:24
246,2014-01-02 12:39:40
245,2014-01-02 12:38:40
244,2014-01-02 12:38:09
243,2014-01-02 12:36:37
242,2014-01-02 12:35:16
241,2014-01-02 12:34:04
240,2014-01-02 12:33:30
228,2014-01-01 17:50:24
227,2014-01-01 17:50:12
226,2014-01-01 17:49:54
225,2014-01-01 17:49:25
224,2014-01-01 17:48:38
223,2014-01-01 13:47:30
222,2014-01-01 13:46:54
221,2014-01-01 13:46:04
220,2014-01-01 13:41:34
219,2014-01-01 13:40:56
218,2014-01-01 13:40:20
217,2014-01-01 13:39:35
216,2014-01-01 13:38:16
215,2014-01-01 13:37:48
214,2014-01-01 13:37:22
213,2014-01-01 13:36:58
212,2014-01-01 13:36:20
211,2014-01-01 13:35:48
210,2013-12-30 16:46:20
209,2013-12-30 16:44:20
208,2013-12-30 16:39:57
205,2013-12-30 13:09:57
204,2013-12-30 13:09:25
203,2013-12-30 13:09:00
202,2013-12-30 13:07:04
201,2013-12-30 13:06:36
200,2013-12-30 13:06:04
199,2013-12-30 13:05:34
198,2013-12-30 13:05:04
178,2013-12-29 21:06:08
177,2013-12-29 21:03:56
176,2013-12-29 20:04:57
175,2013-12-29 19:48:23
172,2013-12-29 17:09:54
170,2013-12-29 16:31:28
169,2013-12-29 15:43:38
168,2013-12-29 15:34:00
167,2013-12-29 15:26:28
166,2013-12-29 15:25:00
162,2013-12-29 13:51:40
161,2013-12-29 13:49:42
159,2013-12-29 13:43:53
158,2013-12-29 13:42:08
157,2013-12-29 13:41:00
156,2013-12-29 13:39:09
154,2013-12-29 13:36:26
153,2013-12-29 13:33:46
152,2013-12-29 13:33:05
150,2013-12-29 13:29:17
140,2013-12-28 19:41:26
139,2013-12-28 19:40:09
138,2013-12-28 19:39:25
137,2013-12-28 19:38:37
130,2013-12-28 16:55:21
129,2013-12-28 16:51:28
127,2013-12-28 16:43:55
126,2013-12-28 16:32:33
124,2013-12-28 15:40:17
123,2013-12-28 15:39:36
122,2013-12-28 15:37:59
120,2013-12-28 09:33:41
117,2013-12-28 07:52:44
116,2013-12-28 07:46:46
115,2013-12-28 07:46:00
114,2013-12-28 07:45:18
113,2013-12-28 07:43:57
107,2013-12-27 19:38:40
103,2013-12-27 19:06:45
102,2013-12-27 18:55:00
99,2013-12-27 18:47:49
97,2013-12-27 18:41:13
96,2013-12-27 18:32:16
94,2013-12-27 18:23:32
93,2013-12-27 18:18:04
92,2013-12-27 17:58:41
91,2013-12-27 17:55:56
90,2013-12-27 17:55:16
89,2013-12-27 17:54:04
88,2013-12-27 17:52:37
87,2013-12-27 17:48:16
76,2013-12-27 08:11:13
75,2013-12-27 08:09:30
74,2013-12-27 08:07:16
73,2013-12-27 08:06:12
62,2013-12-26 19:57:00
61,2013-12-26 19:56:04
60,2013-12-26 19:55:28
59,2013-12-26 19:54:29
58,2013-12-26 19:53:28
57,2013-12-26 19:51:37
56,2013-12-26 19:50:00
55,2013-12-26 19:47:00
50,2013-12-26 14:32:25
49,2013-12-26 14:31:08
48,2013-12-26 14:29:38
47,2013-12-26 14:17:34
46,2013-12-26 14:14:06
45,2013-12-26 14:10:32
44,2013-12-26 14:08:37
43,2013-12-26 14:07:06
42,2013-12-26 14:04:23
41,2013-12-26 14:01:12
40,2013-12-26 13:59:35
32,2013-12-25 14:17:38
31,2013-12-25 14:02:38
28,2013-12-25 13:56:00
26,2013-12-25 13:53:09
24,2013-12-25 13:48:34
16,2013-12-24 22:04:20
13,2013-12-24 21:52:53
11,2013-12-24 21:29:20
10,2013-12-24 21:28:00
9,2013-12-24 21:26:32
8,2013-12-24 21:22:28
7,2013-12-24 21:21:08
6,2013-12-24 20:51:04
5,2013-12-24 20:36:39
4,2013-12-24 20:35:45
3,2013-12-24 20:14:21
2,2013-12-24 19:40:04
