id,text,nreposts,nlikes,nviews,tag
40321,"Студенты Вышки неубиваемые, их практически невозможно отчислить до конца, они всегда находят способ перейти на иуп. ",40,251,8322.0,Быков_ВШЭ
40273,с: А во время экзамена с прокторингом можно дудочку курить?п: Конечно можно! Вы можете себе хоть кальян забабахать! Только главное чтобы вам никто посторонний угли не переворачивал в кадре. ,186,596,12407.0,Преподаватель_ВШЭ
40261,"П: У кого родители социологи? *ноль рук* С: Социологи не размножаются.П: Вебер не размножался, Спенсер не размножался, Конт не размножался. Видимо, реально так.",60,240,8453.0,Подвойский_ВШЭ
40198,"«Студенты мгимо - сынки, а мы - self-made.",75,264,9496.0,Ледяев_ВШЭ
40188,Проект выполняется в командах (при тяжелой социофобии можно индивидуально).,30,206,7739.0,Казун_ВШЭ
40126,"П:Что делают студенты, когда преподаватель шутит? С: Смеются.П: А на самом деле?С: Кринжуют.",36,228,10536.0,Преподаватель_ВШЭ
40111,"**во время лекции студент открывает бутылку так, что слышно на всю аудиторию**П: Мои лекции, видимо, вызывают сушняк...",34,239,10390.0,Ковалев_ВШЭ
40108,Скоро вы отправитесь отдыхать на сессионную неделю.,25,218,11540.0,Субочев_ВШЭ
40096,"“Как-то в Африке прихожу к консулу, говорю, мол, дайте визу. Она говорит, мол, нет, не дам... Потом «Вы знаете, я тут обращалась к колдуну… Там для рецепта не хватает пряди волос белого человека... Давайте вы мне дадите прядь, а я вам скидку…». Ну я и согласился”.",61,304,10284.0,Павлюк_ВШЭ
40094,"*Преподаватель рассказывает об одном из своих дел*И судья так посмотрела на моего оппонента, пафосно сняла очки и сказала: «Все, что не Москва и не Санкт-Петербург - это не судебная практика, это так, несчастный случай на производстве».",57,215,10496.0,Титов_ВШЭ
40078,"Если можно сделать это с помощью искусственного интеллекта, зачем насиловать интеллект естественный?",68,274,12301.0,Пичугина_ВШЭ
40052,"«Либералы думали, что после конца Холодной войны мы сольёмся в экстазе в каком-нибудь Макдональдсе и будем говорить на плохом английском языке с индусским акцентом, но, как видите, этого не случилось».",57,235,12244.0,Суслов_ВШЭ
40038,"Дипломатические отношения как любовные. Они либо есть, либо их нет",30,238,12067.0,Щербаков_ВШЭ
40007,"Не знаю, согласитесь ли вы со мной или нет, но лучше соглашайтесь, сэкономим время.",29,218,11248.0,Кожанов_ВШЭ
39995,"""Видел по телевизору, нам предлагают ""не расплескать"" традиционные ценности. Это что же у нас за традиционные ценности такие жидкие, что их можно расплескать!""",35,238,10673.0,Каспэ_ВШЭ
39991,Сохранить печень - это искусство деловых коммуникаций.,54,223,11512.0,Чеглакова_ВШЭ
39973,"Вчера у меня был прекрасный день, т.к. с утра я решил, что ничего не буду делать.",53,368,13962.0,Голубков_ВШЭ
39968,«Теплые отношения друг к другу требуют проветривания». ,64,276,11941.0,Суздальцев_ВШЭ
39965,«Я революции видел. Я в них участвовал. Я их организовывал». ,45,256,11129.0,Суздальцев_ВШЭ
39962,Я вас накажу! Ставлю Вам 9.,36,349,12242.0,Трефилов_ВШЭ
39946,«Я бы в Вышке не смог учиться: столько экзаменов...»,62,592,17005.0,Ковалев_ВШЭ
39935,"П: Ролан Барт здесь?С: Здесь!П: Ну в смысле доклад по Ролану Барту, не он сам. У нас тут не спиритический сеанс.",58,430,12058.0,Сапонова_ВШЭ
39930,"“Вошли ли татары в нашу жизнь? У меня первая жена татарка — да, вошли, определенно”.",84,299,12757.0,Белов_ВШЭ
39929,"“Меня обхамят в Москве — так и хочется сказать: «ну ты козёл!». А обхамят где-нибудь в метро Кабо-Верде — думаешь: «хм, какое интересное антропологическое наблюдение!»""",42,307,11323.0,Павлюк_ВШЭ
39927,"«Здесь [в презентации] известный русский поэт, я думаю, вы его узнали - Паша Техник».",66,260,11715.0,Алов_ВШЭ
39923,"""Excel парализует мозг"".",50,230,12668.0,Езерская_ВШЭ
39894,"""Я сегодня пришла на Мясницкую, и, когда зашла в лифт и посмотрела в зеркало, увидела такое счастливое лицо, что поняла: всё у всех сегодня будет хорошо!""  ",14,242,10087.0,Коржавина_ВШЭ
39886,"""Есть рай, есть ад, а есть Башкортостан."" ",74,238,12345.0,Курбатова_ВШЭ
39862,"""Главный принцип сохранения заповедников в России — плохая транспортная доступность."" ",58,377,11206.0,Ивашкина_ВШЭ
39857,"Очень большой поток, очень большой... Понимаете, да? Появляется причина вас отчислять.",27,212,11485.0,Белов_ВШЭ
39852,"«Я никому ничего не должна, как Анна Асти».",34,245,10943.0,Таланов_ВШЭ
39848,"""А я считаю, что женщина всегда права"".",54,335,12140.0,Маскаева_ВШЭ
39847,«Уголовное право встало на колени перед женщинами».,50,258,10515.0,Клейменов_ВШЭ
39816,"""Хотя вот я из Зеленограда и меня лосиха чуть не сбила в центре города. Не в плане кто-то неумный на машине, а прям лосиха.""",35,223,9767.0,Белов_ВШЭ
39803,"""Я немного не рассчитал сложность, извините, это повторится."" ",56,348,11531.0,Старостин_ВШЭ
39800,"""Я распечатал ваши работы. Ненавижу карельские леса, поэтому распечатал.""",58,346,11985.0,Городничев_ВШЭ
39765,"С: ""Сталин умер в 1952 году.""П: ""К сожалению, он умер годом позже.""",27,243,10200.0,Щербаков_ВШЭ
39763,"*про благодарности в диссертации - Вот сколько спасибо: друзьям, семье… даже спасибо Богу, Боже мой.",25,243,9696.0,Рождественская_ВШЭ
39754,"Наша LMS спокойная, никуда не торопится. ",15,215,10054.0,Левитская_ВШЭ
39743,"Михаил, у меня есть ощущение, что Вы здесь всё читали. Это пугает.",48,381,12438.0,Марей_ВШЭ
39736,"Нельзя дать всем всё, потому что всех много, а всего мало.",59,351,12973.0,Иванов_ВШЭ
39730,"Как я люблю работать с теми, кто ничего не знает! Можно много выпендриваться.",41,395,11369.0,Голубков_ВШЭ
39706,"- Я немного не поняла смысл этой статьи. - Это описание дипломатических отношений, в них всегда мало смысла. ",35,251,8434.0,Большаков_ВШЭ
39699,"Я вот вижу, что люди такие запуганные становятся после экзаменов в универе. Сидят на работе и стыдятся в Интернет зайти. Не бойтесь ковыряться в телефоне!!! Ваша задача как юриста проблему решить, а не создать.",45,255,10238.0,Нотариат
39697,"«Коллеги, у вас сейчас единственное солнце, и это я».",30,223,10104.0,Голубков_ВШЭ
39695,Нам надо наладить связь с потусторонним миром. Помогите мне подключить студентов из кампусов.,33,275,10235.0,Баньковская_ВШЭ
39686,"У вышкинцев часть коры головного мозга отвечает за то, чтобы калькулировать свою итоговую оценку с первого занятия.",234,1122,22391.0,Сапонова_ВШЭ
39681,"*отмечают посещаемость*П: ""Я кого-то давно не видел *смотрит на студентку*""С: ""У меня была трещина в ноге.""П: ""Оооо, а чего так?""С: ""Неудачно проехалась в носках по кафелю"".П: ""Да уж, а холодец ешь?""С: ""Нет, прикладываю.""П: ""Как холодца зовут?""С: ""Никита.""П: ""Никита... Хороший холодец.""",110,403,13650.0,Макаренко_ВШЭ
39679,"Не надо меня поправлять, я не трусы.",141,393,13514.0,Иванов_ВШЭ
39669,"Что может быть приятнее, чем писать литобзор в новогоднюю ночь?",25,213,11169.0,Ледяев_ВШЭ
39650,"П: - Может выключим свет?С: - Давайте!П: - Ну не, уже получается интим. Интим не предлагать.",39,236,11482.0,Варламова_ВШЭ
39631,"Учитесь не радоваться хорошим результатам, тогда не будете расстраиваться от плохих",29,230,10730.0,Володин_ВШЭ
39626,Образование - это всегда насилие.,54,302,12556.0,Цифровая_картография_и_геоинформационныесистемы
39600,Лекция - это акт любви. А записывать акты любви на плёнку - это порнография. Я против этого.,203,520,12666.0,Каспэ_ВШЭ
39596,(обсуждает различия в звучании слов) Love is a deep feeling and laugh is hahahaha.,24,219,9789.0,Даценко_ВШЭ
39595,"""На лекции уже прилично так людей, целых 15"".",29,347,11780.0,Скриба_ВШЭ
39590,"Если долго смотреть в налоговый кодекс, то увидите, как он меняется у вас на глазах. ",57,367,11429.0,ВШЭ
39589,"Студенты:*закрыли все жалюзи*Преподаватель заходит в полную темноту: ""У вас тут что, какой-то интим что ли? Вы в таком сером городе прячетесь от солнца?""",25,230,10323.0,НовикКачан_ВШЭ
39584,"Коллеги, всю следующую пару будем с вами думать о римской империи.",33,332,10810.0,Лукина_ВШЭ
39578,"*студенты спросили преподавателя, почему он поднялся на 5 этаж по лестнице, а не на лифте*На самом деле я наделся, что у меня случится инфаркт и мне не придётся читать лекцию.",270,957,19069.0,Пучков_ВШЭ
39577,*чих из аудитории*Будьте здоровы. Если это не аллергия на макроэкономику.,23,253,9072.0,Розмаинский_ВШЭ
39571,Ответ на семинаре - как визит к стоматологу - неизбежен.,29,244,10915.0,Рождественская_ВШЭ
39564,"[спрашивает у студентов]- Все же егэ по истории сдавали?- Нет.- А, вы по блату поступили?- Нет, по олимпиаде!- А в каком виде спорта вы участвовали?",142,832,17932.0,Ковалев_ВШЭ
39549,"«Если вы возьмете цветы гречихи, ромашки, липы, что хотите, съедите их, добавите свой пищеварительный сок, а затем отправитесь в улей и срыгнете это всё в соты, получится ваша курсовая работа».",102,246,11666.0,Голубков_ВШЭ
39526,"“Я посмотрю, каким ты будешь оптимистом, если ты попадешь в те 2/3 студентов, что не сдали экзамен”.",34,240,12534.0,Ковалев_ВШЭ
39519,"«Я всё жду, когда мы наконец-то окончательно объединимся с Китаем и создадим единую валюту — рублянь. Она одномоментно придёт на смену доллару и евро»",179,490,17456.0,Ковалев_ВШЭ
39496,*звучит пожарная тревога*«Наконец-то. Все идем курить»,95,482,14246.0,Преподаватель_ВШЭ
39495,«It’s not about being dushnila”.,50,337,12105.0,Преподаватель_ВШЭ
39491,*о порядке авторов в публикации:- Все равны перед властью алфавита.,17,223,10035.0,Рождественская_ВШЭ
39470,"""Сдать эссе тоже будет проблематично, потому что я планирую исчезнуть"".",46,318,11750.0,Гловели_ВШЭ
39464,"Преподаватель просит старост составить списки отсутствующих.Староста: ""Я еще не знаю всех этих людей""Преподаватель: ""Пиши кого хочешь. Староста имеет право быть коварной...""",49,350,11738.0,Нагих_ВШЭ
39463,*Обсуждаем сложность теста*П: - А как вы хотели? Чтобы всё было просто? Чтобы вы пришли и все всё сразу написали на отлично?*неловкая пауза*С: - Да.,19,234,10702.0,Глазков_ВШЭ
39450,"«Вот вы знаете этих экономистов и менеджеров? Они еще на свободе, потому что юристы плохо работают».",99,256,12304.0,Преподаватель_ВШЭ
39356,"«Если бы в Советском Союзе была ИКЕА, он бы никогда не развалился».",56,321,12695.0,Ульянов_ВШЭ
39351,"""Так, вы впали в полное уныние…Этого я и хотел добиться.""",36,207,10931.0,Левин_ВШЭ
39317,"""Рождённый пить пиво бегать не может"".",100,262,14715.0,Миэм
39286,"- Если я научу вас хотя бы одной вещи за этот курс, то моя задача выполнена. Эта вещь - не быть лохами.",55,230,8872.0,Аносова_ВШЭ
39272,"В оценивании 0,5 это 1. Хотя в моей практике ни разу не было случая, чтобы 0,5 округлилось до литра. Много раз пытался, не получается. Вам везет.",113,375,13102.0,Каспэ_ВШЭ
39271,"Программисты создают все более идиотоустойчивые программы, вселенная создаёт все более совершенных идиотов. Пока вселенная побеждает.",80,284,11162.0,Яшунский_ВШЭ
39263,- Приходите к нам! Унас весело-кровь и месиво.,51,244,11506.0,Краснов_ВШЭ
39224,SmartLMS - идеальный пример отчуждения по Марксу.,30,262,10181.0,Абрамов_ВШЭ
39200,"Подтянутый вид - имидж преуспевающего человека. Я говорю сейчас о деловом стиле, а не так, как ходят студенты Высшей Школы Экономики.",52,285,13225.0,Хисямов_ВШЭ
39189,"Наш предмет по интересности я бы оценила на 2 звезды из 5. Сейчас у нас с вами будет 3 пара. Вы подготовьтесь. Веселей не будет, правда. Будет хуже.",48,270,11936.0,Финансовое_право
39156,"Пользуюсь случаем, что я профессор, заставляю вас слушать тот бред, который несу я, а не кто-то другой.",45,247,11740.0,Солодухин_ВШЭ
39146,"[Первокурсникам: ] ...новый год, новые знакомства, новые лица. Я рад вас видеть в этом богоспасаемом учреждении, Высшей школе экономики...",33,277,11599.0,Стефанович_ВШЭ
39108,"У нас не вечернее образование, оно очное и дневное, но вечером.",90,406,14094.0,Абрамов_ВШЭ
39093,"— Представляете, как он молодости девочкам мозги пудрил своей экономикой? *говорит про Смита* ",40,343,17389.0,Голованова_ВШЭ
39062,Сорвин: одна абитуриентка 8-летней давности сказала: “ВШЭ - раковая опухоль на теле России”.,71,266,13380.0,Сорвин_ВШЭ
39052,"— Об этом поговорим на третьем модуле... может быть, кто нибудь из вас и доучится.",16,239,10760.0,Калугин_ВШЭ
39047,Для этого и существует молодёжь — чтобы целоваться.,89,347,14551.0,Лейфер_ВШЭ
39045,"""Тяжело жить, когда ты интеллектуал"".",54,302,14738.0,Королев_ВШЭ
39040,"Вы поколение, выросшее в эпоху ремонта Политехнического музея. ",45,307,14596.0,Архангельский_ВШЭ
39038,"Я, кстати, президент российской ассоциации социологов. Как говорят на YouTube, подписывайтесь, ставьте лайки, вступайте в наше сообщество. ",19,234,10812.0,Покровский_ВШЭ
39022,"""Матан все равно, что китайский. Два китайских учить, ужас"".",44,302,12474.0,Салимова_ВШЭ
39014,"А теперь российская школа международных отношений: её не существует, поэтому слайд пустой.",106,439,14625.0,Королев_ВШЭ
39004,"П: Что вы смущаетесь? С: Я не уверена в решении.П: Да здесь вообще никто ни в чем не уверен. Я вообще не понимаю, где мы...Кто я? Что мы тут делаем? Контрольные какие-то, накопы...Что это? Кто-нибудь знает? ",75,386,14118.0,НовикКачан_ВШЭ
38987,"Мы все понимаем, что есть chat gpt, и мы собственно не имеем инструментов, которые его бы распознали, но…  Я побуждаю вас выбрать другой путь… путь джедая.",65,251,7704.0,Карпов_ВШЭ
38970,"Если вы смогли протусить 5 часов в клубе, прийти домой и написать дневник наблюдений, то вы блестящий этнограф. ",30,290,10511.0,Крупец_ВШЭ
38944,"Мне как-то студент вместо эссе сдал статью Владимира Владимировича Путина. Пришлось ставить 0, и тогда он меня спросил: ""Вы с чем-то не согласны? "". Так что ссылаться на слова президента - это сильно. ",186,549,13363.0,Кривушин_ВШЭ
38921,"Молодой человек, а вы в средней школе учились или очень средней.",43,220,9961.0,Преподаватель_ВШЭ
38909,"""Очень жаль, что вас не возбуждает Россия.""",124,280,12531.0,Аверин_ВШЭ
38898,"Юриспруденция - состояние души, а не диплом.",63,218,11022.0,Аверин_ВШЭ
38888,Слабоумные - это вы после римского частного права.,54,235,10954.0,Почекаев_ВШЭ
38886,Образование - дело очень неприятное; всё время только страдаешь…,45,211,9925.0,Павлюткин_ВШЭ
38881,"Как? Вы не читали ""Бесов""? Мдаа... Сдача гражданского процесса под угрозой. И вообще с вами невозможно общаться!",28,218,9380.0,Ильин_ВШЭ
38875,Студент: так это шизофрения!Лектор: да нет же! Это юриспруденция!,79,302,11231.0,Ильин_ВШЭ
38855,*защита концепции выпускной квалификационной работы (на английском языке)П: Sprechen Sie Deutsch?С: No.П: Nicht.,33,207,8694.0,Богачёв_ВШЭ
38847,"— Кто Вы по знаку зодиака? А, овен. Вот, что с вами не так...",110,279,11319.0,Кылосов_ВШЭ
38806,"Представьте, что нам человек противоположного пола подарил ящик пива… И нам остаётся только гадать: по дружбе он сделал это или по любви…",73,231,9016.0,Васильева_ВШЭ
38800,Государство состоит из множества маленьких левиафанчиков.,32,219,9818.0,Антонов_ВШЭ
38784,"Девушки умнее юношей. Потом мужчины подтягиваются, подтягиваются, и к 65 годам становятся умнее. Но с этого возраста они начинают умирать.",176,477,14460.0,Пузанов_ВШЭ
38777,У меня был стресс вообще. Я съела два торта за один день.,49,218,8477.0,Кузнецова_ВШЭ
38773,"""Стабильность хороша на кладбище"".",76,305,12876.0,Колчинская_ВШЭ
38750,"Кто-нибудь читал «Бесы»? Никто не читал…Друзья мои… Сдача гражданского процесса под угрозой. Невозможно с вами общаться, я сворачиваюсь.  ",57,301,10341.0,Ильин_ВШЭ
38747,"Суд присяжных - это обычно нормальные люди, не изуродованные высшим юридическим образованием.",60,335,11232.0,Ильин_ВШЭ
38743,"Все хотят гарантий не только независимости суда, но и того, что он не идиот.",26,233,9684.0,Ильин_ВШЭ
38726,"Почему австралийцы быстро говорят? Я спросил. Мне ответили: «Ты видел сколько там мух? Чем больше у тебя открыт рот, тем больше их тебе залетит.",44,232,10238.0,Павлюк_ВШЭ
38723,"Меня обхамят в Москве - так и хочется сказать: ‘ну ты козел!’. А обхамят где-нибудь в метро Кабо-Верде - думаешь: ‘хм, какое интересное антропологическое наблюдение!’",34,224,9190.0,Павлюк_ВШЭ
38716,А вы не были в Феодосии? Такое милое местечко. Там где продавали людей. На том месте сейчас детский парк находится.,37,235,9761.0,Белов_ВШЭ
38710,"Если я ухаживаю за девушкой, это социальное взаимодействие? Социальное.А если её парень бьет мне морду, это социальное взаимодействие? Социальное.",49,254,9243.0,Белов_ВШЭ
38697,"Труд - это когда тебя посадили на сольфеджио и ты в такой вот позе без колы и попкорна должен слушать Моцарта. Сидеть и слушать - это не waste of time, а труд.",44,226,10534.0,Павлюткин_ВШЭ
38694,"Быть другом социолога – тяжелая ноша, нужно постоянно проходить опросы и давать интервью.",85,451,13331.0,Бархатова_ВШЭ
38684,Олимпиады - это кошмар.Дети в 13 лет хотят заниматься биоправом. В каком ужасном мире мы живём если дети задумываются о таких неприличных вещах!,142,774,18000.0,Белькович_ВШЭ
38681,"П: ...можно было задать вопрос ""Назовите все семь заповедей"".С: Семь?П: Перепутала с грехами, они ближе. ",53,336,10839.0,Максименкова_ВШЭ
38679,— Вот две ошибки у Белинского в жизни: жена и Достоевский. ,36,211,9587.0,ключевые_тексты_русской_литературы
38678,С: Я лично не переживал сталинские репрессии.П: Вы бы их не пережили...,92,495,12745.0,Чураков_ВШЭ
38674,"Давайте попробую на таракане объяснить. Вам таракана жалко? Ооо прекрасно, не жалко! Нашли изгоя.",28,216,8856.0,Ильин_ВШЭ
38673,"П: А у кого-то из вас есть опыт работы по специальности? *тишина, все качают головой* П: Да, глупый вопрос. Я и сам мог бы догадаться по вашим постоянно счастливым лицам.",69,370,11404.0,Галстян_ВШЭ
38664,"Everybody wants to go to Edo, no one wants to go to дача копать картошку.",48,340,12133.0,Пузанова_ВШЭ
38658,"Доверять человеку, который не знает философию, неразумно.",51,265,11874.0,Алиев_ВШЭ
38655,"*студент опаздывает*П: Знаете, Вы будете большим начальником.(все молчат) П: Вы зашли так, что виноватым почувствовал себя я!",87,549,13439.0,Большухин_ВШЭ
38652,"Чувствую контрольную придется проверять очень легко: открыл, закрыл, поставил 0.",74,440,11816.0,Логвееков_ВШЭ
38646,Я закончил паясничать и сейчас будет сложный конец лекции.,31,300,9701.0,Марей_ВШЭ
38630,"Помимо знания теории вероятностей, у вас нет ещё и совести. ",71,429,12061.0,Подкопаев_ВШЭ
38615,Берите пример с гусей. У гусей идеальный второй тон.,78,312,11678.0,Шалимова_ВШЭ
38612,"Конечно, я вас обманула! А вы меня не обманули? Весь семинар сидите в бравл Старс играете!",114,447,12916.0,Преснова_ВШЭ
38601,"Представьте, что к вам в окно лезут мгушники. ",144,585,14650.0,Чеснокова_ВШЭ
38597,"Если страшно, берите академ.",67,360,12050.0,Ковалев_ВШЭ
38572,"Чтобы лучше понять свой исследовательский вопрос, попробуйте объяснить его родителям, а лучше бабушке. Бабушка обязана вас любить, но не обязана вас понимать. Воспользуйтесь её любовью, поэксплуатируйте свою бабушку. ",94,466,13989.0,Климов_ВШЭ
38571,*пишем диктант*— Вы над нами издеваетесь?— Только ради этого стоило устраиваться преподавателем.,78,354,11468.0,Овсянникова_ВШЭ
38548,"Знаете, после 73 лет страдания фигней сложно что-то нормальное написать.",30,208,9489.0,Репин_ВШЭ
38524,"Внимательно изучайте правовую базу своего университета. Если существует требование являться на экзамен со шпагой, то являйтесь со шпагой.",42,289,9203.0,Хвальков_ВШЭ
38521,"*Студент цитирует статью препода*Ко: Погоди, погоди, сейчас нимб поправлю...",54,380,10322.0,Ковалев_ВШЭ
38512,"Мы снова топ-1 там, где топ-1 быть не надо.",72,364,9605.0,Володин_ВШЭ
38504,Мы - жизнерадостное социальное дно! ,62,218,8642.0,Большаков_ВШЭ
38488,"«Как разлагаются современные дети? Они сначала хотят конфет, потом конфет с ромом, а потом ром без конфет…»",123,333,10032.0,Кузьмин_ВШЭ
38485,"Говорите громче, чтобы все слышали как вы позоритесь.",137,521,12119.0,Почекаев_ВШЭ
38422,"*Смех в аудитории*Девчонки, в экономике спад, а вам смешно!",48,332,9552.0,Матвеева_ВШЭ
38413,Зачем я вам это рассказала?.. Избыточные знания ведут ко многим печалям...,27,235,8665.0,Деменева_ВШЭ
38395,"Если вы выбрали японский язык, это уже говорит о том, что детство у вас было тяжелое. Психически здоровые люди японский не выбирают.",194,438,12194.0,Чайковская_ВШЭ
38391,"С: *решает интеграл*П: Да, отлично, совершенно правильно, только неправильно.",48,276,8863.0,Кульчицкий_ВШЭ
38390,"Мне очень сложно, коллеги, потому что вы не знаете ничего.",76,458,12007.0,Овсянникова_ВШЭ
38387,Право – это искусство бабла и эффективности.,81,274,10199.0,Овсянникова_ВШЭ
38370,"У меня кстати дочь буквально на неделе спрашивает: «Мама, а что бы ты хотела посмотреть в Лондоне?» Не знаю, что она хотела услышать. Я сказала: «Могилу Ньютона!»",35,207,8127.0,Салимова_ВШЭ
38347,Юристы! С ними советуются президенты... Иногда. Лучше бы почаще. Многих проблем можно было бы избежать.,32,263,9349.0,Ильин_ВШЭ
38305,"За годы преподавания я заметил, что людей 21-го века секс не интересует.",122,248,9741.0,Лечич_ВШЭ
38298,*преподаватель рассказывает о важности работы в школе*С: А если мне дети не нравятся?П: А вы их не ешьте!,73,300,16089.0,Бикташева_ВШЭ
38295,"Вы, наверное, не пробовали пока работать. Ну и не надо.",76,422,15533.0,Абрамов_ВШЭ
38294,Ну никто же не учит 400 формул из нормальных людей.,31,232,11042.0,Грачёв_ВШЭ
38293,"Юриспруденция - это состояние души, а не диплом.",71,283,12379.0,Аверин_ВШЭ
38273,Лекция должна вызывать страдания у всех.,149,592,26335.0,Самохина_ВШЭ
38261,"Екатерину слушаем, потом в курилку.",84,341,16422.0,Боголюбов_ВШЭ
38255,Не всегда женщина худший вариант.,95,235,13378.0,Кузьмин_ВШЭ
38248,Эффектность - всегда важнее эффективности.,64,325,13278.0,Деменева_ВШЭ
38242,"/обсуждение структуры экзамена/— А мы сами выбираем тему?— Нет. Слепой случай, рок, судьба, анархия — они определяют тему. ",88,554,31540.0,Долгорукова_ВШЭ
38219,Правда – Салическая.Суд – общинный.Отель – Триваго.,50,285,12902.0,Тутаев_ВШЭ
38214,"*студент впервые появляется на паре спустя модуль* Ну что сказать, с премьерой вас! ",38,282,12701.0,Рябинин_ВШЭ
38210,"""Красиво делайте, некрасиво не делайте.""",57,291,12703.0,Беляков_ВШЭ
38202,"Когда я рос, у нас был один смайлик улыбающийся.. ну и второй неулыбающийся, остальное - от лукавого.",36,257,12922.0,Вечерин_ВШЭ
38190,Единственное зачем нужен красный диплом - это в будущем шлёпать им мужа по гарцующей попе.,498,405,29335.0,Нагих_ВШЭ
38134,"В МГ*А учат тому, на какой стадии процесса надо давать взятки.",361,385,21596.0,Нагих_ВШЭ
38122,"""Okay, let us use this bloody language because these shit-kicking cowboys can't understand French"".",63,261,15457.0,Щербаков_ВШЭ
38116,"С-т: нет, я не смогу.П: Ну *имя* то сможет? С-ка: Я попробую...П: Ну конечно, попробуете. У нас же все держится на женщинах.",55,278,17203.0,Коган_ВШЭ
38115,"Если вы начали думать, значит вы делаете что-то не то",178,515,24509.0,Логвенков_ВШЭ
38100,"Нет слова «потретюсь», поэтому повторюсь в третий раз.",42,295,16660.0,Минх_ВШЭ
38083,"Я знаю как ответить, другое дело, что ответа нет.",48,378,11568.0,Тузов_ВШЭ
38081,"*разговор о русскости в ""Муму"", русских национальных парадигмахАвось, небось и как-нибудь – три кита русской жизни.",57,247,15920.0,Замятина_ВШЭ
38077,"Если бы никто не ошибался, моя жизнь не имела бы смысла. Что бы я тогда делал? устроился бы куда-нибудь собирать апельсины…",23,225,12523.0,Файер_ВШЭ
38074,"Студентка: возмущается, что в аудиозаписи по китайскому слишком быстро диктуют слова для параллельного перевода на китайский и что ей пришлось запоминать порядок слов, чтобы успевать переводить.Анна Юрьевна: представляешь, насколько ты отсрочила свой альцгеймер?",117,623,26116.0,Овсянникова_ВШЭ
38055,"Если вам всё понятно, то вас обманывают!",31,334,16487.0,Нагих_ВШЭ
38047,Мужики без присмотра - это ужасно!,110,339,18569.0,Нагих_ВШЭ
38044,Какой идиотизм эта история!,29,220,12497.0,Нагих_ВШЭ
38007,Бесплатно старайтесь не работать. Это безнравственно.,244,977,42140.0,Нагих_ВШЭ
37968,"Если бы вы хотели быть юристами-лузерами, то пошли бы в МГЮА.",413,450,22359.0,Нагих_ВШЭ
37957,Стриптизория туфелька.,74,221,14850.0,Нагих_ВШЭ
37948,"Преподаватель: Вы что, любите эротического аниме?Студент: Нет.Преподаватель (аудитории): Он предпочитает жёсткое порно что ли?",379,386,36374.0,Преподаватель_ВШЭ
37943,"Кто первый надел халат, тот и психиатр.",84,412,13150.0,Петербургский_ВШЭ
37940,"Пары в 9 утра созданы, чтобы пытать преподавателей и студентов.",44,438,17431.0,Казун_ВШЭ
37926,- Если вы ниче не умеете это капец нормально.,160,648,23618.0,Саберов_ВШЭ
37923,"Человек не был создан для труда. Когда он трудится, у него начинает болеть спина, он несчастлив.",301,849,41679.0,Архипов_ВШЭ
37915,"Если вы видите, что у вас что-то не так с оценкой, вы мне пишете «what the f*ck», и мы с вами решаем этот вопрос.",291,733,29144.0,Орлова_ВШЭ
37912,"*преподаватель приводит пример вежливой фразы:- Давайте откроем окно. Коллеги, давайте откроем окно. Я буду очень рад, если кто-то откроет окно. Было бы здорово, если бы кто-то открыл окно. Как было бы хорошо, если бы кто-то догадался, что я серьёзно прошу открыть окно. Пожалуйста, откройте окно в аудитории 102 на Мясницкой 20. Я буду продолжать говорить эту фразу, пока кто-то не откроет окно.*студент открывает окно.- Спасибо, продолжаем. Просто в этой части аудитории очень жарко.",66,479,14218.0,Влахов_ВШЭ
37889,"Вы же знаете, кто такой Оксимирон? Я вам сейчас зачитаю строчку из его произведения… Ну, не зачитаю, конечно, ну вы поняли.",77,390,11359.0,Кожанов_ВШЭ
37880,Эта дичь называется «единичная матрица».,31,218,13263.0,Никонов_ВШЭ
37873,"Зачем что-то учить..? Сильным тренировки не нужны, а слабым тренировки не помогут.",462,1033,38154.0,Логвенков_ВШЭ
37870,"Если вы в депрессии, постарайтесь прийти хотя бы на три первых семинара.",185,930,18257.0,Круглова_ВШЭ
37862,Первый либерал в истории человечества - Иисус Христос.,128,402,19852.0,Суслов_ВШЭ
37855,"Сырник - это плебей, а вот чизкейк - это ровный пацан, такой себе хипстер на лонгборде.",121,331,14183.0,Нагорная_ВШЭ
37840,"Сюрприз это, конечно, хорошо, но в слове ""сюрприз"" есть слово ""сюр""...",71,420,16003.0,Афанасьев_ВШЭ
37798,"Во-первых, у него своеобразный вкус, во-вторых, у нее квартира.",61,316,14113.0,Долотов_ВШЭ
37797,"Читали?! Или под подушку положили, как Александр Македонский?",21,234,12215.0,Кашлявик_ВШЭ
37794,"Анархия, произвол, трэш, угар - это все про международное право, я правильно понимаю?",73,344,16038.0,Хабибулин_ВШЭ
37779,Прокручивание ленты новостей - это занятие мастурбацией.,170,299,18860.0,Кудрявцева_ВШЭ
37761,"Ты сейчас не субъект правоотношений, а объект.",31,209,11023.0,Минх_ВШЭ
37756,"Плохое в языке изучать намного интереснее, чем хорошее… и к тому же проще!",20,303,14067.0,Кронгауз_ВШЭ
37749,"Мои хорошие, ещё экзамена даже не было, а вы уже забыли.",40,459,14022.0,Гуменная_ВШЭ
37739,"Иногда смотришь на то, как тебя цитируют, и думаешь: «Я этого не говорила! Вообще не об этом речь шла!»",20,290,17092.0,Казун_ВШЭ
37731,Не надо умных слов.,37,296,14077.0,Антонов_ВШЭ
37715,"П: В общем, фильтруйте базар. Поняли?С: ....П: Good.",23,226,11093.0,Штейнер_ВШЭ
37706,"«Из того, что дважды два это четыре, следует что я - Папа Римский, вы это знали?!»",39,217,17838.0,Лебедев_ВШЭ
37688,"Каждый год есть люди, которые не появляются на парах. Спасибо этим людям, они помогают мне бороться с инфляцией оценок. ",64,451,16938.0,Казун_ВШЭ
37680,С утра вы должны знать сколько стоит цена на нефть!,30,276,11983.0,Суздальцев_ВШЭ
37671,"Не рекомендую вам связываться с книгами, потому что их нет по вашему предмету, т.к.ваш курс называется ""Математический анализ вашего лектора Лебедева"".",64,315,16196.0,Лебедев_ВШЭ
37664,"/на экране возникает уведомление, что проектор перегрелся//Файер выключает проектор/— А почему он шумит? Это он так проветривается? Ну хорошо, пусть отдыхает, зайчик. ",57,398,19969.0,введение_в_филологию
37661,- У парней первые девушки были какие? Тоже двухмерные.,133,306,15326.0,Рябов_ВШЭ
37645,"Нагих говорит, что мы будем ужасно управлять страной.Студент: ""Вы до этого не доживёте"".Нагих: ""Это похоже на счастье!""",66,410,15355.0,Нагих_ВШЭ
37632,В бизнесе главное - не потерять баблосик.,67,416,16783.0,Нагих_ВШЭ
37622,"Девиз женщины юристки: ""Пришла и взяла"" (не для мужчин).",96,267,15662.0,Нагих_ВШЭ
37612,В конце года попробуем женщин.,134,321,15651.0,Нагих_ВШЭ
37598,"Эту мысль я придумал только сейчас, поэтому у меня нет развёрнутого комментария.",50,366,15016.0,Гуляев_ВШЭ
37596,Мемы - это база. ,78,484,17537.0,Тутаев_ВШЭ
37594,"Мы тут сидим все звёзды ВШЭ, а кушать всем хочется одинаково...",33,398,14357.0,Преснова_ВШЭ
37577,"Понимаю, что всем вам сейчас трудно, но что мы, учёные, можем сейчас делать? Читать тексты, анализировать и писать новые. ",37,362,14749.0,Бертов_ВШЭ
37576,"- Ты вышел победить — победил, так чего ты радуешься — не проигрывать же ты вышел.",49,212,11425.0,Володин_ВШЭ
37570,"Люди… простите, не люди, мужчины…",79,332,13521.0,Влахов_ВШЭ
37567,"Извините, что отвлекаю вас своей лекцией от чтения новостей. ",54,640,16949.0,Влахов_ВШЭ
37566,Общество - это что-то абстрактное. Сложно представить себе фигуру из 8 млрд людей. Скоро уже 9 будет... Или не будет...,26,207,9622.0,Родионова_ВШЭ
37561,Рано или поздно муть уляжется.,40,290,14572.0,Марей_ВШЭ
37558,"- А вы знакомы с ворами в законе?- Господь миловал.- То есть, нет? - Я на крючок не попадусь, я как неуловимый Джо.",39,288,11942.0,Иванов_ВШЭ
37557,"*на встрече перваков*Про свой опыт могут вам рассказать старшие сокамерники… ой, сокурсники.",66,465,14138.0,Кузина_ВШЭ
37536,"*закрывает дверь в коридор, потому что там громко смеются*- Простите, что у нас не так весело.",143,964,29921.0,Виноградов_ВШЭ
37527,"Так, всё, мы отменяем praesens, галя, отмена.",27,214,11175.0,Маликова_ВШЭ
37509,*студент презентует идею газеты*Преподаватель: Душно или мне кажется?,47,349,12730.0,Выжутович_ВШЭ
37503,Без любви ничего не выйдет.,75,546,20083.0,Гаджиев_ВШЭ
37501,В одиночку можно только сойти с ума. Больше в одиночку ничего сделать нельзя.,64,352,14352.0,Буровский_ВШЭ
37495,"П: Назовите мне какой-нибудь luxury brand в России.С: Их в России уже не осталось.П: Назовите тот, который был.",30,340,12918.0,Влахов_ВШЭ
37440,"*Десятая минута перерыва, студент с трудом пробирается через уравнение*П: Это надолго, я пошел пить кофе, ты дорешивай *выходит из аудитории*",36,310,13692.0,Лепский_ВШЭ
37429,"План у нас сегодня такой: первая пара будет первой, вторая будет второй.",67,640,16779.0,Сомин_ВШЭ
37422,Перевод - искусство потерь.,53,334,13636.0,Кашлявик_ВШЭ
37393,Ликвидировали бога в отдельно взятом государстве.,20,238,12369.0,Ильин_ВШЭ
37387,"Эту внутреннюю установку практически нево… очень трудно преодолеть. Хотела сказать «невозможно», но решила дать нам всем шанс. ",28,226,11988.0,Шомова_ВШЭ
37372,"Чем больше гарантий, тем меньше тебя... хотят.",49,213,12064.0,Дзгоева_ВШЭ
37341,"Когда денег немного, то хорошо думается.",61,372,13841.0,Мхитарян_ВШЭ
37329,Свинья для кельтов - хтоническое существо. Своим свинячьим взором она проникает в параллельный мир.,62,238,13121.0,Афанасьев_ВШЭ
37320,"Аристотель не мог возглавить философскую школу, потому что его подозревали как иноагента.",65,516,16449.0,Алиева_ВШЭ
37312,"П: *Видит, что студенты очень плохо соображают*: ""Не грустите, это скоро закончится!""",29,340,13560.0,Осотова_ВШЭ
37308,"Инвестиционный пай - это как Choco Pie, только немного другое.",97,441,15717.0,Лаптева_ВШЭ
37305,Когда вы в суде читаете кодекс и не можете разобраться все втроем.,43,292,13743.0,Виноградов_ВШЭ
37300,Я чувствую Вашу боль! Но ничем не могу помочь.,48,514,16100.0,Виноградов_ВШЭ
37293,"Фига вы умные, конечно!",16,265,14357.0,Влахов_ВШЭ
37275,"Ну так, знания-то – фиг с ними. Главное, какая оценка за дисциплину, какой ты там в рейтинге, ууу... И в дипломе, конечно же!",55,320,16275.0,Гальченко_ВШЭ
37265,"Например, Макдональдс, царствие ему небесное.",133,873,20700.0,Болтрукевич_ВШЭ
37261,Мысль приковать ребёнка к батарее до 18 лет посещает каждую мать хотя бы раз в жизни.,111,448,16754.0,Козлова_ВШЭ
37251,"*в аудитории не хватает мест*- Не переживайте, это просто первая пара. Потом вы перестанете ходить, и мест всем будет хватать.",283,1717,45310.0,Казун_ВШЭ
37246,"Студент: Игорь Георгиевич, биологического оружия достаточно чтобы перейти в онлайн?Ковалев: Я думаю, с учётом биологического оружия некому будет переходить в онлайн.",42,305,16913.0,Ковалев_ВШЭ
37237,"Если я не ошибаюсь.. нет, я, конечно, не ошибаюсь, но...",32,318,15117.0,Алёшина_ВШЭ
37217,"Я, к сожалению, по ресторанам не хожу, по девочкам тоже.",82,406,17890.0,Гурьянов_ВШЭ
37205,"- Ответственность за ваше образование несёт каждый нормальный преподаватель, а я не нормальный.",156,718,22449.0,Крук_ВШЭ
37186,"- Тяжело в учении, легко помидоры выращивать на пенсии.",145,789,25220.0,Козинцев_ВШЭ
37179,"Студент: Я буду говорить только в присутствии своего адвоката!Рааб: Ага, только в присутствии своего психиатра.",29,255,20000.0,Рааб_ВШЭ
37176,Бабулька - это не возраст. Бабулька - это состояние души. Я никогда бабулькой не буду. ,57,258,18367.0,Семинар_по_философии
37163,"Преподаватель: …ФСИН, СВР, ФСО.Студент 1: Вот. Три убогих.Студент 2: ФСИН самый убогий.Преподаватель: Я тебе скажу, кто самый ущербный. В Ш Э! ",140,326,32284.0,Преподаватель_ВШЭ
37160,"- Да хун пао - это мое имя на случай, если Китай захватит мир.",74,316,16707.0,Рябов_ВШЭ
37154,"Даже, если вы Роман Абрамович, то вы не сможете спать 25 часов в сутки.",38,311,19256.0,Автономов_ВШЭ
37145,"Напомню вам, что евреи 40 лет таскались по пустыне, но в какой-то момент они задолбались. И начали нудить Моисею. ",68,286,16587.0,Коган_ВШЭ
37142,"Нюдсы надо хранить так, чтобы не подкопались! ",211,447,18957.0,Деменева_ВШЭ
37116,- Самый страшный вопрос на экзамене: какое отношение имеет доктрина Монро к Мерилин Монро.,71,464,18644.0,Ковалев_ВШЭ
37112,- Я записала за Вами.- Спасибо. Записала. Я перешлю Вам колобка ВКонтакте. Платного. Всю пенсию на Вас потрачу.,39,245,16004.0,Егорова_ВШЭ
37106,"Неудобно плавать в море, если ты квадрат.",49,294,14111.0,Рахман_ВШЭ
37104,"- Коллеги, вы здесь или вы в шоке?",148,788,21530.0,Маркин_ВШЭ
37102,"Я сам когда лекции слушаю, обычно пишу на компьютере кратенький конспект, иначе тяжело внимание удерживать. Я вообще легко отвлекаюсь, даже когда сам лекции рассказываю.",36,328,15064.0,Соколов_ВШЭ
37101,"Если в терминах характеров из игр, то true positive - это lawful good, а вот false positive - это уже какой-то chaotic evil.",47,269,15267.0,Соколо_ВШЭ
37096,"Самостоятельные работы - ваш щит. Придёте на экзамен, я буду вас долбить в него.",71,327,15431.0,Морозов_ВШЭ
37087,"С : Михаил Анатольевич, у Вас экран не демонстрируется.П : А я ничего и не демонстрирую. Я себя демонстрирую. Можно?",49,635,22817.0,Бойцов_ВШЭ
37076,"Юристы... Хоть доходно, но скучно. То ли дело история: весело, увлекательно, интересно.",87,293,17089.0,Бойцов_ВШЭ
37074,"Нет вопросов? Вы хотите сказать, что я зря сэкономил 4 минуты?",19,351,13389.0,Бойцов_ВШЭ
37068,"Помним, что у нас формат open book, а не open сосед.",110,697,18219.0,Зангиева_ВШЭ
37067,"- Это последнее занятие, где вы прощаетесь со своей невинностью.",83,324,16065.0,Закревский_ВШЭ
37061,Сейчас открою SPSS и буду показывать вам порнографию.,71,235,13980.0,Быков_ВШЭ
37060,Не будем тратить драгоценное время. Оно к середине июня становится всё ценнее и ценнее.,12,228,13673.0,Сорвин_ВШЭ
37054,"*перед парой в 8:00*– Коллеги, все проснулись? Да? То есть вы уверены, что я вам не снюсь?",56,570,16472.0,Большухин_ВШЭ
37028,"Больше 12-15 страниц никто не читает, и то это много. Я подозреваю, года через два вам придётся укладывать вашу диссертацию в тикток.",599,1894,48847.0,Круглова_ВШЭ
37024,"- Детей в семье не должно быть слишком много, а то в старости будет слишком много стаканов воды.",104,407,17471.0,Карачурина_ВШЭ
37021,П: Как выглядит символ фармацевтов?С: Змея.П: «Тёща кушает мороженое» это иногда называется.,86,246,17057.0,Баньковская_ВШЭ
37016,Нарушать правила тоже нужно по правилам.,30,255,13310.0,Воронина_ВШЭ
37009,"Обезьянка бежит к банану, увидела мандарин — и банан ей больше не интересен. Наш мозг, к счастью, устроен не так. Вот вы ехали в Высшую школу экономики подавать документы, увидели МГУ, но проехали мимо. И правильно сделали. ",570,1507,41747.0,Сорвин_ВШЭ
37007,*задумчиво стирая с доски*- Даже тряпочка уже не вывозит.,64,414,15407.0,Коваль_ВШЭ
37004,"П: Коллеги, простите, нужно убрать кота, он мешает мне сосредоточиться. С: Покажите кота…П: Нет, не могу показать кота, эта опция станет доступна по окончании курса.",85,596,19863.0,Гудова_ВШЭ
36994,"Вы поймите, это не я придумал, это министерство образования. Это все оно. Вот раньше оценок не было: за хороший ответ конфетку давали, за плохой-по попе шлепали, но работало ведь. Аристотель вот каким хорошим философом стал.",54,250,14232.0,Новиков_ВШЭ
36992,"У меня был заготовлен прикол, где в конце презентации было видео с парнем, который говорит: «А что это вы тут делаете? Лекция же уже закончилась!» Но, увы, прикол не сработал, видео не поддерживается… ",22,234,13197.0,Баньковская_ВШЭ
36991,Что-то сегодня у нас математика наталкивается на всевозможные трудности… Не математический сегодня день… Востоковедением что-ли заняться?,76,324,14598.0,Поляков_ВШЭ
36985,"Совет не деньги, можно дать.",158,538,18814.0,Макушина_ВШЭ
36970,"Ваше дно удивления будет опускаться все ниже и ниже. А потом оно опустится настолько, что его будет не пробить, т.к. вы будете знать, что в жизни возможно все... Особенно в России.",59,226,13749.0,Коган_ВШЭ
36964,"За этим красивым воспоминанием я забыл, что хотел сказать...",22,256,13698.0,Левин_ВШЭ
36963,"Приказ номер 189, 295, 147, 324... Чувствую себя как в передаче ""Русское лото"".",54,281,13494.0,Тарасов_ВШЭ
36962,"Я считаю, если на семинар пришло два человека - это уже успех.",68,533,19290.0,Зангиева_ВШЭ
36958,"— Как вы думаете, у этой стены есть второй шанс?— Конечно.— Вы верите в нас?— Я верю во второй шанс, но не в вас.",35,241,12775.0,Логвин_ВШЭ
36954,— В пятом веке в империю проникли штаны.,45,283,14269.0,Иванов_ВШЭ
36939,С: Есть ли сплетни про студентов после защит?П: Конечно есть. Даже во время защит!,29,242,12230.0,Гудова_ВШЭ
36933,"- Если пиво немецкое лучше, то зачем мне российское пить?",55,220,13729.0,Симонова_ВШЭ
36929,"Простите за спойлер, он нужен для объяснения материала.",21,223,11431.0,Левин_ВШЭ
36906,"Между сном и теорией литературы я бы тоже выбрала сон, без сомнения. ",51,428,16677.0,Замятина_ВШЭ
36896,"Неважно победишь ты или нет, главное, чтобы ты не проиграл. ",90,441,16397.0,Королёв_ВШЭ
36894,"— Физика - простая наука. Нужно просто долго смотреть и угадывать как работает система, вот и всё!— А если нет таланта угадывать?— Тогда нужно заниматься информационной безопасностью.",112,311,14906.0,Шаненко_ВШЭ
36886,"Если мы загрузим матрицу близости в LMS… ой, господи, в LMS… в SPSS, конечно.",20,207,10971.0,Зангиева_ВШЭ
36873,"Очень забавно, что надо было лезть прямо в даркнет, чтобы зайти на фри буст. Не как нормальные люди за наркотиками, а за книгами.. ",64,218,12283.0,Вольфсон_ВШЭ
36858,"П: Филистёр - это человек, который уверен в своей моральной правоте и пытается учить окружающих.С: На нашем языке это называется «душнила».П: Вот как? Запишите мне потом это словечко, чтобы я правильно объясняла.",232,549,20145.0,Баньковская_ВШЭ
36855,"I am going to teach you how you can use EU directives to crush your enemies, rip their bleeding hearts out and destroy them.",49,264,13036.0,Энтин_ВШЭ
36834,"- Сначала на беговой дорожке, потом на работе, потом на антидепрессантах. ",120,495,15270.0,Журавлев_ВШЭ
36828,С вами каждый раз какой-то кринж.,56,302,10903.0,Агарин_ВШЭ
36824,"Вышка выработала «прекрасную» модель: «Я своё рассказал, могу поспать, других не слушать».",30,227,11949.0,Гудова_ВШЭ
36817,Вам никто не продаст вино во Франции с таким произношением.,202,899,25771.0,Малинкина_ВШЭ
36812,"Простите, но мы вам лицензию выдавать не будем. Вы рожей юридической не вышли.",70,253,11991.0,Морозов_ВШЭ
36768,"Прибыль есть, а денег нет.",42,229,12237.0,Высотская_ВШЭ
36763,"С: А какие оценки за контрольную?П: Тот, кто что-то написал, что-то получил.",53,359,14403.0,Гаврилов_ВШЭ
36745,"С: Россия по этому признаку входит в топ-80.П: Топ-80? Из скольки, 113? Как политкорректно.",30,232,11439.0,Слободенюк_ВШЭ
36738,C вами всегда какой-то кринж.,46,231,11857.0,Агарин_ВШЭ
36722,Наши рассуждения о правах человека и прочей фантастике….,49,245,10161.0,Соколов_ВШЭ
36711,"С: ""Кто вы из смешариков?""П: ""Недосыпатыч...""",117,383,13169.0,Хусяинов_ВШЭ
36700,"- Лучшее, что придумала Высшая школа экономики - это был её лозунг.",65,426,15645.0,Абраменко_ВШЭ
36695,"Если я буду читать только те книги, с которыми я полностью согласен, я ограничусь двумя своими. ",146,806,20797.0,Сорвин_ВШЭ
36672,"Коллеги, нас ждёт лекция в 9 утра… Понимаю ваши страдания, я страдаю аналогично.",41,403,12801.0,Зангиева_ВШЭ
36651,Что бы вы ни сделали вас обольют говном.,95,237,11242.0,Логвин_ВШЭ
36622,"Я возлагаю на ваше поколение большие надежды. Вы поколение, которое не застало ужасных времен. Вы свободное поколение; поколение, которое верит, что с помощью слова можно что-то изменить. Да, немного няшное поколение, но все же.",165,547,28726.0,Закревский_ВШЭ
36585,"Математик может знать ответ, может не знать ответ, но, чёрт возьми, математик должен знать, знает он ответ или нет.",71,348,15962.0,Ремизов_ВШЭ
36576,"""У детей есть одно право - плакать, когда их бьют"".",190,350,16231.0,Каибханов_ВШЭ
36574,На экзамене запалить студента - ну это как бы кайф! ,65,258,12093.0,Дементьева_ВШЭ
36568,Не приведи Господь кому-то прийдётся сдавать экзамен... ,31,254,12930.0,Бирюков_ВШЭ
36553,"Что еще можно услышать от людей, обезображенных математическим анализом...",53,231,12776.0,Коссова_ВШЭ
36549,Выражаясь современным политическим языком: «слежу за базаром».,36,215,9900.0,Юркевич_ВШЭ
36544,"Акбаров объясняет неопределенные интегралыАкбаров: в этой теме существует замечательная теорема. Кстати, как это называется на вашем сленге?Кто-то: Фича.Акбаров: итак, в этой теме существует замечательная фича.",58,280,13326.0,Акбаров_ВШЭ
36526,"Если хотите развить финансовую грамотность - возьмите ипотеку. Да, вы потеряете 40 лет жизни, но зато сколько полезных знаний вы получите!",72,314,12635.0,Кондратенко_ВШЭ
36519,"На предложения о взятке я всегда говорю: «Да, 30 тысяч долларов и 1 вопрос на экзамене на выбор». Пока желающих не нашлось... ",46,233,14041.0,Ковалёв_ВШЭ
36507,Отрубление головы - это гуманно и приятно. Это потом французы доказали. ,45,214,12954.0,Неверов_ВШЭ
36498,"Прошу прощения за эту пытку, я старался как мог...",45,259,11715.0,Автономов_ВШЭ
36496,"Я как-то помогал своему другу составить резюме для работы на Netflix, мы сделали процентов 80, ему оставалось сделать 20 и отправить. На следующий день я ему звоню, спрашиваю, а он говорит, что не отправил, потому что настроения не было. В итоге эту позицию заняла его жена, причём бывшая - вдвойне обидно.",37,266,11288.0,Аникин_ВШЭ
36479,Students must suffer.,50,277,12583.0,Бакулев_ВШЭ
36477,Что такое Рагнарек? Это дедлайн древних скандинавов.,198,730,20240.0,Земляков_ВШЭ
36460,"Студент: О мёртвых либо хорошо, либо ничего.Преподавательница: Да ладно, мы о мёртвых такое треплем!",36,273,16471.0,Деменева_ВШЭ
36457,"*контрольная работа*П: Кто пишет в онлайне, включите звук!С: А что делать, если у меня идут строительные работы?П: Вы что, на стройке контрольную пишете?С: В общаге…П: Ну закройте там окна, я не знаю…",28,227,11628.0,Ибрагимова_ВШЭ
36419,"Я не меркантильна, я просто знаю судебную практику.",68,304,10695.0,Матвеева_ВШЭ
36414,"Расскажу вам забавную историю. Когда моему сыну было три года, он просил меня прочитать ему то, что я читаю. Я почитал ему Баумана, «Индивидуализированное общество» - он сбежал через два предложения. В следующий раз я прочитал ему «Манифест Коммунистической партии» - он выдержал целую страницу. Настолько понятно написаны труды Маркса!",122,634,21047.0,Гаврилов_ВШЭ
36408,"Я думал, что оценки должны быть по 10-ти бальной шкале, а не по 8-ми бальной.",51,514,14314.0,Лейфер_ВШЭ
36397,"Лучше сделать вовремя, чем хорошо.",138,476,14414.0,Кузина_ВШЭ
36389,"- Если так подумать, красота красивее когда она плоская... ну как в аниме, да.",135,272,14192.0,Журавлев_ВШЭ
36387,Это конечно очень хорошая функция на лекции: молчать и улыбаться.,52,283,9810.0,Володин_ВШЭ
36379,"- Сейчас, подождите.*пауза*- Прошу прощения, мне нужно было удалить животное из комнаты.",54,340,11358.0,Баньковская_ВШЭ
36353,"С: У вас очень красивые обои.П: Спасибо, это виртуальный фон.",43,376,11105.0,Преподаватель_ВШЭ
36351,В смысле у тебя всё хорошо? Ты что не студент вышки? ,107,459,13367.0,Костенко_ВШЭ
36349,Лучший уход за кожей — уход из института.,348,862,16347.0,Горбунова_ВШЭ
36337,Бан — это сублимированный вид расстрела.,49,288,8314.0,Николаев_ВШЭ
36332,- По этому вопросу надо почитать Гегеля. У Гегеля на всё есть ответы. Ну он же крутышка.,36,219,9990.0,Замятина_ВШЭ
36331,"- Получается, чтобы выйти по УДО, осужденному нужно набрать больше ""плюсиков"", чем ""минусиков""?- Это несколько сложнее, чем накопительная система в Вышке... ",53,330,8973.0,Краснов_ВШЭ
36310,"Многие студенты ко мне попадают абсолютно не уверенными в своих знаниях, постоянно сомневаются, задают элементарные вопросы, хотя сами знают на них ответы. Вот на МИЭФе, например, такого нет, там все в себе уверены до безобразия, даже если несут абсолютную чушь.",29,226,7547.0,Кускова_ВШЭ
36273,"С: Мем смешной, ситуация страшная.П: МИЭМ смешной? Почему вы считаете что МИЭМ смешной?",71,443,14820.0,Захарьев_ВШЭ
36262,The democracy is not always correct. It’s just fun.,47,236,9387.0,Григорьев_ВШЭ
36236,"Не ситхи, а сикхи. Ситхи - это немножко из другого фандома.",64,368,8669.0,Гамалей_ВШЭ
36222,В этом районе только одно культурное учреждение - Макдональдс.,45,248,7181.0,Гамалей_ВШЭ
36206,"Вы часто делаете оговорку все, ""может быть я скажу какую-нибудь глупость” - пожалуйста, не бойтесь этого, потому что в целом мне кажется, что ваша задача, пока вы учитесь, высказывать вообще всё то, что есть у вас в голове, потому что… ну, а как?.. собственно вы сюда и пришли, для того чтобы проверять свои гипотезы о том, как устроена жизнь, разве нет?",103,509,20953.0,Клюев_ВШЭ
36157,Начинать пару с суицида - это очень по-вышкински.,313,890,27870.0,Бережная_ВШЭ
36140,"Ровно в 23:59 карета превратится в тыкву и дедлайн в LMS закроется. После этого сдать будет нельзя, поэтому планируйте падение LMS и сдавайте заранее - в 23:58.",60,472,14805.0,Кускова_ВШЭ
36135,"Подборка с одной пары:— Высокая культура была похерена христианством. •— Вы мудборды не сделали? Вы их должны были сегодня принести. — Нет, вы не говорили. Только про папки, фотки и видео. — А, я вам не сказал это? Это я, значит, плохой?— Да. — Тогда хорошо. •— Принесите в пятницу треш всякий, мы будем делать макеты. Не скупитесь на трешатинку. •— Вы думайте об этом. Заложите у себя нормальные, правильные туалеты. •— Искусство заедают! В правильных музейчиках повсюду кафешки. •— Приносите как можно больше трешанины. Если вы предпочитаете напильники, то напильники.",67,275,23997.0,Сергеев_ВШЭ
36122,"Слава богу, что такое отрицательные числа, мы знаем. Слава богу, мы в вышей школе, а не в начальной.",41,240,12664.0,Рябов_ВШЭ
36114,"Предположим, что я вас попрошу подойти к Кремлю и выразить определённую политическую позицию, а я вам автомат за это поставлю.",79,222,10710.0,Ледяев_ВШЭ
36072,"Пересдача - это грустно не только для студента, но и для преподавателя. Надо из своего свободного времени выделять время и место, чтобы послушать студента, который не сдал. А если он опять не сдаст, придётся звать друзей и устраивать комиссию. Всё это очень грустно, короче.",176,742,24425.0,Кутырев_ВШЭ
36057,"Вы знаете сайт libgen? Это сайт на котором можно найти любую литературу. Правда, незаконно, и я это осуждаю, я просто проверяю, знаете вы или нет.",320,524,18630.0,Кожанов_ВШЭ
36033,"Товарищи чёрные экраны, какие у вас есть идеи?",54,413,10808.0,Чернышева_ВШЭ
36031,Важно уметь критиковать тексты даже самых прославленных классиков. Я как-то критиковала текст проректора на семинаре с этим самым проректором. Было весело. ,75,453,14206.0,Кондратенко_ВШЭ
36009,"Они женщин не очень хорошо видели, грудь рисовали в рандомных местах, практически на плечах.",45,258,12697.0,Рогожина_ВШЭ
36006,"— Я понимаю, что вы в гробу видали макроэкономический оборот и не хотите ничего запоминать.",68,332,12157.0,Каменев_ВШЭ
36002,Бриллианты - лучшие друзья девушек и каджарских шахов.,37,208,10214.0,Рогожина_ВШЭ
35979,Как писал Маяковский:- Всё в страшном порядке.,18,208,10068.0,Коган_ВШЭ
35974,"Как жаль, что вы не знаете, что такое сквирт.",159,213,11153.0,Лечич_ВШЭ
35950,"- При мне, честно, дерево упало и откололо кусок орнамента на храме десятого века. Я, кончено, офигел, но там всем все равно, это же Камбоджа.",54,372,9224.0,Воскобойников_ВШЭ
35949,"С: А итоговая оценка округляется с 3,51 до 4?П: Оптимистично вы смотрите на своё будущее.",74,511,13079.0,Казун_ВШЭ
35936,"Знаете, занятия онлайн напоминают мне безалкогольное пиво.Вроде, что-то похожее... А толку ноль.",178,546,10774.0,Соснин_ВШЭ
35930,"Можно быть проституткой, можно быть бандитом, а можно быть знатоком римского права - это девиантное поведение. ",182,629,18262.0,Закревский_ВШЭ
35928,"Время семинара начинает кончаться, а у нас еще даже Константинополь не взят.",44,290,8345.0,Архипов_ВШЭ
35927,"Если многоножка начинает думать, как она ходит, то она сразу же спотыкается и падает.",22,212,7329.0,Банников_ВШЭ
35921,"Какие у нас шоколадки есть? «Аленка», «Красный октябрь», «Россия, прости господи, - щедрая душа»... ",80,420,11222.0,Маркин_ВШЭ
35920,Церковь состоит из двух чертей. Ой… Частей. ,59,325,8347.0,Макарова_ВШЭ
35919,"П: Поднимите руки кто со мной согласен.С: Я еще не досчитал, но уже согласен.П:  Это очень мудро с вашей стороны.",59,388,9123.0,Акбаров_ВШЭ
35912,"Не надо искать заговор там, где все можно объяснить простым идиотизмом.",90,439,11831.0,Баукин_ВШЭ
35911,Культурный человек не может родиться в Самаре.,215,277,12376.0,Акбаров_ВШЭ
35884,"У вас может сложиться впечатление, что я не читал, но я читал. Давно.",40,253,8297.0,Маркин_ВШЭ
35882,*конец пары в режиме онлайн*Всем спасибо. Спиритический сеанс окончен. ,93,536,9816.0,Зинченко_ВШЭ
35880,Для кого-то сейчас смыслом жизни является покупка IPhone 12. А для героя произведения Чехова эквивалентом айфона становится крыжовник.,36,238,7446.0,Куликова_ВШЭ
35873,"С: Хороший вопрос...П: Спасибо, но теперь я хочу хороший ответ.",51,361,9104.0,Воробьева_ВШЭ
35864,"Можно пока написать в чат, кто из персонажей 1917–1922 ваш краш. ",123,413,9932.0,Яковенко_ВШЭ
35863,Это можно решить лёгким гуглением. ,34,227,7782.0,Яковенко_ВШЭ
35857,"У вас сбитая ориентация, но жизнь поправит.",61,244,11267.0,Нагих_ВШЭ
35852,"- Если в вас вкладываются, значит вас хотят.",141,394,13195.0,Королев_ВШЭ
35846,Если вас будут хотеть - это замечательно.,64,207,9095.0,Королев_ВШЭ
35831,"С: *задает вопрос*П: *задумывается, начинает что-то печатать*П: - Сейчас... я поясню это мемом.",29,234,7540.0,Журавлев_ВШЭ
35823,П: Кто у вас научный руководитель?С: Вы.П: Я?С: Да…П: Что ж…,167,763,15045.0,Ибрагимова_ВШЭ
35818,"- Человек постоянно делает что-то бесполезное, и это его главное отличие от животных.",64,290,9599.0,Архипов_ВШЭ
35814,"Я вот открыл коробочку конфет. Если мальчик 3 лет вылетел из соседней комнаты, конфетку хвать и обратно в комнату, то это грабёж с точки зрения уголовного права, похищение чужого имущества. А если он ещё и кричал, что всех убьёт, то это уже разбой.",44,237,7913.0,Нефёдов_ВШЭ
35812,"П: *имя студента* это слово значит ""стипендия"". Вот вы получаете стипендию?С: Да, но стыдно какую...П: Ну это же все равно стипендия, дар. Дареному коню в зубы не смотрят!С: Скорее уж пони.П: Ну или мини пиг.",230,705,13983.0,Древнееврейский
35760,"*студент пересказывает шутку:HR в Москве: где вы учились, какими навыками обладаете? HR в регионах: судимость есть?П: Ну, да, можно сказать, такое есть. Шутка… нормальная.",27,248,7367.0,Панова_ВШЭ
35748,"Дедлайны здесь для того, чтобы их нарушать. ",66,264,8790.0,Уткина_ВШЭ
35745,"Жизнь сложнее, чем получение диплома... А вот Python изучить вполне возможно.",42,218,7726.0,Ореховская_ВШЭ
35737,"Если ваша работа обладает 100% уникальностью, то вы учёный-фрик.",65,368,9352.0,Кожанов_ВШЭ
35729,Историю выучить невозможно. Её нужно знать.,50,282,11069.0,Суздальцев_ВШЭ
35726,"- Вы, распевая Моргенштерна, а я, распевая песни Пинк Флоид, вместе решим данное уравнение.",47,279,7471.0,Шаненко_ВШЭ
35696,"Статистика не идеальна, мир жесток, но работаем с тем, что есть.",45,235,8109.0,Белоус_ВШЭ
35691,"Читайте ""The Economist"". Ничего больше не делайте. Можете в универ не ходить, но читайте экономист. 5 лет чтения экономист сделают из вас другого человека.",85,361,10055.0,Дохов_ВШЭ
35633,"С: In Chelyabinsk we don’t moan about ecology, we just mutate and live with it.П: I`ve been to Chelyabinsk, thank God I haven`t mutated.C: You think you haven’t mutated, but be careful with your statements.",130,566,13094.0,General_English
35627,Вы - выкидыши ЕГЭ,204,576,12611.0,Нагих_ВШЭ
35600,"- Думали, что на дне, а снизу постучались.",41,220,8459.0,Нагих_ВШЭ
35596,"П: В конце напомните мне...С: Что напомнить?П: Да ничего. Просто скажите ""напоминаю"", и я вспомню.",26,260,7209.0,Михайлов_ВШЭ
35586,С. - Она отчислилась.П. - Замечательно!,38,260,7889.0,Трефилов_ВШЭ
35574,"На часах примерно 19:30.- У нас десятиминутный перерыв, рекомендую налить себе свой любимый напиток, в это время суток это не обязательно может быть кофе.",81,357,9225.0,Тютюрюков_ВШЭ
35564,"С 5 до 7 лет у ребёнка время игры. Если ребёнок в это время не играет, … он не будет учиться в Высшей Школе Экономики!",46,285,9235.0,Надеждина_ВШЭ
35495,"Вы знаете, зачем слону хвост?Чтобы слон не заканчивался внезапно.",105,320,8918.0,Маркин_ВШЭ
35448,Мы тут экономикой занимаемся!!! Деньги надо сжечь.,32,214,7553.0,Суздальцев_ВШЭ
35441,*отвечает на звонок*: Национализм никуда не делся....Алё?...,32,206,7412.0,Суздальцев_ВШЭ
35434,Настоящий мужчина ест в день один раз: с утра до вечера.,187,506,13960.0,Суздальцев_ВШЭ
35427,- Вы бабка на лавке или филолог?,61,264,11981.0,Банников_ВШЭ
35403,"Если вы пришли наблюдать за людьми, а они едят - тоже поешьте. Очень неловко, когда люди едят, а социолог стоит и смотрит.",69,381,9575.0,Нарьян_ВШЭ
35399,"Есть идиома, русская литература построена на страдании, страдает либо читатель, либо автор, либо герой. Я думаю наша система образования устроена также, страдаю либо я, либо вы, либо предмет.",173,551,12523.0,Тутуров_ВШЭ
35396,*устный практикум корейского*- какое хобби у Путина?- поднимать страну с колен..,85,279,9318.0,Студент_ВШЭ
35395,"С: В статье был кейс про суициды…П: Не спешите, мы дойдём до суицидов.С: А может не надо? Мы и так уже в Вышке…",101,323,9925.0,Панова_ВШЭ
35345,"Я считаю, это дискриминация, что преподаватель должен сидеть с включённой камерой, а студенты - нет. Я, может, тоже хочу во время пары лежать на диване, а не могу.",104,519,14777.0,Надеждина_ВШЭ
35319,"- Блин, маска порвалась… То ли рожа растет, то ли маски маленькие стали.",45,215,8070.0,Соколов_ВШЭ
35309,"Кто уснул, пожалуйста, проснитесь. ",35,255,7365.0,Гурьянов_ВШЭ
35303,Прямая - это окружность с радиусом равным бесконечности.,72,251,8941.0,Вереземскаян_ВШЭ
35294,"- Во всей Европе шла Вторая Мировая, а в Швейцарии шёл курс общей лингвистики.",47,311,8394.0,Поселягин_ВШЭ
35250,*открывает презу*Играл со шрифтами и проиграл.,49,306,7793.0,Бабин_ВШЭ
35247,"Юристом можешь и не быть, но вот английский знать обязан!",35,208,7602.0,Михайлов_ВШЭ
35240,"Мы исследовательский вуз, мы исследуем, и в этом заключается часть нашего исследования.",27,221,7214.0,Михайлов_ВШЭ
35235,"Вот мы удивлялись, как люди привыкали к войне. А как люди привыкли к пандемии? Первые полгода было страшно, а потом уже нормально. Вот так же и на войне. «Ну долбануло, ну не по мне же долбануло». ",60,216,6923.0,Кутырев_ВШЭ
35229,"Коллеги, всё понятно? Вижу, в чате пишут, что понятно. Надеюсь, люди, которым что-то не понятно, не молчат. Я недавно прошла курс по python и была в роли ничего не понимающего человека, теперь понимаю, каково таким людям.",43,229,7971.0,Нефёдова_ВШЭ
35208,"Если бы я был рыцарем, на щите у меня было бы написано «Все сложно».",41,263,8152.0,Файер_ВШЭ
35191,"Мы сейчас с вами проходим всё постепенно, как в первом классе: сначала палочки, потом числа, затем интегралы.",54,278,9610.0,Ерохина_ВШЭ
35130,"Я не утверждаю, что банкротное право интереснее, чем секс.",177,408,12229.0,Зайцев_ВШЭ
35099,В интернете я веду себя совсем не как типичная женщина 39 лет: я киберпанк и обожаю шутеры. Я совсем не похожа на мать девочки 11 лет.,47,258,10395.0,Захарова_ВШЭ
35095,Я немецкий язык плохо знаю... точнее не знаю.,31,213,9451.0,Широков_ВШЭ
35076,"У верблюда два горба, потому что жизнь - борьба.",64,334,11905.0,Нагих_ВШЭ
34964,Главная цель любой женщины – сделать из мужчины человека.,306,576,19321.0,Баукин_ВШЭ
34954,"С: Родион, Юрьевич, а вы наши эссе на экзамене сразу читать и проверять будете?П: Да, я читаю вслух, а вы в этот момент ходите на четвереньках.",69,304,14841.0,Белькович_ВШЭ
34948,"— Имейте в виду, что эти работы писали люди разных возрастов — в том числе и маленькие бакалаврики.",125,816,19352.0,Кривошеина_ВШЭ
34903,Я запрещаю вам жениться в 6:30 утра!,52,431,16662.0,Якушева_ВШЭ
34877,"*о настроении комиссии на защите курсовых работ:- БДСМ, групповой секс, бла-бла-бла.",116,295,17808.0,Ротмистров_ВШЭ
34863,Все недочеловеки завидуют историкам.,94,246,18180.0,Казаков_ВШЭ
34856,- В нашем конституционном праве без 100 грамм не разберёшься. Без 100 грамм с каким-нибудь политиком.,90,320,20263.0,Мазаев_ВШЭ
34850,"Если я всех обыграл, то кто я?Правильно, идиот.",45,222,16264.0,Ильин_ВШЭ
34843,"Бедный не в смысле денег, а в смысле «обнять и плакать».",174,993,29098.0,Карачурина_ВШЭ
34821,"А женщина, да не услышат меня пендосы с 76 гендерами, как живое существо, имеет свойство рожать!",180,372,23570.0,Почекаев_ВШЭ
34806,"Давайте повспоминаем времена СССР, в которые вы не жили.",50,388,18064.0,Чурилова_ВШЭ
34790,"*звонит телефон*Таааак, начинается... Здравствуйте, Владимир Владимирович! Я щас занят. *сбрасывает*",70,475,22063.0,Суздальцев_ВШЭ
34764,"Производство симпл-димлов, с марксисткой точки зрения, абсолютно бесполезный вклад труда.",135,391,16353.0,Белькович_ВШЭ
34761,"*Студент хочет второй раз выйти к доске*Элияшев: ""вы уже были, нужна сменяемость власти. Это актуальный вопрос!""",107,363,18869.0,Элияшев_ВШЭ
34760,"Студенческая молва гласит, что я не самый удачный интервьюер на экзамене. Сказать, что слухи преувеличены было бы неправильно.",23,206,14624.0,Минх_ВШЭ
34755,Экзамен это всегда праздник. Это подведение итогов вашего. существования.,103,422,15784.0,Минх_ВШЭ
34738,"Если вы будете цитировать Егора Летова, вас придется удалить.",128,377,16668.0,МИЭМ
34736,"- Как же меня достали все студенты…. Извините, это я не про вас. ",62,457,14963.0,Черткова_ВШЭ
34732,"Социология - полипарадигмальная наука, но это не означает, что вот каждый что-то пукнул, и это сразу стало contributed to the theory.",98,249,13343.0,Кузина_ВШЭ
34731,Бабки в дворах осуществляют социальный контроль.,38,227,11396.0,Дохов_ВШЭ
34729,Мы вам поставили дедлайн в LMS на 10:00. Успеете даже пару часов поспать.,27,304,13522.0,Чурилова_ВШЭ
34726,"С: А можете выключить свет?П: Сделать интим? Конечно, как же без него на демографии. ",118,389,13482.0,Карачурина_ВШЭ
34721,"На этой неделе дипломники проснутся, встанут из могил, где они пролежали последние три месяца, напишут: «Дайте... скажите... прочитайте мой 100-страничный текст, ответьте через 2 часа, что там надо исправить».",51,208,12378.0,Павлюткин_ВШЭ
34707,Сейчас я открою свою дурацкую презентацию и расскажу про свой абсолютно бесполезный курс.,117,334,10747.0,Быков_ВШЭ
34701,"*пара в MS Teams, преподаватель задаёт вопрос*- Коллеги, я вас не вижу, отвечайте голосом.*гав*- Пока голос подала только моя собака, которой не нравятся наши соседи.",39,367,14751.0,Чурилова_ВШЭ
34552,"П: 8 Марта - чёрный день календаря для мужиков.С: 8 Марта легче, чем 23 февраля... Девочке цветочки на 8 Марта подарил и уже хорошо.П: Ой, я хочу посмотреть как вы со своими цветочками... во-первых, какие цветочки, в каком состоянии... Я к своему возрасту стал такой флорист. Поверьте уж, с ходу уже могу выбирать. Розы нельзя брать, потому что дохнут, лилии дохнут, но не мороженные, какие выбирать мимозы...С: Хризантемы большие стоят долго...П: Хризантема шикарный цветок... Я вообще считаю, парням надо дать маленький семинарчик, только так нарабатывается опыт...",51,228,12881.0,Суздальцев_ВШЭ
34523,"Ужасно читать лекции в такое позднее время. Сейчас бы покушать что-то, поваляться на диване, подремать, приходится лекцию читать... Я подозреваю, когда читаю лекцию, кто-то, на самом деле, лежит на диванчике дрыхнет. Поставят заставку с каким-то собакенами и вот слушают... А под меня спится идеально... Я это знаю...",136,511,14096.0,Суздальцев_ВШЭ
34505,"На майноре «Прикладная экономика» - Макроэкономику очень интересно изучать, но очень грустно в России.",74,283,11945.0,Майнор
34469,"*шум в аудитории*- Коллеги, давайте потише. Я понимаю, вы люди немолодые, погода плохая, давление, но всё же.",55,253,8376.0,Павлюткин_ВШЭ
34088,"П: Здравствуйте, Александра! Рад вас видеть.С: Я не Александра, я Маргарита. П: Да, Александра, я слышу вас. ",38,223,6628.0,Коротаев_ВШЭ
34026,"*Перекличка присутствующих на семинаре. На свою фамилию отзывается студент с выключенной камерой и примечательным кайманом на аватарке.*ОА: - Да, это животное я уже видел... Я не про вас, разумеется, а про картинку!",41,249,6610.0,Лекманов_ВШЭ
34014,"Представьте - сидят в африканской хижине такие условные дикари, телевизор смотрят. Тут кто-то забегает и кричит - ребята, антропологи приехали! Убирайте телевизор! ",31,223,5767.0,Деминцева_ВШЭ
34002,"*Студент скидывает работу в 4 утра, написав ""доброе утро""*П: - страшно подумать, что 4 часа утра — это доброе утро(",52,392,7675.0,Тарнопольский_ВШЭ
33998,"*преподаватель запускает студентов в конференцию*П: Опаздываете!С: Не на ту ссылку нажал.П: А раньше говорили, что бабушку через дорогу переводили.",78,513,9595.0,Павлюткин_ВШЭ
33918,Ночь принадлежит нам.Дедлайн с рассветом.,62,439,10011.0,Студент_ВШЭ
33901,"С: *очень быстро негромко читает текст закона с экрана*П: Ты что, молишься?",46,334,8883.0,Минх_ВШЭ
33893,"Вообще, лучше всего все задания делаются после дедлайна. А содержание курса и вовсе активнее всего обсуждается уже после экзамена. ",53,378,8254.0,Павлюткин_ВШЭ
33876,"- Лекция - это стендап, а семинар - драма с оценками.",98,398,7621.0,Рябов_ВШЭ
33856,"Я не Windows, я однозадачная, подождите.",24,207,6262.0,Русинова_ВШЭ
33768,"Знаете, чем я живу последние полтора месяца? Я представляю, как бегу по ромашковому полю, светит солнце, меня спрашивают: «Надежда, возьмёте ещё один курс на обучение?» А я кричу в ответ: «ИДИТЕ В ЖОПУ! Я УВОЛЬНЯЮСЬ!»",211,672,13222.0,Буйлова_ВШЭ
33764,"Я понял, нужно говорить либо про еду, либо про секс.",76,274,9526.0,Буланичев_ВШЭ
33688,"Недавно говорил кто-то очень непросвещенный, по-моему это был министр Просвещения…",48,241,6277.0,Гельфонд_ВШЭ
33663,"Вы третий курс, у вас столько ненависти должно быть к преподавателям! Вагон и маленькая тележка.",62,286,8086.0,Воскобойников_ВШЭ
33620,"С: We learn.П: Не мы learn, а они! Значит что мы делаем? С: We make them learn! П: We could, but we just teach.",48,349,10184.0,Чашко_ВШЭ
33593,Стране не до математики...,51,266,9326.0,Акбаров_ВШЭ
33591,"П: Извините, пожалуйста, у меня немного хриплый голос, я только что прочитал три лекции. Так что если вы меня не понимаете, то вы знаете, почему.С: Если мы вас не понимаем, то это не потому что у вас хриплый голос...",42,293,8301.0,Поселягин_ВШЭ
33552,"Лонгвенков: задавайте даже глупые вопросы - чем меньше ошибок в контрольной, тем меньше мне проверять.Студент: ну так может скажете, что будет в контрольной? Логвенков: не могу - собственная вредность борется с собственной ленью.",64,356,7827.0,Логвенков_ВШЭ
33549,Студент: Все виснет! Бесит! Что за день такой?!!Преподаватель: Вторник.,51,503,10227.0,Преподаватель_ВШЭ
33484,"- Отчисление не убивает, оно делает вас сильнее.",152,544,11312.0,Краснов_ВШЭ
33425,"Не надо стесняться [включать камеры], я вас тоже стесняюсь. Это ещё вопрос, кто кого больше боится.",30,232,5899.0,Павлюткин_ВШЭ
33361,- Человеку нужно отдыхать между сеансами пытки.,45,209,6329.0,Неверов_ВШЭ
33302,"Просьба называть себя так, чтобы я мог вас идентифицировать, а не как-то вроде «Арагорн, сын Араторна».",61,303,6952.0,Павлюткин_ВШЭ
33292,"Мне столько всего нужно сделать, что просто хочется лечь и заплакать.",170,647,18669.0,Матвеева_ВШЭ
33286,"Сверхчеловек по Ницше не обижает слабого, так как это не по-поцански что ли.",81,395,8915.0,Золотухин_ВШЭ
33217,"П: «Кровожадный консерватор и монархист» - это я? Вы в чате написалиС: Нет, это про БисмаркаП: Слава богу.С: О ваших политических предпочтениях я, к сожалению, не имею понятия П: Я тоже о них понятия не имею...",66,393,9186.0,Ковалёв_ВШЭ
33213,"Итальянские папы, будучи заказчиками убранства своих резиденций, обладали вкусом явно большим, чем человек, убранство чьего дворца нам показали намедни.",50,250,6925.0,Дроздова_ВШЭ
33159,"Сейчас популярно мнение, что люди плохо воспринимают круговые диаграммы, но я считаю, что это просто заговор тех, кто не любит кружочки.",55,290,7731.0,Фурманов_ВШЭ
33124,С: Почему экран серый?П: Видимо программу писал очень грустный человек.,28,224,7404.0,Грищенко_ВШЭ
33090,"Корпоративная почта - это жуткая помойка. Туда приходит всё: кто зашёл в конференцию, кто вышел из конференции, кто что потерял, кто кого замещает, кто за какие закупки ведает. Если вы хотите сказать мне какую-то гадость, можете писать туда, я всё равно не увижу.",73,316,9765.0,Жаворонкова_ВШЭ
33088,"Сейчас я вам расскажу, почему я при проверке ваших эссе рыдала... от горя, не от счастья. Хотелось даже вырвать волосы... студентам, не себе, конечно.",75,297,8661.0,Жаворонкова_ВШЭ
32956,П: How did you spend your winter holidays?С: I learned how to live without studying. It`s a beautiful skill.,74,462,10877.0,General_English
32937,"Если вы воспринимаете экзамен, как страдание, вам надо к психологу.",98,306,9935.0,Егоров_ВШЭ
32882,"Семинар. Студент, отвечая у доски, закрыл собой камеру, включенную для людей на дистанте. Препод: Извини, но your ass закрывает всем обзор.",110,260,8428.0,Федоровых_ВШЭ
32870,"С: Ну, а СССР... П: Мы про нормальные страны! ",67,275,9268.0,Ковалев_ВШЭ
32866,"Итак, экзамен, любимое занятие студентов и преподавателей. Я смотрю на вас и некоторых людей вижу впервые.",46,275,8756.0,Кутырев_ВШЭ
32829,В искусство вообще идут люди с более или менее поехавшей кукухой.,115,412,11485.0,Егорова_ВШЭ
32797,"Староста, зафиксируй. На семинаре 23 студента и 2 человека.",63,387,8039.0,Минх_ВШЭ
32793,"Soon I will become a specialist in Cyberpunk 2077, because I have heard so many presentations about it. ",33,234,7491.0,Муравьёва_ВШЭ
32785,"*пара по английскому языку*С: Виктория Максимовна, может, хватит с нами уже по-английски разговаривать?",52,244,8447.0,Academic_English
32768,"Я вам выслал две статьи: одна моя, другая неправильная.",64,314,6451.0,Целуйко_ВШЭ
32759,"I don`t cope with stress, I live with it.",39,380,10091.0,Academic_English
32749,"Когда началась пандемия, многие преподаватели, в том числе и я, поставили свои столы к книжным шкафам, чтобы шкафы стали частью того, что преподаватели демонстрируют в Zoom. Понятно, что это мистификация. Вы когда-нибудь видели стол, стоящий спиной к книжному шкафу, да ещё и посреди комнаты, а не у стены или окна? Так не бывает. ",125,553,12526.0,Садыков_ВШЭ
32748,"По Гоффману, все мы пытаемся произвести впечатление. Например, я пытаюсь произвести на вас впечатление, что я читал Гоффмана и понимаю его.",54,309,7842.0,Садыков_ВШЭ
32739,"Раньше был коммунизм, теперь киберпанк.",52,227,8088.0,Дмитриев_ВШЭ
32736,"Ну да, я, конечно, понимаю. Вы на первом курсе еще не юристы, вы поэты.",40,219,6403.0,Скоробогатов_ВШЭ
32732,,56,233,12367.0,Бляхман_ВШЭ
32674,"Может я просто голограмма, а текст сочинила какая-то припадочная нейросеть. А за кадром здесь ещё рептилоиды. ",28,231,6417.0,Поселягин_ВШЭ
32672,"*Семинар в Zoom, преподаватель смотрит, кто хочет отвечать*- Так, вижу две лапки.",41,275,5808.0,Минх_ВШЭ
32666,Рождённый тратить копить не может. ,122,429,10075.0,Преподаватель_ВШЭ
32657,"- Сейчас, подождите, я кошку выпущу.*обращается к кошке*- И зачем ты тогда сюда заходишь? Ты зашла, чтобы потом обратно уйти? А зачем дверь закрыла?*возвращается*- У кого дети шумят, а у кого кошки. А если закрыть дверь, она прыгает на ручку и открывает ее. ",59,278,6828.0,Муравьёва_ВШЭ
32640,"П: Коллеги, всё понятно? Мы можем идти дальше?С: *молчание*П: Коллеги? Вы здесь? Или куда-то уже ушли?С: Да-да, всё понятно.П: Вы реагируйте на меня, а то я уже думаю, что я псих-одиночка, сама с собой разговариваю в окружении плюшевых котов. ",22,294,7886.0,Зангиева_ВШЭ
32635,"Язык тела говорит о том, что вы гуглите.",32,366,5898.0,Неверов_ВШЭ
32634,"*диалог со студенткой*- А откуда вы взяли эту информацию?- Ну, точно не у автора...- Божественное откровение, получается?",14,281,7296.0,Неверов_ВШЭ
32597,Вы видите демонстрэйшн оф май экрэйшн?,16,211,5019.0,Ахметбеков_ВШЭ
32567,П: Вы мою презентацию на экране видите?С: Нет.П: Мои соболезнования.,17,313,5538.0,Юркевич_ВШЭ
32561,"Аудирование онлайн проводить сложнее, чем в классе. У меня тут в прошлой группе кошка с собакой подрались на 25-м вопросе.",10,285,6199.0,Муравьёва_ВШЭ
32061,"Коллеги, было бы здорово, если бы вы себя иногда показывали, а то я так скоро совсем одичаю, глядя на кошечек, собачек и кроликов.",6,266,8713.0,Зангиева_ВШЭ
32045,"Добровольцев нет? Хорошо, тогда отвечать будет второй квадратик слева во второй строке сверху. ",13,289,7441.0,Зангиева_ВШЭ
32035,"*занятие в Зуме, преподаватель долго объясняет тему, затем задаёт вопросП: (имя студента) отвечает... и не жуёт при этом.С: Извините, я, пока вас слушала, проголодалась. И запуталась.",3,214,5845.0,Студент_ВШЭ
32017,*раздавая эссе*- Заберите свои «Войны и миры».,2,247,7515.0,Муравьёва_ВШЭ
31986,"В 19 веке не было спотифая, поэтому приходилось ходить за новинками музыки в оперу.",13,294,5361.0,Польской_ВШЭ
31969,Главная функция образования - поиск брачных партнеров.,13,368,9084.0,Калгин_ВШЭ
31955,"П: Так, а теперь перейдем к Платону...С, тихо: К гейскому гейству.П: Я слишком стара для этого. *пауза* Скачала я этот ваш тикток.",5,246,6627.0,Винкельман_ВШЭ
31923,"Я уже рассказывал о том, что на даче завелась мышка. В прошлый свой приезд я поговорил с ней по душам, она поняла и убежала.",2,247,7413.0,Карпенко_ВШЭ
31916,"Итак, возвращаемся к нашей настолько измененной Конституции РФ, что хочется плакать...",5,286,7489.0,ФП
31910,"С: А сколько весит тест?П: Приносите, взвесим.",5,346,7994.0,Макроэкономика
31906,"Вас не так много, как было вначале. Сдохли, да?",7,298,7399.0,Чамина_ВШЭ
31901,"Богачёв: Если вы сойдете с ума, вас посадят в дурку. А если вы защитите докторскую, станете профессором, а уже потом сойдете с ума, то так и будете преподавать в вузе. Ауд: Так вот почему вы в аспирантуру пошли. У вас есть докторская? Богачев: Лучше, у меня справка есть!",15,328,7551.0,Богачев_ВШЭ
31851,"*в зуме у студента стоит виртуальный фон*""фамилия"", ты почему исчезаешь на фоне странных мужиков?",12,286,9142.0,Нагих_ВШЭ
31839,"Пойду, у меня там кот орет, обращу на него внимание. Ну, и дети тоже. На детей, конечно, меньше внимания, чем на кота.",2,304,7501.0,Стеженская_ВШЭ
31834,"Люди постоянно испытывают новые эмоции. Я могу придумать какое-то новое слово, абсолютную абракадабру из языка муми-троллей, скажем, «лентиль», и сказать, что оно обозначает тоску преподавателя по студентам. В следующий раз я вам скажу, что испытываю «лентиль», и вы меня поймёте. ",4,206,7757.0,Симонова_ВШЭ
31817,"Настоящих друзей может быть только 6, не больше. Почему? Потому что только шестеро друзей могут понести ваш гроб.",11,266,9638.0,Алтухов_ВШЭ
31801,А вы еще сборник моих цитат не начали вести???,2,212,7416.0,Нагих_ВШЭ
31796,"С: Я поняла, что будет проблематично раскрыть тему феминизма в Китае, поэтому взяла тему сортировки мусора.П: От женщин к мусору. Нормально.",2,298,7238.0,Виноградов_ВШЭ
31790,"*занятие в зуме, 32 участника. Преподаватель задал вопрос, в ответ тишина- Do you know the English equivalent for the term ""мертвые души""? I think we have some...",4,398,10443.0,Ершова_ВШЭ
31759,"К сожалению не могу в этот раз придумать пример с алкоголем, поэтому будет сложнее.",3,245,5612.0,Винкельман_ВШЭ
31740,"- Сейчас Вам надо очень много читать, но главное успевать выпивать.",9,215,5985.0,Дохов_ВШЭ
31735,С: Буду высококвалифицированным юристом!П: Вот не надо нам тут угрожать.,7,278,6525.0,Нагих_ВШЭ
31724,П: Почему вы такие позитивные на пятой паре?С: Мы пытаемся выжить.,6,293,6760.0,Муравьёва_ВШЭ
31710,"Где два студента Вышки, там три гендера.",4,393,8660.0,Студент_ВШЭ
31707,"*на слайде Вупсень и Пупсень*П: Данный слайд иллюстрирует то, как началось моё утро. ",2,483,16763.0,Пашков_ВШЭ
31653,"*на онлайн-паре в зуме заканчивается время бесплатной конференции*П: - Ну у нас сейчас тут время закончится, поэтому мы сейчас все выйдем и зайдём нормально ещё раз, как нас в школе учили...",1,230,5583.0,Козлов_ВШЭ
31638,Олимпиадники - это не какие-то социальные меньшинства.,3,273,6170.0,Сорвин_ВШЭ
31629,С каждым семинаром я всё больше чувствую себя блогером-неудачником...,4,262,5853.0,Долгов_ВШЭ
31609,The president is elected for 4 years.... in normal states. ,2,264,6921.0,Алтухов_ВШЭ
31605,"*препод недавно провел очный семинар, а после выяснилось, что один из студентов группы болен коронавирусом*С: Как ваше здоровье?П: Не дождетесь. С: ???П: Зараза заразу не берет.",9,333,7689.0,Ковалев_ВШЭ
31547,"П: Кто дышит?С: Все.П: У вас что, групповое дыхание?!",4,216,7443.0,Нагих_ВШЭ
31537,"Не откладывай на завтра то, у чего завтра дедлайн.",34,996,19345.0,Студент_ВШЭ
31529,"Обломов был совсем не на чилле, его регулярно пинал Штольц.",9,298,6480.0,Гуляев_ВШЭ
31463,"Людям стало понятно, что Запад вовсе не загнивает, а если и загнивает, то хорошо бы и нам так загнить. ",4,209,6470.0,Бахметьев_ВШЭ
31345,Надо чуть-чуть сойти с ума. Шизоидность - основа креативности.,2,219,5556.0,Князева_ВШЭ
31260,"Три главных слова в нашей жизни это: Word, Excel и PowerPoint.",4,323,6129.0,Бейлина_ВШЭ
31244,"If everything is clear, we can go and have a beer.",13,234,7886.0,Кузина_ВШЭ
31207,"- Страдает институт законотворчества.- Да у нас в России все институты слабенькие.- Нет, Вышка хороший институт.",3,289,7245.0,Рудаковский_ВШЭ
31101,Ты юристка или как? Больше стервозности!,21,382,18482.0,Нагих_ВШЭ
31091,"Кто умер - тот, как говорится, умер.",0,246,6878.0,Нагих_ВШЭ
31084,"У них был платонический роман - только чай, только торт, и ничего больше. ",2,313,8279.0,Почекаев_ВШЭ
31052,"П: Зачем я о Петре Первом заговорил?С: Из-за мема с Кончитой Вурст...П: Так, а о Кончите Вурст я зачем заговорил?",1,300,8433.0,Кононенко_ВШЭ
31051,- Возлежать и пить вино с мужиками считалось времяпрепровождением максимально кайфовым.,2,285,6001.0,Алиев_ВШЭ
30995,"На вопрос о своей национальности человек может вам ответить, что он эльф или гоблин. И вам некуда деваться, придётся так в исследовании и указывать, что он гоблин. ",3,230,8286.0,Даудрих_ВШЭ
30982,Вы конституцию США читали?? Ну эт ржака.,1,279,7284.0,Преподаватель_ВШЭ
30890,"Грубо говоря, но мягко выражаясь.",1,246,6978.0,Нагих_ВШЭ
30864,"*студентка тянет руку*П: Да?С: Нет, я потягивалась.П: Как обидно.",1,264,5574.0,Жаворонкова_ВШЭ
30852,"Сколько гуманитариев нужно, чтобы включить конференцию?",4,352,8151.0,Бахметьев_ВШЭ
30836,Социальные круги под глазами.,0,237,5348.0,Кононенкоа_ВШЭ
30801,"*внезапно голосом ведущего ""сдохни или умри"" * Это программа ""Исследуй или получи два""! Сидите дома, и Вам нечем заняться?! Напишите эссе! Иначе у вас в квартире заведутся карликовые пантеры!"" ",2,251,7224.0,Кононенко_ВШЭ
30775,"Вот представьте, вы приходите к родителям и говорите: ""Мама, папа, я становлюсь хикки!"" Что вам ответят среднестатистические российские родители? ""Сынок, с нынешними темпами экономического роста российская экономика не может себе позволить тебя содержать."" Так наверное они вам ответят.",3,219,6712.0,Мельник_ВШЭ
30723,"- Вообще введение в специальность у вас должно было быть 1 сентября, но у вас там какой-то закон Божий был... как же это называется то... ОБЖ?",6,246,5376.0,Штейнер_ВШЭ
30712,"*на паре в зуме*Добрый день, мои любимые чёрные квадраты.",6,601,6794.0,Энтина_ВШЭ
30708,Не ходите девки в лес - там завёлся ЛМС!,7,290,5759.0,Сорвин_ВШЭ
30707,"чат Zoom: С - извините, у меня неустойчивая связь, можно сегодня без видео? С - да, у меня тоже так. С - аналогично.П - хорошо, но в следующий раз подключайтесь не в пижамах и включайте видео. ",2,358,10696.0,Преподаватель_ВШЭ
30662,"— Поздравляю всех с переходом на второй курс. Это был героический поступок. — В чём разница между греческой и римской литературой? — В языке? — Очень глубокий ответ. — В Риме было модно обучать греческому по Гомеру. Это очень жестокий способ, потому что Гомер сложный. — Если вы смотрели фильм «Троя», то дальше идёт любовная линия. В фильме «Троя» нет ничего хорошего, кроме симпатичного Брэда Пита. ",3,246,10807.0,История_Литератур_Европы_и_США
30601,"- На этом можно закончить скучную часть и перейти..... к другой скучной части.- Сейчас я буду много нудеть, можете не вдумываться.- Ну что ж, а сейчас самая скучная часть, можете следить по тексту, когда же она закончится.",1,223,8019.0,Мороз_ВШЭ
30589,"*на лекции по уголовному праву в 9:30*Начало дня с уголовного права - это залог хорошего дня. Посмотрите свои гороскопы, там именно так и написано.",5,310,10417.0,Грачева_ВШЭ
30581,с: у меня не грузит.п: вы с чего сидите? с: с ноута.п: а браузер какой? с: виндоус.,1,275,8184.0,Мороз_ВШЭ
30577,Система LMS корявая дура!,5,298,9092.0,Казаков_ВШЭ
30560,"Ты не холоден, не горяч, ты - остывший суп.",3,210,11469.0,Пашкевич_ВШЭ
30548,"- Когда все мои оппоненты вымрут, останутся только мои ученики, то есть вы, и восторжествует моя точка зрения.  ",7,290,7839.0,Штейнер_ВШЭ
30495,"С: А на экзамене можно пить воду?П: Можно пить, можно есть. Просим воздержаться от курения и употребления алкогольных напитков. ",5,268,13767.0,Маркин_ВШЭ
30488,- На экзамене вообще же нереально списать.- Студент не знает слова нереально в вопросах списывания.,3,350,11614.0,Студенты_ВШЭ
30475,Кто вообще обнуляет накоп?,0,209,10679.0,Преподаватель_ВШЭ
30473,Лечиться от макры матаном это как чередовать водку с самогоном во имя выхода из запоя.,3,335,9364.0,Студент_ВШЭ
30467,"С: А можно курить на экзамене?П: Я думаю, если показать пачку в камеру, то можно. Но вы уточните это у учебного офиса.",1,430,12609.0,Котлинская_ВШЭ
30463,"*прошло 10 минут от пары в зуме*С1: пара вообще здесь? Может по другой ссылке войти?С2: Да, наверное. А то мы тут как долбо*бы сидим.П: No-no, I am here.",4,726,16602.0,ЦИУП
30457,"С: Не могли бы вы объяснить, как выставляется аудиторная оценка?П: Как поработал, так и полопал.",4,245,10228.0,Богачёв_ВШЭ
30439,"*показывает скрин своей цитаты из этой группы*«Видите? Вот за этот год, кстати, я туда ни разу не попал, за что на вас обижен. А я, между прочим, старался!»",1,342,11106.0,Хомутский_ВШЭ
30438,— Ответы на семинарах не являются вашей обязанностью. Вы имеете право хранить молчание.,2,275,9959.0,Введение_в_византиноведение_ВШЭ
30414,Crises are like a teenage pregnancy: nobody expects it and doesn't know how to deal with it.,4,239,7896.0,Студент_ВШЭ
30406,"Learning English is like a lemon. Bitter, satisfactory, but is only good with tequila.",4,316,8539.0,Студент_ВШЭ
30385,*в предверии контрольной работы*- Нам нужно проверить вашу способность быстро насиловать калькуляторы.,3,211,9361.0,Макаров_ВШЭ
30333,"Мне однажды про моё исследование сказали, что оно «пахнет Вышкой».",3,347,7940.0,Хавенсон_ВШЭ
30313,"Я хочу, чтобы у вас было время подготовиться, поэтому я перенесу экзамен на одну неделю раньше.",16,398,10551.0,Матвеева_ВШЭ
30298,"Онлайн-лекция. Преподаватель рассказывает про разные виды транспорта. П: По воде кто-нибудь ходит?С: Ну только 1 человек.П: А он здесь есть?С: Нет, его нет уже... 2000 лет примерно.",1,306,10317.0,Майнор_Урбанистика
30281,"Конституция Россия – это последнее место, где любой уважающий себя бог хочет быть.",10,267,6628.0,Хабибулин_ВШЭ
30255,- А можно спросить?*бесплатная конференция Zoom завершается*,0,434,6983.0,Студент_ВШЭ
30250,"Лекция по макроэкономике, *диктуют индекс*С:  - А русскими буквами?П: - Импортными!С: - Возражаю, а как же импортозамещение?*в чате*- Кириллица тоже импортная (since 868).",1,221,7545.0,Кутепова_ВШЭ
30214,"— Студенты, читая Сартра, обычно такие: «Еееее, Сартр, мощь, всё за жизнь сказал, как есть».",3,294,10831.0,Мишура_ВШЭ
30048,"Вышка зря придумала СОП, потому что на самом деле реакция масс всегда отражается в мемах.",7,310,7493.0,Тулум_ВШЭ
30026,"*семинар в зуме*С1: Это че за хуйня, чепушила?С2: Это общий чат вообще-то.",2,336,9744.0,Сутудент_ВШЭ
30009,Как понять российское право? Представьте себе дорогу к здравому смыслу. Представили? Так вот разворачиваетесь на 180 градусов - и идите.,23,487,13335.0,Хабибулин_ВШЭ
30001,"В критериях эссе нет пункта «тупая идея», к сожалению.",3,254,5703.0,Германович_ВШЭ
29992,"П: Посмотрим, выдержит ли ZOOM большое количество человек.С: У вас очень оптимистичные планы на эту лекцию.",0,249,6822.0,Студент_ВШЭ
29974,"In Higher School of Economics everybody has to study economics. I think, even designers study economics. Poor designers...",3,261,6993.0,Кузина_ВШЭ
29949,При должном отношении учёба в университете может быть азартной игрой.,3,218,7288.0,Макаров_ВШЭ
29879,"Я когда училась в МГИМО, у нас была преподавательница, которая, когда мы неправильно произносили звук, поднимала табличку с грустной королевой Елизаветой. Это было очень смешно, но в Вышке такое не прокатит - нажалуются, что обижают.",6,275,10460.0,Германович_ВШЭ
29873,"*Во время аудиосеминара*Имя мужик, фамилия таджик не подойдёт; мне же вас отмечать надо.",6,436,9207.0,Быстров_ВШЭ
29853,"Семинар в Zoom'e*студент завершает доклад*– Если у вас есть ко мне какие-то вопросы, буду рада ответить. Нет вопросов?*у студента вылетает zoom, отключается от конференции*Преподаватель:– Эффектно, по-английски!",5,593,12805.0,Преподаватель_ВШЭ
29795,Онлайн консультация. У кого-то из студентов включён микрофон и слышен лай собаки.А: Отключите вашу собаку.,3,301,8255.0,Учебный_ассистент_ВШЭ
29785,"Каждый курс, у которого я преподаю, жалуется мне на то, как сильно они страдают из-за экономики. У всех абсолютно разные предметы, но страдают  почему-то все от одного и того же. Я уже сама начала ненавидеть эту вашу экономику.",3,273,8171.0,Шеремет_ВШЭ
29577,"П: что такое feiern?С: гореть?П: гореть мы будем в аду, а feiern это праздновать.",4,268,4657.0,Блок_ВШЭ
29452,"П: Give me a simple example of past participle. “Having opened the window, ...С: ... I fell out”.П: Is this your mood on our course?",5,277,7851.0,Германович_ВШЭ
29430,Преподаватель отмечает присутствующих студентов.П: *имя студента* придёт?С: он обещал.П: поставлю «о» - «обещал»!,3,324,10236.0,Штейнер_ВШЭ
29402,"- Давайте разложим это по формуле Тейлора?- Что за Тейлор? Та, которая Свифт? ",2,251,5735.0,Шеремет_ВШЭ
29322,"П-Препод, А-Аудитория(П): Придумайте еще какой-нибудь сервис...Чего там у нас еще нельзя купить за деньги?(А): За деньги нельзя купить любовь...(П): Оооо! Я вас умоляю. Я могу вам рассказать про целую индустрию...",0,213,10719.0,Малов_ВШЭ
29175,"Иногда вам может казаться, что вы учитесь в шараге. Вам не кажется.НО это лучшая шарага страны.",15,478,15397.0,макра
29168,"Когда я говорю студентам, что надо будет сходить в библиотеку, они на меня смотрят так, будто я посылаю их на галеры.",3,221,9873.0,Гофман_ВШЭ
29162,"— Я присылал вам ещё одно письмо. — Там, где Пушкин и рептилоиды?— У меня везде Пушкин и рептилоиды. — Там, где Пушкин и Путин?— Может быть. Я не зубрю наизусть свои собственные мемы. ",5,237,5891.0,Поселягин_ВШЭ
29115,Зачем нужен искусственный интеллект если нет естественного?,5,234,5761.0,Евстафьев_ВШЭ
29113,Вышка? Что такое Вышка? Для меня Вышка - это высшая мера наказания.,8,236,6739.0,Евстафьев_ВШЭ
29081,"Жизнь слишком коротка, чтобы тратить её на 10 процентов от оценки.",3,310,12034.0,Мальцев_ВШЭ
29029,"- Что произошло в результате Французской революции? Не, не так. Что случилось с Людовиком XVI?- Его казнили.- Хорошо, а что случилось после того, как его голова упала с гильотины?- Ну, он умер.",1,221,13629.0,Преподаватель_ВШЭ
29024,"Кутырев принимает экзамен по Введению в МО: Кутырев: Это все, что вы можете рассказать по билетам? Студентка: Нет. Кутырев: Отлично, тогда дополнительный вопрос. Как звали императора из Ведьмака?",4,308,17878.0,Кутырев_ВШЭ
28985,*подписываем коллективное письмо против правок* студент1: зачем указывать почту? студент2: чтобы тебе приказ об отчислении туда отправили.,4,477,17565.0,Студент_ВШЭ
28946,- как вы егэ сдали?- я не сдавал.- вы олимпиадник?- я из Казахстана,6,634,11021.0,Шеремет_ВШЭ
28938,Один преподаватель второму: ты че такой красивый? Второй преподаватель: так на лекцию иду же.,1,290,11891.0,Чупрыгин_ВШЭ
28836,"Вас явно готовят в спецназ, где служат суперлюди, которые легко переходят прямо в разговоре с английского на немецкий и ездят из Одинцово. ",5,352,14710.0,Морозова_ВШЭ
28813,Задача университета - опустить вас в бездну отчаяния.,9,293,7325.0,Решетеева_ВШЭ
28796,Это чтобы вы не скучали. Я же должен поддерживать ваше дудевское направление. Я ещё ради вас смотрю батлы. Мстителей ради вас смотрю. Живу ради вас!,2,309,13314.0,Камоевич_ВШЭ
28787,"Преподаватель: А дискретная математика у вас уже началась?Студент: Она на втором курсе. Преподаватель: Мда, у вас что-то всё идёт вообще не так, как я привык. Студент: Сначала наливаем воду, потом достаём кружку. ",3,267,13816.0,Студент_ВШЭ
28781,*человек лет 35 заходит в аудиторию где идет смотр экзамена по микре*Студент ВШЭ: Кто это? Другой студент ВШЭ: Он уже 10 лет не может сдать микру... ,2,394,18199.0,Студент_ВШЭ
28768,"Скидка - это не акт гуманизма, это циничный экономический расчёт.",1,251,5408.0,Ким_ВШЭ
28753,"Если вы бежите по коридору и видите, что преподаватель успевает быстрее вас, не обязательно материться. Даже по-английски. Некоторые преподаватели его знают.",3,316,16959.0,Харитонов_ВШЭ
28748,"П: Какие 4 предмета должны присутствовать на экзамене?С: Ручка.П: Раз. Ещё?С: Вода.П: Два.С: Карандаш.П: Ну, хорошо. И четвёртое?С: ...П: Студент. Студент должен присутствовать на экзамене.",0,320,17507.0,Жаворонкова_ВШЭ
28711,"Раньше «Билайн» стоил 60 млн долларов, а сейчас несколько миллиардов. Те, кому удалось понять, что инвестиции в данную компанию выгодны, сейчас неплохо себя чувствуют..(С усмешкой смотрит на студентов)Но вам, видать, не удалось, иначе бы вы учились в Стенфорде, а не в Высшей школе экономики...",1,242,20055.0,Родионов_ВШЭ
28702,"С: *шепчутся*П: Все слышат, что происходит у доски?С: Да.П: Что я только что сказала?С: ...«Все слышат, что происходит у доски?»П: Ох...",1,253,12996.0,Шеремет_ВШЭ
28660,"Речь зашла о коэффициенте оценки. С: почему такая формула? П: не я их устанавливаю. Я раб, я на галерах, я семинары веду. ",0,207,10348.0,медиа_коммуникации
28608,"Если вам кажется, что я говорю какие-то непонятные вещи... Я преподаватель, это моя работа.",3,210,6791.0,Фурманов_ВШЭ
28585,"Высшее образование для этого и нужно, чтобы можно было воспринимать любую информация, выполнять любой объем работы, в любое время дня и ночи.",10,301,15507.0,Кузнецова_ВШЭ
28580,"Единственное, что полезного было сделано в 90-е годы - создание Высшей школы экономики, ну, и как следствие, то, что меня пригласили сюда преподавать.",13,447,16088.0,Гловели_ВШЭ
28563,"Да господи, опять это хэ сэ е...",1,253,7991.0,Растворова_ВШЭ
28554,"*преподаватель во время объяснения случайно задевает ногой свой лежащий на полу рюкзак*— извини, пожалуйста...",2,322,13382.0,Неверов_ВШЭ
28538,"Если увидите, что ваша одногруппница выложила сториз в Инстаграме, ответьте ей там, чтобы пришла хоть раз на НИС.",1,286,13566.0,Поливанов_ВШЭ
28530,У вас в глазах прямо-таки заметно движение мысли. На будущее - такое лучше скрывать.,5,225,6520.0,Логвенков_ВШЭ
28493,"Ваши рефераты мне НЕ понравились, но зато мне очень нравится с какой уверенностью, с какой верой в себя Вы пишете откровенно идиотские вещи. ",5,571,18286.0,Фокин_ВШЭ
28461,Морозов: А вы учитесь по субботам?Студенты: Сегодня суббота.....Морозов: .......,3,479,14232.0,Морозов_ВШЭ
28456,"Китайские студенты припозднились на лекцию...П: подождём, пока Порт-Артур усядется.",10,295,7389.0,Суздальцев_ВШЭ
28447,"От литературы тяжело получать удовольствие, надо себя на это подсадить. Это как придти в фитнесс-зал с надеждой раскачаться за один день, схватить самую тяжёлую штангу, надорваться и больше никогда к этому не прикасаться. Вот Хаксли – это лёгкие гантельки. А читать 'Улисса' – это как качать пресс, тяжело и, главное, никому не видно. Зато как перестаёшь качать – сразу все заметят...",11,245,12443.0,Майнор_педагогика
28440,"Ребята, не плачьте.",4,233,7201.0,Фролова_ВШЭ
28434,"- тут какие-то числа некрасивые получаются.- некрасивыми бывают люди, а числа всегда красивые.",10,245,11881.0,Поляков_ВШЭ
28422,"П: ""А вот знаете, почему вы затрудняетесь с ответом?"" Группа: *молчит, ожидая чего-то страшного* П: ""Потому что вы не чувствуете себя источником власти"".",0,206,12269.0,Щербович_ВШЭ
28414,"— Добро пожаловать в дом скорби, также именуемый лучшим вузом страны.",40,911,24255.0,Назмутдинов_ВШЭ
28407,«После лекции и 2-х семинаров по матану у Полякова»Студент: — У нас же сейчас ещё лекция по линалу.Поляков: — Чтоб я сдох.,14,391,15303.0,Поляков_ВШЭ
28396,"Идёт спор о том, входит ли Черногория в ЕС.Студентка: Черногория - кандидат в ЕС, она уже использует евро.Ковалев: Мало ли кто использует евро. Даже я его иногда использую.Студентка: Но вы же не страна.Ковалев: а Черногория не член ЕС.",16,510,19071.0,Ковалев_ВШЭ
28385,"Ну знаете, жизнь вообще не кэмбриджская аудиозапись.",6,262,6730.0,Галкина_ВШЭ
28363,"Я могу рассказать вам шутку, но это не шутка, это реальность экономики Белоруссии.",0,222,6358.0,Рудаковский_ВШЭ
28362,"Римское право – это разминка... когда дорастём до средневекового канонического, вы плакать будете. Ну, не все, некоторые просто впадут в мрачное экзистенциальное отчаяние.",6,208,11477.0,Марей_ВШЭ
28308,Вот из-за таких как вы Грета Тунберг стала человеком года по версии Time.,1,282,7168.0,Тимохин_ВШЭ
28300,"Решить это задание невозможно. Плюс этого задания в том, что ответ известен. Как его получить? Не знаю.",2,216,13517.0,Громов_ВШЭ
28260,"Мы Россия - с кем хотим, с тем и граничим.",2,216,6864.0,Суздальцев_ВШЭ
28246,"Включите на задних рядах свет, а то лучи моей мудрости туда плохо доходят.",7,335,6428.0,Воскобойников_ВШЭ
28224,"*на вопрос студента, будет ли подобная сложная задача на контрольной*- Ага... Ну это ужас-ужас-ужас, а на контрольной будет просто ужас. Понимаете, да?",7,221,13001.0,Поляков_ВШЭ
28199,Ну я это.. сразу себя цензурирую. Чтобы не попасть в цитатник.,1,266,6532.0,Краснов_ВШЭ
28188,"(Преподаватель делает схематический рисунок)С: Это поезд, вид сбоку?П: Это барная стойка, вид сверху.",2,235,6666.0,Демин_ВШЭ
28151,"П: Вот сидите вы на лекции и понимаете, что хотите кушать: котлетку, колбаску, тортик...С: Вы что, издеваетесь?П: Да, я поел.",3,404,15183.0,Яголковский_ВШЭ
28142,"Это, конечно, верно, но неправильно.",10,206,8128.0,Кауркин_ВШЭ
28070,"* студент политологии, спя на мешке в коворкинге. 19:30, понедельник. * * недовольно стонет и переворачиваясь на бок отвечает на реплику товарища *- я хочу спать на нормальной кровати и не один, бл*** ...",8,442,20570.0,Студент_ВШЭ
28060,"In Russia вообще other kind of consumption. Ну, graphs are going down вот тут, you see. Okay, давайте consumption of apples will be an example🍏 ",2,267,10491.0,Преподаватель_ВШЭ
28056,"(Преподаватель только что приехал из Шотландии)- Как съездили?- Поездка была хорошей, но сейчас нужно будет сделать дурацкий отчёт о ней, а я, к сожалению, помню только названия пабов в которых был.",4,853,22827.0,Преподаватель_ВШЭ
27865,If a person is мерзавец he’s gonna to be мерзавец always.,5,253,6211.0,Будникова_ВШЭ
27840,I don’t believe that men and women are equal. Because women are better... And remember- this is the only way to survive in the faculty of foreign languages. ,18,320,11855.0,Бакулев_ВШЭ
27834,"- Ребята у кого-то есть друзья, которые афиши синергии тут раздают?- Нет, вроде нет.- Жаль, очень жаль.- А вам зачем? - Да я себе хотел пару пачек взять! Ну знаете я же преподаю ещё у магистров, хочу на работы плохие приклеивать, чтобы знали что их ждёт.",6,366,11762.0,Лапшин_ВШЭ
27795,"Я правильно понимаю, что средняя школа часто отбивает желание задавать лишние вопросы?",5,343,7892.0,Розмаинский_ВШЭ
27758,"Если вам кажется, что я втаптываю в грязь остатки вашего самоуважения, это не так. Они не последние, я всегда найду что-то еще.",2,338,15431.0,Марей_ВШЭ
27741,"— Почему самоубийство – это преступление? Ну самоубился он, ну и дай Бог ему здоровья.",7,435,22814.0,Неверов_ВШЭ
27729,"— Как называется человек, который хочет быть ближе к Богу и много золота?— Патриарх Кирилл.",3,296,7565.0,Хитров_ВШЭ
27711,Первая мировая война затруднила жизнь Николаю. Ну как затруднила — он её лишился!,1,265,6874.0,Велижев_ВШЭ
27686,"Мой ребёнок недавно плакал над задачей по математике. И я как-то сразу напряглась. Ведь, знаете, нет страшнее креста для семьи, чем ребёнок, который не знает математику. ",8,470,25725.0,Барсукова_ВШЭ
27663,"Я считаю, что если у ребёнка проблемы с математикой, более тяжкого креста для семьи нет.",7,454,20974.0,Барсукова_ВШЭ
27614,"Баттл Оксимирона и Дизастера сделал больше для формирования положительного образа России в мировом культурном пространстве, чем вся культурная дипломатия за всё время своего существования.",2,303,14520.0,Завалей_ВШЭ
27485,Уставшие студенты: Может просто поспим?П: Я не сплю со своими студентами.,2,441,5910.0,Соловьева_ВШЭ
27443,П: *осматривает полупустую аудиторию*П: а численность всё убывает в связи с осенней депрессией...,1,221,6008.0,Мазаев_ВШЭ
27442,"Я сегодня злой, потому что плохо выспался. Ну ладно, я просто всю ночь играл в Call of Duty. Но мне не стыдно, потому что я тащил. ",3,371,7443.0,Авчян_ВШЭ
27427,"Знаете, очень неприятно, когда приходишь на пару, а студенты спят. И не потому что обидно, а потому что зависть.",3,326,7674.0,Зубков_ВШЭ
27374,Сегодня был лучший семинар в моей жизни! Я на него не пришёл.,4,330,6330.0,Неверов_ВШЭ
27371,"П: Ребята, мне не нравятся ваши доклады. Вы сейчас на уровне детского садика ""Тормозок"". ",1,294,8147.0,Панова_ВШЭ
27331,"- Это же было у этого... как его... О боже, я забыл его имя! Усатый философ, как же его... Ницше!",2,210,6045.0,Кутырев_ВШЭ
27321,"Препод спрашивает у студента из Узбекистана: Какое самое главное место на ташкентском базаре?Студент: Там, где насвай продают.",5,238,12793.0,Суздальцев_ВШЭ
27314,"*открывает презентацию*Видите, я специально выбрал такой темный фон, цвета hunter green. Как мои штанишки.",5,284,8355.0,Штейнер_ВШЭ
27293,"П: Но что могло так напугать Канта, что он бросил физику и решил создать универсальную этическую систему?С: СМЭРТЬ!!!П: Ну что вы, какая смерть... РЭВОЛЮЦИЯ!!!",3,232,12880.0,Глассер_ВШЭ
27233,"Касимов: Это именуют простым русским словом на букву «п»!Студентка (шёпотом): пи**ец..Касимов: Нет, не тем, о котором вы подумали. Это «прямая»! ",3,215,6790.0,Касимов_ВШЭ
27232,"Хотелось как лучше, а получилось как вчера.",6,226,6500.0,Краснов_ВШЭ
27229,"Главное, вовремя родиться и вовремя спиться.",6,235,7219.0,Кривушин_ВШЭ
27223,"Кто думает о бессмертии, когда занимается сексом?А вот даосские монахи могли!",11,212,10294.0,Рогожина_ВШЭ
27215,"Зачем нужно высшее образование? Ну, это сложно объяснить, но вот, например, математика даёт нам, на мой взгляд, два прекрасных имени для кота: Муавр и Лежандр.",15,419,15685.0,Фурманов_ВШЭ
27209,Самый важный орган для историка - это жопа! На ней мы сидим.,4,220,7668.0,Казаков_ВШЭ
27206,"Сегодня тяжелый день. Скажем так, не день, а днище.",17,545,12768.0,Зеленин_ВШЭ
27204,"Социология - это жизнь, а жизнь - это всегда больно.",19,292,10598.0,Пашков_ВШЭ
27201,"*после двух лекций по матстату*Спасибо, что выдержали, я бы не выдержала.",1,249,6536.0,Пашкевич_ВШЭ
27087,- куда лучше идти после социологии? - рожать.,11,266,9701.0,Богачёв_ВШЭ
26992,"(преподаватель складывает руки над головой треугольником)- Что я показываю?- Я в домике?- Нет, это пирамида Маслоу.",3,389,14059.0,Вечерин_ВШЭ
26906,"На семинаре по экономике: С1: Можете объяснить ещё раз про этот кусочек на графике? П (обращается к С2): Объясните вы, я же только что рассказала вам, что этоС2: А я не понял. ",1,301,17498.0,Шевченко_ВШЭ
26832,"Студент и преподаватель долго дискутируют на тему бытия, прерывая друг друга.Студент: "" Ну подожди. *запнулся* Подождите.""Преподаватель: ""Да ладно вам, мы с вами так и подружимся уже скоро"".",1,435,10781.0,Гласер_ВШЭ
26825,Йога препятствует потреблению вредных веществ. Я потому и перестала ей заниматься.,8,270,7814.0,Симонова_ВШЭ
26819,"Студенты бывают плохие, хорошие и студенты Вышки.",12,390,12836.0,Драгалина_ВШЭ
26779,"Умный? Значит, в Высшую школу экономики. Очень умный? Значит, на факультет социальных наук. Очень-очень умный? Ну, вы сами поняли, куда.",8,263,15113.0,Сорвин_ВШЭ
26770,"Вовремя умереть, знаете, тоже великое искусство!",5,236,7260.0,Сморчков_ВШЭ
26769,"- Как вы можете объяснить то, что Россия заняла третье место по количеству самоубийств? - Ну кто-то же должен был его занять.",3,300,9866.0,Щебетенко_ВШЭ
26708,"- Бог один, и поэтому лектор у вас тоже один.",1,253,5722.0,Лукьянченко_ВШЭ
26707,"Семинар у 1 курса по алгебре.- Я думал, что это специальный макияж, а это слезы.",5,220,5909.0,Никонов_ВШЭ
26655,Мы тут не for fun все-таки на международный уровень выходим.,1,215,7395.0,Суслов_ВШЭ
26598,"- Вы с мужем ссориться, разводиться, мириться и опять расходиться будете, а вот этот мужик *тыкает в учебник по англу* с вами на всю жизнь, и его надо любить.",3,213,7638.0,Алёшина_ВШЭ
26571,"Я очень страшный. Обычно после каждого учебного года пропадает по два-три студента и люди думают, что я их съел.",6,257,7008.0,Егоров_ВШЭ
26570,"В искусстве как в бане, тут нечего стесняться.",5,226,6541.0,Дизайн
26567,"Современная трагедия выглядит так: она любит его, а он...его.",1,375,6150.0,Нефедов_ВШЭ
26566,"— Толкните товарища. Он спит на моей гениальной лекции. Да-да, его. Доброе утро! Для моего гения это удар по самолюбию. Я вас запомнил!",1,274,6456.0,Ямпольский_ВШЭ
26557,- Исследования - это вам не секс. Предохраниться на 100% невозможно.,1,206,7135.0,Оберемко_ВШЭ
26546,"Прежде чем приступить к изучению нашей дисциплины, хотелось бы отметить, что в России есть 3 типа людей: те, кто сидит;те, кто собирается сесть;и те, кто уже отсидел.",3,242,7124.0,Шарапов_ВШЭ
26523,"Набираете в поиске мою фамилию, появляется список Быковых, находите самого красивого. Это я.",5,288,6473.0,Быков_ВШЭ
26489,*разговор о недавних изменениях в уголовном праве*- Слово не воробей: вылетит - посадят.,3,275,5720.0,Мазаев_ВШЭ
26474,"Пара по практике речи.Препод: what perfect forms do you know?Одногруппница: circle.Препод: uh, I'm talking about grammar.",3,363,8206.0,ИЯМКК_ВШЭ
26445,"Не повезло с фоткой на пропуск, повезёт в любви.",10,583,11837.0,Преподаватель_ВШЭ
26402,"Давайте признаем, Вышка - отличный университет, но в ней царит жуткий бардак.",6,402,9394.0,Рыжков_ВШЭ
26394,- Если мы упоминаем досократиков то очень важно что нельзя забывать об....*молчание* как его....,1,269,10087.0,Гласер_ВШЭ
26383,"У любого нормального, то есть далекого от юриспруденции человека...",2,251,8628.0,Нефедов_ВШЭ
26381,"- Парень дарит девушке... кхм, в мое время дарили цветы, сейчас, говорят, лучше пиво.",5,360,8342.0,Нефедов_ВШЭ
26376,"- Он был маленького роста, но большой сволочью.",2,262,8923.0,Нефедов_ВШЭ
26358,- It’s okay to make mistakes. I’ll just hate you.,9,245,8116.0,Бакулев_ВШЭ
26335,"Экономика это выбор.. В МГУ пойти или в вышку......Конечно, в вышку.",2,268,9674.0,Ким_ВШЭ
26319,- Давайте сравним историю с нормальной наукой.,2,232,10054.0,Добровольский_ВШЭ
26311,*перекличка*Нисенбаум: Гангхуяг здесь?Студенты: *тишина*Нисенбаум: ну и зачем я тогда произносил это слово? Пришлось согрешить.,3,472,20836.0,Нисенбаум_ВШЭ
26248,*БЖД у перваков*Гудков - Ещё вопросы есть?Студент - Какое у вас любимое пиво?Гудков - Обычно я пью водку.,10,718,34652.0,Гудков_ВШЭ
26172,"С: Тимур Виктрович, пара кончилась.П: И че?",6,327,15532.0,Соколов_ВШЭ
26162,"1-й курс, экзамен в формате IELTS в начале года.Студентка обращается к подруге: - Это было очень сложно! Чувствую, будто совсем ничего не знаю. И что делать?Мимо проходит работница учебного офиса: - ОТЧИСЛЯТЬСЯ!!!",0,578,23438.0,Студент_ВШЭ
26153,(Требования к эссе)Содержание - интересное.,0,265,11194.0,Летучий_ВШЭ
26132,"*идет экзамен по эконому, Касаткина встает и берет в руки микрофон- Московское время 11 часов 15 минут.",3,275,14007.0,Касаткина_ВШЭ
26124,"Вы понимаете, накоп, он даёт надежду...",6,240,12049.0,Закревский_ВШЭ
26111,"*Студенты в 9:00 на первой паре*- Зайцы, ну чего вы такие грустные?*Студенты в 18:00 на шестой паре*- Зайцы, ну вы чего такие грустные? ",1,420,13996.0,Чермошенцева_ВШЭ
26099,"П: Для чего мы даем вам такие задачи, проверочные?С: Чтобы ... унизить насП: Ага. Конечно. Из серии ""Оп, давай, давай! Оп, давай, давай! Доминируй, унижай!""",6,246,11280.0,Закревский_ВШЭ
26095,"Может быть один правильный ответ, два правильных ответа, три правильных ответа, все правильные ответы, ни одного правильного ответа. Я понимаю, что вы дети ЕГЭ. А я - нет.",3,493,16973.0,Пакерман_ВШЭ
26070,"Ну а если у кого-то не выйдет 7,5, то прошу на меня эмоционально не давить. Я человек жалостливый, но у меня есть чувство долга. И тогда я могу оцепенеть, впасть в такое состояние... в общем, всем будет грустно.",1,210,10286.0,Золотухин_ВШЭ
26067,Курица не птица - Монголия не заграница.,11,312,9532.0,Почекаев_ВШЭ
26062,- Что-то мне не очень понятно. - Канту тоже. ,2,234,9053.0,Данько_ВШЭ
26051,Преподаватель: видно экран на последних рядах?Студенты: а на последних рядах уже неважно.Преподаватель: справедливо.,6,802,23465.0,Вдовин_ВШЭ
26031,Тайм-менеджмент – это искусство распределения боли. ,26,722,18988.0,Астахов_ВШЭ
26019,"Когда спрашивают «Когда..?», лучше отвечать «В Древней Греции». Скорее всего, вы будете правы.",3,391,13047.0,Пащенко_ВШЭ
25997,"*преподаватель долго травит байки во время контрольной, студентка с задних парт отчаянно пытается уточнить задание*С: Валентина Сергеевна, Валентина Сергеевна, а можно!!!...П: Заткнуться? С: нет, но сойдёт.",2,372,15729.0,Лазебная_ВШЭ
25972,"Это наш последний семинар и сегодня мы развалим Советский союз. Ну и выясним, можно ли было его не разваливать.",0,254,10979.0,Польской_ВШЭ
25958,"Я вам сейчас посоветовал литературу, но я надеюсь, что я при этом не нарушил никакой закон. ",6,208,8832.0,Лечич_ВШЭ
25895,Откуда берётся наука? Ты сидишь и смотришь в потолок или в свой пуп и делаешь какое-то идиотское предположение. И потом в 999 случаях из 1000 это оказывается чем-то идиотским. ,3,234,15535.0,Усенко_ВШЭ
25844,"*Студентка неправильно произносит звук*Преподаватель: - Вот! Посмотрите на неё - это слабое звено! Окно открыто, выходи отсюда! ",4,376,24569.0,Нестерова_ВШЭ
25828,"*преподаватель заходит в аудиторию перед контрольной работой, студенты встают* - Ну, а те, кто не удосужился поднять свой мозг со стула, традиционно будут гореть в аду. Присаживайтесь. ",8,229,14098.0,Почекаев_ВШЭ
25816,У меня две новости: хорошая и плохая.Плохая - сегодня последний в вашей жизни семинар по игпр.Хорошая - сегодня мой последний рабочий день в году.,3,306,11946.0,Неверов_ВШЭ
25806,П: Я человек. Что отличает меня от стула? У стула нет обязанностей.С: У стула есть обязанности.П: У стула НЕТ обязанностей. У стула есть функции.  ,4,219,10783.0,Мерт_ВШЭ
25764,"Вы не можете одновременно брать кредиты у Запада и вести с ним холодную войну. Это как и трусы снять, и крестик надеть - не получится.",0,228,13206.0,Морозов_ВШЭ
25724,П: Зачем было создано министерство продовольствия?С: Ну были проблемы с продовольствием...П: А почему тогда у нас сейчас нет министерства мозгов?,4,247,9701.0,Почекаев_ВШЭ
25706,"Да, прекрасный ответ... Простите, я не слышала, что вы сказали.",9,251,8338.0,Лазебная_ВШЭ
25700,"Действительно, как? 😅",4,310,18867.0,Пащенко_ВШЭ
25690,"До того, как ваше чадо сказало «ПАП, ОТСТАНЬ», написало егэ и ушло в институт, у вас есть время побыть хорошим папой! ",3,211,7428.0,Бездудный_ВШЭ
25668,"*Преподавателем является китаец*П: У вас каждый парень должен идти в армию?С: Да, а у вас нет?П: Нет, у нас много людей.",1,268,11207.0,ДуанЛиян_ВШЭ
25661,*Семинаристка зашла в аудиторию и впервые за второй семестр увидела студента*- Вот Оно. Явление Христа. Что Вы здесь делаете? - Учиться пришел...- Жесть!,1,271,9439.0,Ружицкая_ВШЭ
25630,Преподаватель студентам: «Уровень образованности у крестьян в 1860-х был примерно как у вас».,12,448,9516.0,Почекаев_ВШЭ
25552,"Сколько вам нужно времени, чтобы вернуться через 10 минут?",4,253,6992.0,Ульянов_ВШЭ
25546,"Савельев: Ну как же мы можем поставить человеку 10, это что, значит, что ему не к чему стремиться?Студентка: А зачем тогда вообще эта оценка?Савельев: Не знаю... А зачем людям идеалы и мечты?",23,367,13530.0,Савельев_ВШЭ
25531,"П: Какая у вас образовательная программа?Студенты: *хором* Востоковедение!!!П: Шучу, конечно, я знаю, какая. Я специально перед лекцией в РУЗе посмотрел, чтобы не шутить не востоковедческих шуток.",2,282,9415.0,Пащенко_ВШЭ
25436,"*грядет зачёт по конституционному праву*П: Могу провести зачёт прямо сейчас.У: Но вы говорили, что он будет через неделю!П: Что мешает мне провести его прямо сейчас?У: Первое слово дороже второго!П: Первое слово съела корова!*массовый ор*",1,395,17256.0,Чураков_ВШЭ
25418,"Курсач как женщина: трахает мозг, а потом, ты его ещё и защищаешь.",4,327,10019.0,Студент_ВШЭ
25414,"*Студенты обсуждают жизнь....Друг: Знаешь, что самое сложное.Друг: Это когда ты уже все придумал, а теперь надо сесть и нормально все расписать, сделать карточки с заданиями (он преподает).Я: Вот также и с моим дипломом. Все придумал, а расписать лень!Друг: И как с этим бороться? Я: хз... поплакать... посмотреть в окно... задуматься о прошлом, о жизни, о бытье, о собственной значимости. И снова понять, что ты думаешь уже обо всем, но только не о своем проекте. ",3,216,12969.0,Студенты_ВШЭ
25351,"Лазебная встаёт и идёт к доске: «Извините, я хромаю, я упала с самоката».",1,213,7756.0,Лазебная_ВШЭ
25350,"Извините, пожалуйста, я вчера дома не ночевала, к лекции не готовилась.",5,421,10147.0,Солодкова_ВШЭ
25343,Человек в России довольно беспомощен перед социологами и опросами. ,2,258,8479.0,Морозов_ВШЭ
25330,"Я вам сейчас посоветовал литературу, но я надеюсь, что я при этом не нарушил никакой закон. ",2,215,7914.0,Лечич_ВШЭ
25327,"Сократ спал с молодыми юношами, но не в этом его проблема.",1,268,8287.0,Лечич_ВШЭ
25283,"Удивительно, сколько у меня тут всего умного написано! И самое странное - что я сама все это писала! ",1,215,7330.0,Графова_ВШЭ
25264,— Hello everybody. My name is Tukpetov Pavel and I am your... как называется... teacher!,0,218,7637.0,Тукпетов_ВШЭ
25258,"Студент: А для названия нашей страны есть иероглифы?М. Г. О.: Да, есть, сейчас напишу: «дождь» и «дорога»...Студент: То есть по факту Россия - это «плохой асфальт»?",4,276,11935.0,Мисочко_ВШЭ
25253,"Чуть позже мы изучим все банковские операции, за которые вас посадят. ",2,299,6836.0,майнор_экономика
25212,"Что вы понимаете под ""неучебными вопросами""? Выпить пива что ли?",1,213,6116.0,Яголковский_ВШЭ
25182,"O tempora, o mores можно вообще в любой ситуации орать.",3,220,7326.0,Лазебная_ВШЭ
25154,"А вы замечали, что любую теорию можно легко довести до марксизма? ",1,241,6595.0,Лукин_ВШЭ
25152,*дочитали текст и перевели его до концаПреподаватель: Когда уже пара закончится?,1,218,6289.0,Лазебная_ВШЭ
25144,"Преподаватель: Кому ещё не понятно, что здесь происходит?Студентка: Мне.Преподаватель: Ну, вы уже у доски стоите, вам ничего не поможет...",1,288,9150.0,Максудова_ВШЭ
25131,"Ребят, любой разговор про историю надо начинать со слов: ""Все сложно"".",8,221,6977.0,Морозов_ВШЭ
25032,"*пара студентов болтает, преподаватель хочет отсадить одного из них*- Молодой человек, отсядьте от неё, она всё равно вам не даст.*аудитория сползает под парты от хохота**преподаватель осознает, что сказала, и пытается пояснить двусмысленную фразу*- А то некоторые студенты садятся с девушками и просят дать им списать.*студенты продолжают смеяться*",3,316,11298.0,Дзагурова_ВШЭ
25021,"П: Полина, вы патриот?С: Да не особо.П: А почему тогда 'Americans, which'?",0,210,6933.0,ВШЭ_Нагорная_ВШЭ
25007,"В элитном вузе, но вы в самом низу.",3,324,7984.0,теория_аргументации
24967,Что касается учебников...я их не читал и читать не собираюсь.,7,220,6825.0,Тузов_ВШЭ
24918,"Рассказывает про ресурсы для эссе, показывая список из World Bank, CIA Factbook, FRED, IMF, Росстат:These are the resources, which can be more or less trusted. If I delete the last, it will be the resources, which you can trust. ",3,262,10441.0,Economics
24914,"Логист, который не может рассчитать время доставки своего собственного тела на занятия – плохой логист.",10,727,17270.0,логистика
24906,"Нет в Японии ничего: вот они и делают компьютеры и машины. Есть в России нефть и газ, вот мы и не делаем ничего. ",2,260,7120.0,Бордачев_ВШЭ
24876,"Счастье в неведении, а знание порождает печаль. ",8,258,9793.0,Куракин_ВШЭ
24831,"*Обращая внимание на разговаривающих парня и девушку и указывая на первую парту*— Молодой человек, пересядьте, пожалуйста, она вам не даст.",4,410,22052.0,Дзагурова_ВШЭ
24819,*Берет в руки микрофон*— I should try not to start singing.,0,270,8387.0,Казакова_ВШЭ
24800,"- У нас сегодня 4 пары подряд. Ну что ж, я вас изнасилую. А из-за того, что я в либеральном университете, то мальчикам тоже достанется.",8,713,28854.0,Вечерин_ВШЭ
24793,"*Экзамен преподаватель спрашивает на последок очень каверзный вопрос. Студентка отвечает верно, но неуверенно. сцена*П: Да не волнуйтесь Вы так, я тоже в этой теме не разбираюсь!С: Правда? Ой, я тоже.П: хех, ну тогда 9. - минута молчания -С: Вы серьезно?П: абсолютно, можете идти.",4,427,18984.0,Воскобойников_ВШЭ
24779,Студентка на экзамене: а можно выйти воды выпить? Д: можно и просто выпить...,6,415,10796.0,Долгоруков_ВШЭ
24766,"Как говорят мои американские друзья, “opinions like assholes — everybody’s got one”.⠀",3,312,9902.0,Веретенников_ВШЭ
24762,"*Студентам - Смурфики, слушайте.",2,331,10606.0,Федерико_ВШЭ
24715,"Ч: Какая тут зависимость?С: Линейная.Ч: Нет, не линейная.С: Не линейная.Ч: Красава!",4,575,16292.0,Чулкова_ВШЭ
24704,"Светлое и тёмное бывает только пиво, а мысль бывает ясная и темная.",12,394,11200.0,Гурьянов_ВШЭ
24701,- It will be your final exam. We are not going to meet after it. I’m joking... Unfortunately.,2,213,8199.0,Новиков_ВШЭ
24695,Бытие зашкварено!,5,230,8249.0,Мишура_ВШЭ
24687,- Я вообще правильно написал? Я в последний раз изучал латынь тридцать лет назад.- Мы вообще изучали в последний раз латынь... никогда.- У меня стратегическое преимущество!,0,251,7329.0,Бородачев_ВШЭ
24670,"Ну, поживем - увидим, а может и не увидим, а может и не поживем.(Об импичменте президента)",2,284,7251.0,Краснов_ВШЭ
24669,К: Не давайте людям возможности неправильно вас понять.Студент: Почему?К: Потому что они обязательно ею воспользуются.,6,241,9321.0,Климов_ВШЭ
24659,"Аааа...ля-ля-ля ля-ля-ля... интегральная теорема Муавра-Лапласа очень проста... ...*смотрит в окно, роняет маркер*Простите, отвлёкся. Такие мужики классные с лопатами. ",3,325,7861.0,Солодовников_ВШЭ
24656,"Суздальцев: ...и выращивали сахарный тростник, чтобы получать что?Все хором: Сахар!Суздальцев: Пф...РОМ!",4,331,7422.0,Суздальцев_ВШЭ
24646,"Когда жил Сократ, ад ещё не придумали в такой ужасной форме, как в христианстве. Греческий ад, он же такой лайтовый довольно. Сидишь себе в подземелье и сидишь.",4,340,8201.0,Пащенко_ВШЭ
24642,"Вот в соц. сетях такой эгоцентризм, все пишут ""Я, Я, Я, Я, а мне вот не понравилось"" - а кому ты нужен вообще? ",7,262,8653.0,Исэров_ВШЭ
24639,"Изымать лошадей у крестьян было тяжело, потому что лошадей у крестьян никогда не было.",1,239,5639.0,Гамалей_ВШЭ
24622,Социология должна быть веселой и хулиганской наукой.,6,232,8139.0,Николаев_ВШЭ
24584,"Вы смешные, жалко будет вас отчислять. ",8,572,8724.0,Преподаватель_ВШЭ
24583,- Не забываем - мы в депрессии. Даже в великой депрессии! ,2,227,5799.0,Азарнерт_ВШЭ
24582,"Перефразируя Наполеона, если студенты любят преподавателя - он недорабатывает.",6,251,7052.0,Гамалей_ВШЭ
24476,"Однажды я почти сутки тусил с бомжами на Курском вокзале. Они очень душевные. Были прям настоящие бомжи, ""махровые"". Были и те, кто опоздали на последнюю электричку и пили. А были те, кто с грустным видом ходили и рассказывали, как у них украли все деньги и документы, и они теперь не могут уехать домой в Красноярск. ",2,222,8055.0,Яголковский_ВШЭ
24474,Столько работ надо проверить. Хочу умереть...Ненадолго.,2,236,6294.0,Малыженкова_ВШЭ
24471,"Студенты: Have you checked our essays?Данилова: Ну, начинается...",1,326,6183.0,Данилова_ВШЭ
24463,"Как сотруднику РАН мне запрещено эти сайты упоминать.А как сотруднику ВШЭ мне нет никаких запретов, я просто оторва.",4,606,12138.0,Лукьянов_ВШЭ
24461,"Если вы думаете, что средневековье это скучно, то откройте паблик «Страдающее средневековье».",3,249,6308.0,Горбатов_ВШЭ
24424,В гробу отдохнём.,7,256,7912.0,Золотухин_ВШЭ
24367,"Турцию можно относить к Европе, ведь у нас главный показатель - это участие в Евровидение.",2,208,6745.0,Горизонтов_ВШЭ
24333,"- Похвалите кто-нибудь этот слайд, он прекрасен.- Очень классный слайд!- Уже поздно, я сам напросился...",0,234,6932.0,Ямпольский_вшэ
24314,"Студент: Я не смог скопировать картинки на флешку.Гамалей: Да, действительно, это очень сложное дело. Если бы все могли скидывать картинки на флешки, то университет пришлось бы вообще закрыть.",4,407,10025.0,Гамалей_ВШЭ
24301,"Сколько нужно гуманитариев, чтобы включить проектор?...*включая проектор*Soft skills, да...",0,284,7695.0,Пащенко_ВШЭ
24292,"*студентка выходит к доске и берет в руки перманентный маркер*С: Фу, как пахнет спиртом.П: Это не я.",9,540,14447.0,Ихсанов_ВШЭ
24282,"Все же знают пирамиду потребностей Маслоу? Да?Сналача ""хлебоу"", потом ""маслоу"", а в конце ""икроу""...",5,378,9115.0,Михайловский_ВШЭ
24277,"Поймите, в психотерапии всегда есть риск, что вы клиенту не сможете помочь. Вообще человек стопроцентно доволен лишь тогда, когда ему сделали массаж... нежный массаж... спины.",3,223,7639.0,Вечерин_ВШЭ
24251,С: А если вот мой клиент сделает суицид... П: Во время вашей практики по беседе? Мы вам тогда практику не засчитаем. ,4,338,10300.0,Вечерин_ВШЭ
24247,"- Они что-то мне орут злобно, а я ведь социолог, мне просто смешно...",5,239,7805.0,Симонова_ВШЭ
24242,"Студент: Что будет, если клиент совершит самоубийство?Вечерин: Тогда ваш практикум беседы мы вам не зачтем.",3,310,8295.0,Вечерин_ВШЭ
24228,"С: а зачем мы учим японский?П: ну, по фану.",5,289,7751.0,Фролова_ВШЭ
24225,"Если мы хотим сказать ""застой"" в позитивном смысле, мы говорим ""стабильность"".",0,330,7342.0,Велижев_ВШЭ
24210,"Знаете пирамиду маслоу? Хлебоу, потом маслоу, потом икроу. ",3,376,7238.0,Михайловский_ВШЭ
24141,"""если бы Аристотель защищался в Вышке, я думаю, у него бы ничего не вышло. Сказали бы ""Что за хрень!?""",2,370,9878.0,Рыжков_ВШЭ
24090,"У меня было два варианта темы для семинаров: Крым или колдовство. Я решил, что колдовство круче.",4,301,8214.0,Морозов_ВШЭ
24048,Обучение невозможно без доли здорового троллинга.,5,254,7404.0,Золотухин_ВШЭ
24038,"*об образовании и преподавании в России, конкретно о вышке* - это академический сговор, вы делаете вид, что учитесь, я делаю вид, что учу.",12,496,11447.0,Майнор_Европа
24030,"*речь зашла о скороговорках на английском языке*П: Whenever the weather is cold. Whenever the weather is hot. We'll whether the weather, whatever the weather, whether we like it or not.С: это Эминем?П: нет.",2,380,7651.0,Иванова_ВШЭ
24027,Россия не загнивает: в ней холодно.,1,270,5754.0,Горизонтов_ВШЭ
23995,[о знаках зодиака] У меня была группа арабская - из всех львов.... там такой прайд был...,3,222,5563.0,Долгушина_ВШЭ
23975,"Вы понимаете, у нас право. Следите, как говорится, за базаром. ",1,214,6500.0,Баратова_ВШЭ
23948,"*долгий смех в аудитории*- Так, давайте всё-таки уже успокоимся. Я должен выжать из вас последние соки, мне всё же платят за это деньги.",3,253,6434.0,Велижев_ВШЭ
23947,"У нас осталось хоть какое-нибудь время, чтобы обсудить не мою жизнь, а латынь? ",0,206,4975.0,Лазебная_ВШЭ
23943,"П: Ой, там был такой скандал! И главное никакой объективности! Я прям вышла из себя. Подумала что я в каком-то...С: МГУ?П: Да! ",5,270,6643.0,Кузина_ВШЭ
23933,А вы уже перестали хотеть жить?,2,231,5524.0,Золотухин_ВШЭ
23930,Раз в год все ваши письменные работы я сжигаю. И пепел ваших знаний оседает на мой шашлык.,15,584,8083.0,Евстафьев_ВШЭ
23923,"Папа Римский потребовал корону назад, на что князь Даниил, как настоящий хохол, заявил, что он её потерял.",7,234,6040.0,Почекаев_ВШЭ
23867,"В 19 веке международный терроризм был невозможен. Очень сложно угнать самолёт и врезаться на нем в небоскрёб, когда ни самолетов ни небоскребов ещё нет.",2,237,6003.0,Батюк_ВШЭ
23860,"Студент: – У меня очень глупый вопрос, Вы наверное разозлитесь...*Мимо окна проезжает машина с громко работающей сиреной*...вот, Зевс подтверждает мои слова...Сабашникова: – Это не Зевс, это менты.",3,259,6085.0,Сабашникова_ВШЭ
23854,"Я крупнейший теоретик секса с роботами, потому что единственный.",0,210,5473.0,Мартынов_ВШЭ
23852,"Студент: - Я могу прийти в тунике.Буйлова:- Древнегреческим философом вы от этого все равно не станете, Гоша!",0,213,5657.0,Буйлова_ВШЭ
23851,"— Это хорошо, что вы открыли окно, давайте я закрою дверь.*Уходит из аудитории*",2,274,6001.0,Шведов_ВШЭ
23848,"- По версии корейских исследователей, человек появился где-то в районе Пхеньяна... и, скорее всего, был членом Трудовой партии.",5,229,6130.0,Гамалей_ВШЭ
23732,Давайте выключим свет и просто все поспим?,3,391,6617.0,Аносова_ВШЭ
23715,"Ну вы спрашивайте-спрашивайте, а то это тема-то - застрелиться. Я сама только в этом году разобралась.",12,381,8345.0,МИЭФ
23710,"*барахлит проектор*- блин, ну вы же в вышке, не в МГ*, ну что такое!",3,218,6826.0,Воскобойников_ВШЭ
23683,"Ребят, у меня уже старческий... этот... ну, когда всё забываешь.",1,232,6099.0,Аносова_ВШЭ
23681,"Часто мужчины говорят, что женщины нерациональны. Это не так. У женщин просто более широкая функция полезности с бОльшим количеством неизвестных (ну, для мужчин неизвестных).",5,242,8319.0,Аносова_ВШЭ
23680,"- А что, можно ссылаться в работе на свои же работы?- Да.- А почему в вашем списке литературы ваша же фамилия появляется уже раз пять?- Потому что я красавчик.",7,552,8660.0,Новиков_ВШЭ
23625,Долгорукова: – Почему инцест в кельтских сказках – это хорошо? Студент 1: – Ну а зачем чужие нужны? Студент 2: – Магию потому что разбазарить нельзя.Студент 3: – Дело семейное...,1,361,8237.0,Филология_ВШЭ
23619,"Каждый следующий потребленный продукт приносит нам все меньше и меньше удовольствия. Это правило распространяется на все продукты, кроме дешёвого пива.",16,489,15294.0,Замулин_ВШЭ
23596,"Я не совсем уверен, спросите Платона, когда умрёте.",18,582,12581.0,Лечич_ВШЭ
23587,"*показывает кадр из Гарри Поттера, сцена гибели матери Гарри, использовано много синего цвета, внизу палитра*- Такая цветовая гамма изображает уныние, страдание.*указывая на темный синий цвет на палитре*- Ну Вышка где-то здесь примерно.",9,758,13254.0,Решетеева_ВШЭ
23581,Возьмите для учебной беседы первокурсника с другого факультета Вышки. Не надо вам пока ходить в реальный мир.,2,221,6393.0,Антонова_ВШЭ
23578,- Что у вас было на философии? Краткое содержание.- Секс с роботами неизбежен!- Интересно... Надо подумать...,2,291,8061.0,Аносова_ВШЭ
23560,"На семинаре:- Что-то вас как-то мало сегодня. Отчислили что ли всех?- Да нет.- Нет? Ну, значит, отчислят...",4,351,8537.0,математический_анализ
23476,"П- преподаватель, С- студентП: Раньше рабы не считались за людей, у них не было самосознания.С: Но они же устраивали бунты!П: Ну и что? У меня бунтует моя стиральная машина. А не охренела ли она?!",3,354,9261.0,Скворцов_ВШЭ
23471,"Ну так. Объясню, почему я компетентен вести этот курс... <Пауза> Ну, я читал учебник..",1,209,6367.0,Федин_ВШЭ
23470,П: В чем цель кошки?С: Быть кошкой?П: Да. И все.,6,262,7210.0,Скворцов_ВШЭ
23464,"Каждые три года надо проходить психиатрическое освидетельствование. Из-за вас, между прочим.",6,351,8230.0,Скворцов_ВШЭ
23459,"Мне этот универ нужен был, как рыбке зонтик.",7,299,9875.0,Куза_ВШЭ
23457,"(Рассказывая об оформлении курсовой по матанализу)Человек, набирающий математический текст в ворде, опасен для общества.",17,342,11765.0,МИЭМ
23454,"*Рассуждаем о высказывании, которое будет подходить под модель*Студент: А если я сплю с Аней?Долгоруков: Господи, поздравляю.",2,329,9726.0,Долгоруков_ВШЭ
23428,What is the core value for Marx? Some say justice. Some say equality. I say... bullshit. Fuck justice. Fuck equality. We want freedom!,5,208,7250.0,Корягин_ВШЭ
23395,"Жизнь хороша, когда пьёшь не спеша.",8,232,6854.0,Фин_учёт
23382,"Не надо сдавать две одинаковых работы. Вас за это могут отчислить. Надо генерировать бред, это поощряется.",8,448,9058.0,Гусев_ВШЭ
23361,"Дорогой Мальчик Вова, отвечает тебе Дедушка Мороз. К сожалению, я не могу удовлетворить твою просьбу, потому что к своему письму ты не прикрепил согласие на обработку персональных данных.",17,820,17046.0,Иванов_ВШЭ
23336,"Лекции по теориям мотивации, первый курс.Препод: (переключает слайд) - а вот ваш любимый психолог (Фрейд)!- почему любимый?- потому что про секс))0)",1,220,7330.0,Вечерин_ВШЭ
23323,Вы слишком много хотите от Вышки.,6,294,8858.0,Право_ВШЭ
23319,"У вас дедлайн, у нас дедлайн, у всех дедлайн...",3,281,7903.0,Земляков_ВШЭ
23290,"Вы поступили не на юрфак, а на литературоведческий факультет особого рода. Потому что 85% вашей работы будут составлять чтение и написание текстов.",2,269,10120.0,Виноградов_ВШЭ
23266,"К: А как читается вот эта фамилия?Голос из аудитории: А не важно, он все равно отчислен.К: Ой как замечательно!",1,495,9828.0,Крючкова_ВШЭ
23260,"Чтобы получать стипендию, студент просто должен быть студентом, только не Вышки.",3,492,9716.0,Матвеева_ВШЭ
23228,"*Закоечили проверять дз""Студент: So, we can go home??Препод: I always say you go home, but you go to the next lesson..",3,254,7813.0,Рябчун_ВШЭ
23226,"В лицее вышки, когда я задаю вопросы, в аудитории иногда включают звуки сверчков.Можете пойти дальше и включать «бадумтс». ",5,416,10168.0,Хазова_ВШЭ
23189,"Если что-то нельзя избежать, то нужно сделать так, чтобы это было приятно.",8,208,10787.0,Коссова_ВШЭ
23181,,2,260,10108.0,Вербицкая_ВШЭ
23174,Дифференцировать - это техника. Интегрирование - это искусство. ,7,398,12168.0,Лобанов_ВШЭ
23167,"""Вы что, изучаете экономику по порносайтам??""",4,216,8868.0,Аносова_ВШЭ
23158,"Сначала вы не соблюдаете правила дорожного движения, а потом не ходите на лекции и грабите банки...",1,218,8337.0,право
23039,"Представьте, если бы физика была описательной наукой. О, этот камень падает очень своеобразно. О, а этот камень вообще… Давайте наслаждаться своеобразностью камней.",7,286,8156.0,Скворцов_ВШЭ
23023,"Уничтожьте твиттер и вы избавитесь от половины Трампа. Перестаньте говорить о Трампе, и вы избавитесь от второй половины Трампа. ",2,216,7282.0,Соловьев_ВШЭ
23013,"Жизнь хороша, если пить не спеша.  ",5,306,9261.0,Макушина_ВШЭ
22962,"*Вдохновляя на курсовую по матанализу*«Если вы с ней справитесь, то перейдёте на новую ступень зоологического развития.»",6,332,10217.0,Лебедев_ВШЭ
22945,"Препод (не очень разборчиво): Критократия - власть судовСтудент: Можно первые пять букв, пожалуйста?Препод: «КРИ-ТО», не как Егорка Крид, а «крито».",1,222,9933.0,Преподаватель_ВШЭ
22900,"Преподаватель: Вы должны были этому частично научиться на другом курсе...*недоумение студентов""Преподаватель: НУ СОРЕ.",1,352,10273.0,Добровольский_ВШЭ
22883,"Unless you don't do political philosophy, political philosophy does you.",7,250,9060.0,Корягин_ВШЭ
22876,"*Студенты играют в игру ""Бункер""* – Моя профессия историк, но раньше я работала в поликлинике. – И что же вы там делали? Вели историю болезней?",0,331,9816.0,Студент_ВШЭ
22853,"*В аудитории долгое время непонятно откуда играет тема из «Гарри Поттера». Преподаватель старается говорить*— Какая-то дичь происходит, просто...",2,335,10912.0,Цветков_ВШЭ
22848,"*Пара IELTS, нужно составить предложение с обычным и general noun* Студент: there are many trees in Mытищи.Препод: I need general noun.Студент: Love.Препод: Okey, hope this love isn’t in the forest.",1,263,10490.0,Преподаватель_ВШЭ
22837,"*Выходит первокурсница рассказывать что-то на английском, очень нервничает*- oh, I'm so scared...преподаватель: - Don't be afraid, I'll be gentle.*занавес*",5,621,14251.0,Преподаватель_ВШЭ
22836,"— А как вы будете ставить аудиторную оценку?— В зависимости от того, насколько сильно за семестр вы вынесли мне мозг!",1,207,9565.0,Смыгунова_ВШЭ
22826,"- А почему у вас не отмечено, что я делал домашку, если я ее отправил?- А почему существуют нейтроны и протоны? Почему произошел большой взрыв?- Не знаю.- Вот и я не знаю.",1,326,10509.0,Преподаватель_ВШЭ
22820,"Экзамен по английскому. Препод пытается сделать так, чтобы было слышно аудирование. -Так слышно?Хором с задних парт:-Нет!-*Разводит руками*",0,316,12689.0,Преподаватель_ВШЭ
22818,"Вы и по домашке бомж, и по семинарским - бомж. Поставлю ка я вам оценку 6 как бомжу.",0,253,10856.0,Преподаватель_ВШЭ
22815,"*помогает девушке вынуть занозу из пальца*- А теперь я могу говорить, что у меня руки по локоть в студенческой крови?",3,409,11812.0,Преподаватель_ВШЭ
22806,"Семинар по терверу:Студент: А автоматы по вашему предмету есть?Препод: Автоматов нет. Они только у тех,кто не прошел комиссию.",1,258,11041.0,Преподаватель_ВШЭ
22804,*глядя на ответы теста*- Я знаю такие слова как аутентичность и аутизм. *обращаясь к студентам* Что такое «аутентизм»?,4,379,10877.0,Преподаватель_ВШЭ
22800,"Студенты и Закревский. Встреча после экзаменов. Делаем фото на память.  Кураторы фоткают: Так, улыбаемся, меняем позы… Закревский: Нет, позы они менять будут позже, на Римском праве!  ",17,218,9546.0,Закревский_ВШЭ
22791,"Человек, наделенный гуманитарным образованием, должен быть немножко шизофреником.",5,217,7307.0,Голубков_ВШЭ
22790,Студент: ну есть же какие-то позитивные события.Преподаватель: какие позитивные события у вас? Вы же в Вышке учитесь.,8,484,11531.0,Чураков_ВШЭ
22754,"Астахов: Я видел, мои шутки сливают в цитатник. Так вот, у вас там плохая выборка, у меня есть шутки получше...Студент: Так вы сами можете туда присылать шутки.Астахов: Там и так половина присланы мной...",5,778,11839.0,Астахов_ВШЭ
22753,"Гончаренко: —Так вы уходите с логистики? Студент: —Да*отворачивается к стене и смеется*Гончаренко, повернувшись обратно: —А что, при поступлении слова логистика и лингвистика были так похожи, что вы не туда галочку поставили?",12,351,9518.0,Гончаренко_ВШЭ
22752,"(О своих цитатах в «Цитатник ВШЭ»)- Вы выбираете далеко не самые смешные шутки *смеется*, но спасибо.",0,264,8305.0,Астахов_ВШЭ
22751,"Макаренко пишет на доске ""jeopardy"":- Как это читается?- ...жопарди?- Жопарди у вас на экзамене будет, а это ""джэпэди"".",16,763,12288.0,Макаренко_ВШЭ
22748,"Я занимаюсь философией уже 8 лет, мне тяжело считать до трех.",4,299,7472.0,Часовских_ВШЭ
22746,Я просто вижу блэкстарбургер и поворачиваю в обратную сторону. Это такая моя отточенная система навигации.,1,226,7653.0,Мартынов_ВШЭ
22742,"По словам Хрущёва, останкинская башня - это иголочка, которой мы тыкнем в жопу капиталистов! ",5,223,6433.0,Гловели_ВШЭ
22733,Преподаватель студенту в шарфе: вы сегодня приболели или на стиле?,3,455,9066.0,Чураков_ВШЭ
22726,"*Во время выступления студентов*Если Бог существует, то ему сейчас самое время к Вам явиться.",5,220,7134.0,Маннин_ВШЭ
22725,"Вам за экзамен 4. *пауза* Только не забудьте сказать родителям, что это по десятибалльной системе!",4,343,7615.0,Ковалев_ВШЭ
22724,"Ко: когда жили эти племена?Ст: давно. Ко: когда давно?Ст: в глубоооокой древности Ко: знаете, давайте поточнее. Для вас древностью может быть и 1994 год. А вдруг я для вас - глубокая древность. ",2,241,7065.0,Ковалев_ВШЭ
22722,"Вы древнегреческий гречкой называете? А еврейский тогда что, монеточка? ",11,364,8017.0,Коган_ВШЭ
22660,"-Виктор, вы что, правда хотите отчислиться?- Я хочу умереть.- А кто из нас не хочет умереть? Посмотрите на меня, на что я похож? На падаль! Падаль, падаль, а вы меня даже развеселить не можете!",8,316,7412.0,Голубков_ВШЭ
22656,"Там, где есть тепло и интернет, рано или поздно заводятся люди.",7,253,6088.0,Астахов_ВШЭ
22652,"*девочки разговаривают на задней парте*- Так, давайте сразу уясним: либо мы работаем, зарабатываем кучу денег и становимся профессиональными международниками, либо замуж.",16,377,8976.0,Суздальцев_ВШЭ
22633,*Обсуждение Рафаэля и Микеланджело*- Знаете...очень важно в искусстве понимать кто с кем квасит...,2,216,5382.0,Воскобойников_ВШЭ
22630,"Девушка попросила математика сказать ей что-нибудь приятное. - Ты компактная. - Ты имеешь в виду миниатюрная? - Нет, замкнутая и ограниченная. ",4,260,6549.0,Минабутдинов_ВШЭ
22609,"Если б мне платили каждый раз, когда я думаю о вас! Но мне не платят. Платят только за аудиторные часы, что тоже, в общем-то, неплохо.",1,385,9435.0,Астахов_ВШЭ
22608,"Мне кажется, что на последних партах сидят пчеловоды. Такое жужжание. Я поддерживаю пчёл, потому что они вымирают по всему миру.",3,311,6846.0,Астахов_ВШЭ
22601,"*Перед началом нового задания студент выходит из аудитории. Преподаватель провожает его грустным взглядом и тихо напевает- Не уходи, постой, фанатка....",1,259,6021.0,Хомутский_ВШЭ
22594,- Знаете как будет окружающая среда на английском? Surrounding Wednesday.,6,292,5550.0,Братерский_ВШЭ
22581,"Я согласен, но ответ не правильный.",5,240,6831.0,Вечерин_ВШЭ
22578,"Ладно, если Вы сейчас не ответите на мой вопрос, то я сам отвечу, потому что я сам умный. ",1,230,5580.0,Астахов_ВШЭ
22550,"Любая женщина должна хоть раз в своей жизни выпить кофе с тортом «Наполеон» на Елисейских полях, а потом там же затовариться.",9,228,9738.0,Суздальцев_ВШЭ
22534,"Древнегреческие боги - это, своего рода, марвеловские мстители - местами смешные, местами дурацкие, но каждый обладает своей супер способностью и умереть не может. ",3,210,5869.0,Гуляев_ВШЭ
22525,"В прошлом году я полчаса одной группе объяснял Макиавелли на примере Игры Престолов, потому что я могу себе это позволить.",0,225,5000.0,Селиверстов_ВШЭ
22518,"Преподаватель: guys, tell me your favourite place in Moscow Студент: my bed.П: some kind of place which is visited by other people.С: the same.П: PUBLIC PLACE.С: still my bed...ржет вся группа, учитель больше всех ",9,596,8260.0,Студент_ВШЭ
22516,"Даже когда у тебя все карты на руках, жизнь вдруг может начать играть в шахматы.",10,317,7669.0,Добак_ВШЭ
22510,"Филолог — это болезненный подросток, который читал.",10,291,6878.0,Голубков_ВШЭ
22486,"Я что, похож на человека, который требует титульный лист?!",4,299,6626.0,Мартынов_ВШЭ
22482,"Там, где есть тепло и интернет, рано или поздно заводятся люди.",2,300,6126.0,Астахов_ВШЭ
22477,"Я не знаю, зачем я купила этот том за 800 рублей. Лучше бы я купила вина. Мы с другом все измеряем в алкоголе. ",4,283,6185.0,Лазебная_ВШЭ
22468,- А вы будете докторскую защищать?- Как Москву.,4,257,5769.0,Новиков_ВШЭ
22285,"(про студентку, которая не могла сдать социологию)Разницу между социальными теориями она объясняла, используя только два слова: good и bad, причём bad она писала как ""кровать"".",11,270,8012.0,Кузина_ВШЭ
22278,"Вы не можете разговаривать с телевизором. Нет, ну вы, конечно, можете, но если телевизор вам ответит, то вы в корейском фильме ужасов.",3,206,6286.0,Астахов_ВШЭ
22265,"На самом деле послать на три буквы - это очень даже хорошо. Эта фраза означает буквально следующее: «иди, откуда пришел, родись заново».",6,215,6936.0,Иванова_ВШЭ
22188,"*С улицы довольно громко играет музыка*Препод: *Свистит в окно как гопник* слышь, пацанчик, музы́чку прикрути.",2,323,5648.0,Назаров_ВШЭ
22136,"Гончаренко: *смотрит на свои записи на доске*Гончаренко: извините, я пытаюсь понять, что тут написано.",2,209,4406.0,Гончаренко_ВШЭ
22123,"*маркер перестал писать*Ролич подул на негоКто-то из группы: Надо его спиртягой залить!Ролич: А как думаешь, почему я на него дую?",2,460,6592.0,Ролич_ВШЭ
22082,"Пчелы могут сказать: ""ААА, я хочу есть"", но они не могут сказать ""ААА, нам нужна конституция"".",1,290,5453.0,Астахов_ВШЭ
22077,"Вы меня расстроили. Вы пишете намного лучше, чем я на первом курсе. Поэтому дальше я буду говорить только гадости.",1,284,5520.0,Астахов_ВШЭ
22069,- Как ваши дела?- Хорошо- Почему?,10,384,8571.0,Астахов_ВШЭ
22053,"Самоубийство, это же на всю жизнь.",5,206,4439.0,Молчанова_ВШЭ
21975,Сейчас благодаря социальным сетям нытье стало общим культурным феноменом.,11,319,7524.0,Мартынов_ВШЭ
21936,Так коллеги потише я мем пересказываю.,6,329,8099.0,Гуляев_ВШЭ
21899,"*читает в учебнике словосочетание «what is more”*What is more? What is more?IELTS don’t hurt me, don’t hurt me no more.",2,451,7366.0,Хомутский_ВШЭ
21895,"Я, конечно, понимаю, что вас, молодые люди, заинтересовала тема инцеста, но нам надо к простиуции уже переходить!",5,302,6120.0,Присяжнюк_ВШЭ
21870,"Кто считает, что у него есть душа, поднимите руки. Смелее, мы не будем над вами смеяться.",3,216,4967.0,Селиверстов_ВШЭ
21855,"Обсуждаем TED Talk тети из Нигерии - она была из зажиточной семьи, у них в доме работал мальчик, прибирался.СТУД: So how could she afford a slave, basically?ПРЕП: I dunno, her parents were tutors at the university, so maybe they earned a lot.СТУД: YOU work at the university! Do you have slaves?ПРЕП: Well... (считает студентов по головам) One, two, three...",2,345,6127.0,Кушик_ВШЭ
21647,"*идет семинар,а реподаватель задаёт сложный вопрос *-....мда, я не думал, что Вы так долго гуглите!",2,222,7241.0,Польской_ВШЭ
21626,"Студент приводит в пример Фиванский священный отряд (греческий боевой отряд состоящий из геев-любовников)Присяжнюк: конечно, кто ещё лучше прикроет твой тыл?",4,235,7352.0,Присяжнюк_ВШЭ
21576,"Я тоже, конечно, иногда ухожу от темы, но у меня Византийская теология, а у вас, извините, анекдоты про блондинок.",4,242,6965.0,Астахов_ВШЭ
21532,"Да, я смотрел «Чип и Дэйл». Это все таки мое детство было. А ещё все «Утиные истории». Ну ещё немного «Мишки Гамми». А потом мне исполнилось 30 и я перестал.",5,338,6671.0,Голубков_ВШЭ
21478,"Для СС всегда был важен вопрос крови. Так, нет, с этого нельзя начинать лекцию о донорстве в СтудСовете.",5,278,8004.0,Шпак_ВШЭ
21476,У вас такой странный предмет есть «ВИЧ». Прикольно получать плюсики по ВИЧу?,2,317,6343.0,Присяжнюк_ВШЭ
21469,"- Ребят, начнем с чего: что за флешмоб добавиться в друзья к Копыловой и пролайкать все ее фотографии с 2010 года? ",1,237,6173.0,Копылова_ВШЭ
21443,"Первая тюрьма в Иране, кстати, была спроектирована русским архитектором. Я там был, очень красиво!",4,219,5937.0,Алонцев_ВШЭ
21369,"*Пятница, 19:00. Громкий звук удара стеклянной бутылки об пол*— А вот это знакомый звук в пятницу вечером!",4,360,9969.0,Быстров_ВШЭ
21338,"*включает Irreplaceable-Beyoncé*- Сейчас ещё один куплет послушаем, там мое любимое место!",1,217,5717.0,Астахов_ВШЭ
21317,"Каждый раз, когда я говорю слово «проститутка», я почему-то попадаю в цитатник.",2,266,4295.0,Лечич_ВШЭ
21202,"Допустим, все мы знаем законы физики... (истерический смех студентов гуманитарного факультета).",2,225,4387.0,Философия
21178,"До светлого будущего я могу и не дожить, а вот за светлым пивом мне только дорогу перейти.",6,273,6491.0,Буйлова_ВШЭ
21069,"В первом наборе на наш факультет было всего 40 человек. И, честно говоря, мы хотели, чтобы столько было всегда. Хотели, чтобы у нас был такой маленький элитарный факультет, где учились бы элитные студенты у элитных преподавателей. Но сверху нам сказали, что надо набирать больше. Наш декан долго спорил с ними и не хотел на такое соглашаться. Но тогда нам сказали: «Тогда все эти люди пойдут в МГУ, вы этого хотите?» С этим согласиться мы никак не могли, пришлось спасать абитуриентов. ",9,382,7196.0,Будницкий_ВШЭ
21043,"Достаточно один раз сходить в военкомат, чтобы стать либертарианцем.",5,217,6521.0,Мартынов_ВШЭ
21040,"*Мартынов проводит параллель между партиями и предпочтениями в сексе:Сталин - БДСМ (""ну это же очевидно"").Консерваторы - миссионерская поза с выключенным светом.Анархисты - полиамория, самые странные оргии.Либертарианцы - ""мы просто хотим заниматься сексом с детьми"".",5,218,5453.0,Философия
21022,"После того как я задаю первому курсу описание графика, я всегда впадаю в депрессию, из которой меня может вывести только алкоголь. Но после вас я, похоже, перейду на тяжелые наркотики.",1,250,4819.0,Хомутский_ВШЭ
20814,Платон умер в день своего рождения. Он жил стильно. И умер стильно.,2,293,5691.0,Астахов_ВШЭ
20810,"Каждый философ - набор мемов, набор странной информации. Надеюсь, у вас будет мем-карта к концу курса.",4,234,7174.0,Астахов_ВШЭ
20805,"Вам придётся смотреть мою презентацию, я вам очень сочувствую.",1,214,4875.0,Астахов_ВШЭ
20705,Imagine we are all English in an English school in 19th century. (Показывает на студента из Индии) You are from the colony!,2,264,7173.0,Исэров_ВШЭ
20688,"У вас тут в кое-то веки встреча с прекрасным, а вы там какой-то ерундой занимаетесь. Встреча с прекрасным это со мной.",6,237,7503.0,Голубков_ВШЭ
20630,"Ребят, я понимаю, пятая пара, но ничего. Вот у нас в университете было по шесть пар. Правда, я приходил к четвёртой.",3,264,4743.0,Новиков_ВШЭ
20617,"Не надо расслабляться. Потом расслабитесь.Хотя когда потом, вы же в Высшей школе экономики.. Ну на том свете разве что. ",12,306,9829.0,Карпенко_ВШЭ
20566,"Пришли сюда поболтать.. за 715 000, на минуточку. Это у вас сейчас скидка есть, скоро её не будет.",1,227,4284.0,Бессонова_ВШЭ
20528,- Вы куда поступили? На экономический? Вот и экономьте. ,9,246,10145.0,Хабина_ВШЭ
20499,"Это, вообще, показательный пример... О, нет, сейчас модно говорить ""кейс"".",0,218,5552.0,Гамалей_ВШЭ
20495,"Почему вы не прочитали первые пять страниц ""Тропика Рака"" Генри Миллера? Я даже пройспойлерил, что это порнография, а вы всё равно не читаете... ",0,220,5536.0,Астахов_ВШЭ
20493,— Назовите популярную в последние годы субкультуру? — К-поперы.— Это последователи Карла Поппера?,10,274,5147.0,Вербилович_ВШЭ
20475,Данилевский отмечает присутствующих по списку: *фамилия* тут?Студенты: его с нами нет.Данилевский: сейчас или вообще?Студенты: он в МГУ вообще.Данилевский: я поставил на нем большой жирный крест.,8,304,4740.0,Данилевский_ВШЭ
20352,*после длинного приступа кашля*Положите меня среди лилий...,8,227,7987.0,Рондарев_ВШЭ
20302,"Преподаватель: Есть у кого пистолет или револьвер. Зачем нам его тащить? Так и запишем, погиб в первом модуле. Герой!Студент: ...Преподаватель: Ты мне прости эту шутку. Можете надо мной тоже посмеяться. Это ни на что не повлияет, только на накоп.",1,214,5646.0,Мусаилов_ВШЭ
20297,"Ну, не знаю, мне было приятно узнать, что мой генетический код совпадает с обезьяной. Это повышение, до этого мама всё свиньей называла. ",2,227,5801.0,Часовских_ВШЭ
20163,"Доказывать мы это не будем, но я вам мамой клянусь, что это так.",4,251,5301.0,Лобанов_ВШЭ
20067,- Я не ем сладкое и практически не пью. - А как вы расслабляетесь? - А я не напрягаюсь.,6,435,7805.0,Ница_ВШЭ
20060,*Студенты фотографируют записи с доски*Зачем фотографируете? Я для вас книгу написала! ,3,283,5217.0,Бурмистрова_ВШЭ
20058,"Не хочу, чтобы вы ходили на митинги, хочу, чтобы вы ходили на пары.",1,233,5680.0,Вечерин_ВШЭ
20054,У Бога вообще нет проблем. Единственная проблема Бога - это вы.,12,281,7254.0,Астахов_ВШЭ
20020,"- На ноль делить можно!(Кто-то из зала) - Вы сломали нашу жизнь.- Ещё нет, но я могу.",0,251,6141.0,Филимонов_ВШЭ
19994,"*десять минут до конца семинара, заходит опоздавший студент*Преподаватель: Как говорит древняя притча: «И тот, кто придёт без пяти минут полночь - спасётся...»",2,250,5524.0,Архипов_ВШЭ
19938,"Запомните, перманентный маркер - зло. Для учителей, которые его используют есть отдельный ад, где нельзя стереть свои грехи. ",3,235,5889.0,Хомутский_ВШЭ
19887,- For IELTS writing you need a pencil and your brain. For ЕГЭ - black pen and Russian passport. You see it’s quite different. ,6,584,10991.0,Хомутский_ВШЭ
19881,"Я не совсем понимаю, почему я не понимаю.",9,283,13462.0,Студент_ВШЭ
19876,"Преподаватель: Сколько вы спите?Студент: Где-то 10 часовПреподаватель: О, так это отлично!Студент: В неделю...",13,489,16414.0,Фаизовна_ВШЭ
19855,Хочешь загубить дело - поручи его мужчине.,5,232,6775.0,Бурмистрова_ВШЭ
19748,"— Знаете, вот ничто не объединяет сильнее преподавателя со студентами, чем первая пара в субботу... Мы в этом плане равны с вами в наших эмоциях.",3,331,9161.0,Быстров_ВШЭ
19738,"Дедлайны — не дети, справишься.",12,413,14078.0,Студент_ВШЭ
19679,Астахов: — Как вам Аврелий Августин? *показывает икону на экране*Студент: — На Ивана Дорна похож. Астахов: — Похож? Можете напеть хоть одну его песню? Держите микрофон *реально протягивает микрофон*,1,238,7277.0,Астахов_ВШЭ
19643,"Студент: Боже, я хочу помереть.Астахова: Зачем? Помереть всегда успеешь, а пока можно просто накатить.",4,257,7227.0,Астахова_ВШЭ
19635,"Студенты очень любят использовать""грубо говоря"", когда в чем-то не уверены, не знают каких-то нюансов и вообще с материалом знакомы поверхностно, вот скажешь ""грубо говоря"", и преподаватель не придирется, грубо говоря же.",2,222,6211.0,Левченко_ВШЭ
19626,"Студентка: Популярность «Пятидесяти оттенков серого» во многом обусловлена тем, что многие женщины хотели бы встретить миллионера...Успенский: Ну, почему же сразу только женщины? Я бы тоже, может быть, хотел бы встретить миллионера, чтобы ничего вот этого вот в моей жизни больше не было...",10,381,8712.0,Успенский_ВШЭ
19621,"Сократ даже свою смерть превратил в перфоманас... Сказал свою речь ученикам, улыбнулся, выпил яд и умер. Mission completed.",3,223,6820.0,Лечич_ВШЭ
19572,"— Кстати, не надо постить мои цитатки в цитатник ВШЭ. Мне хватило «Логистики». А то мне потом присылают в WhatsUp скриншоты с подписями ""Ору"", ""Я под столом"" и так далее.",0,309,6725.0,Саидов_ВШЭ
19561,"- Тот, кто не помнит свойства, может его вывести.- Что-то я не вывожу.",4,263,8078.0,Лобанов_ВШЭ
19555,"Я не выбирал учить вас, вы не выбирали меня. Просто у меня такая странная профессия, а у вас такое странное образование.",5,297,7393.0,Мартынов_ВШЭ
19537,"Дети - очень дорогое удовольствие, от которого нет никакой отдачи и никакой практической пользы. Дети - это чисто по фану.",6,256,6330.0,Куренной_ВШЭ
19530,- В какой форме будет проходить экзамен?- В комфортной.,3,251,6070.0,Пенская_ВШЭ
19518,"Понятно, что они не просто вдруг взяли и открыли новый язык. Они искали, так сказать, грибные места.Я не имею в виду, что употребление грибов приводит к открытию нового языка.",6,245,6480.0,Файер_ВШЭ
19342,"Астахов: А вы уверены, что я ваш преподаватель? Может я просто с улицы пришёл, украл пропуск и свою фотку наклеил. Студент: А зачем? Астахов: Тут тепло. Мне даже компьютер дали. Просто приходишь, говоришь ""Мне нужен компьютер"" и всё! ",5,362,7724.0,Астахов_ВШЭ
19326,"Астахов: — Как вам картинка? Студенты: — Ну так, не очень. Астахов: — Не забывайте, что преподаватели падки на лесть. Студенты: — Прекрасно, великолепно, превосходно! ",2,326,7410.0,Астахов_ВШЭ
19209,"На паре по латыниСамохвалова:- Вы знаете, как будет ""лавр"" по-гречески? ""Дафнэ"". Это из мифа про Диониса и Дафну. Она ему понравилась, он за ней бежал ну понятно с какой целью. А она превратилась в лавровое дерево, но Диониса это не остановило...*Сдавленный крик студентки: ""Оууу, нет...!!!""- ...он нарвал листьев и сделал себе лавровый венок!",2,263,7846.0,Самохвалова_ВШЭ
19204,"Пока кормят в ВШЭ, я преподаю в ВШЭ. Предложат на 10 рублей больше, пойду в МГУ.",5,271,6437.0,Сорвин_ВШЭ
19201,Я вижу кто-то уже уснул! За одно моё предложение! Это достижение. ,1,215,6007.0,Астахов_ВШЭ
19198,"Я не буду тягаться со Смешариками, моя лекция будет проще. ",10,410,7603.0,Астахов_ВШЭ
19196,"В конце пары:— Простите все, кому мешал спать. ",1,256,5777.0,Астахов_ВШЭ
19194,"Если у вас депрессия, открывайте ""Письма к Луцилию"". Если вам хорошо, открывайте ""Письма к Луцилию"". Если вы хотите есть после шести, ""Письма к Луцилию"" вас удержат. ",6,267,7700.0,Астахов_ВШЭ
19172,"Вы можете закрыть за собой окно?...Ну, оно правда за вами находится.",1,221,5953.0,Астахов_ВШЭ
19155,«На дереве хорошем и повеситься не жаль» – это в каком-то смысле про учёбу в Вышке.,8,317,8440.0,Самохвалова_ВШЭ
19136,"Что такое отбор? Все мы проходим отбор. Вот например, САМЫЕ умные поступили в ВШЭ. Ну а просто умные - в МГУ",12,381,8773.0,Сорвин_ВШЭ
19125,"- Вот вы думаете что вы поступили на экономику и будет все у вас как в Волк с Уолл стрит, будете карликов кидать, а вот нет, будете весь день в excel сидеть и все.",3,249,6127.0,Мельник_ВШЭ
19075,В Вышке сочетать здоровье и учебу практически невозможно.,16,498,10300.0,Ковалев_ВШЭ
19064,"— Что мне нужно, чтобы получить 10 за семинарскую работу?— Нужно быть сволочью.",3,256,6508.0,Саидов_ВШЭ
19055,"— Присутствие вашего тела, не важно в каком состоянии — хоть вас принесут и положат — один балл.",1,262,6434.0,Саидов_ВШЭ
19026,"Мы сделаем всё, чтобы вам было так же сложно учиться, как было сложно поступать.",17,443,10403.0,Кузьминов_ВШЭ
18990,Please avoid dying.,6,211,11463.0,Галкина_ВШЭ
18972,Какие-то вы подавленные. Кто сегодня опередил меня в деле изнасилования ваших мозгов?,7,260,5441.0,Закревский_ВШЭ
18968,"Рубин, рассказывая про определения и их смысл:- Are you guys with me? Everything is clear so far?* хором 'yea', но один студент говорит 'no' *- Aleх, you are a kind of an eхpert in not understanding anything...",1,225,6102.0,Рубин_ВШЭ
18962,"А сейчас будет, что называется, прикол. Вообще, математика — наука о приколах.",9,232,7532.0,Буров_ВШЭ
18902,"Вряд ли девушки, сидящие в этой аудитории, лелеют надежду выйти замуж за сантехника.*пауза*Ладно, забудьте, а то потом скажете, что Кирилл Валентинович накаркал.",8,233,8072.0,Сорвин_ВШЭ
18893,"— Задние ряды, спите? — Нет! — А почему? Там достаточно удобно. ",4,282,5648.0,Астахо_ВШЭ
18884,"Очень сложно быть нормальным философом, когда у тебя нет своей школы. Вот у меня нет. Я похож на нормального философа? Где мой виноград? Где мой диван? Только грязные стулья.",7,342,7073.0,Астахов_ВШЭ
18825,Думать - больно.,13,237,10432.0,Лечич_ВШЭ
18813,"Сначала вы посмотрите в бездну, потом бездна посмотрит в вас, а потом вы уже создаёте рок-группу. ",6,268,6933.0,Астахов_ВШЭ
18811,"— То есть, на экзамен лучше не идти? — Лучше развивать кругозор, критическое мышление и страдать. ",5,229,6177.0,Астахов_ВШЭ
18803,"Звук уведомления. Азер Гамидович лезет в карман, достает телефон, вслух читает:- Данный абонент хотел с вами...Убирает телефон:- Со мной много кто хотел!",2,220,6301.0,Эфендиев_ВШЭ
18794,"Вообще, в античной литературе тема вина всегда имеет философский подтекст. Мол, жить страшно, мы все умрем, возможно даже прямо сейчас, так что давайте быстренько выпьем. ",14,342,10096.0,Самохвалова_ВШЭ
18791,"«Сегодня мы с вами разбираем греческую трагедию... И главная трагедия состоит в том, что у нас на это всего одна лекция». ",3,213,5729.0,Самохвалова_ВШЭ
18784,"Стою у КПП и парю. Подходит Рубин:- It gives you cancer too, but that’s nice cause I hate you.- Me too.- Let me please hold it.- Yeah, ok.- So heavy... The first time I’m so close to...- LGBT community?- Yeah, right.",6,311,7268.0,Рубин_ВШЭ
18675,Я однажды чуть не заснула на собственной лекции.,3,291,6223.0,Данько_ВШЭ
18663,"Первая лекция по информатике. Знакомство с программами обучения.— Здесь есть сильные программисты?*Групповое молчание*— Физически сильные, надо парты перетащить.",4,338,8566.0,Акиньшин_ВШЭ
18658,"Знакомство с группой. Рассказываем про оппонента:— А ещё он занимается боксом. *все*: Вау, круто. — Вообще-то битбоксом.",2,328,11151.0,ВШЭ
18543,"— Университет — это то место, где мы все можем спрятать голову в песок. В мире черти что происходит, а мы здесь как бы заняты и все понятно...",14,374,11360.0,Мартынов_ВШЭ
18433,Nothing is working and no one is present and welcome to the higher school of economics!,7,228,7801.0,Волконская_ВШЭ
18424,"Каждый народ имеет то правительство, которое его имеет.",6,226,7831.0,Почекаев_ВШЭ
18303,"Вы должны были все майские праздники читать эти документы!! А вы чем занимались? Не, ну по вашим рожам опухшим я то понимаю чем вы занимались....",3,214,7400.0,Почекаев_ВШЭ
18290,"Экономика - как религия: ничего не понимаем, но верим. ",7,261,9234.0,Протасевич_ВШЭ
18277,"Дэдлайн от слова ""смерть"".",6,216,8098.0,Каспэ_ВШЭ
18199,Science is not boring. Science is sexy.,9,247,10846.0,Рубин_ВШЭ
18185,"Anyway good luck with all your exams, keep climbing your gdp ladder, and don’t worry about happiness, you’ll get it after you die.",12,306,14313.0,Рубин_ВШЭ
18148,"Перед началом лекции гробовая тишина в аудитории.R- Hmm, It is so quiet here. I am shocked how quiet you are, I am not get used to working when it is so quiet. Can you take your phones and play with them or talk to your neighbor?",1,258,6381.0,Рубин_ВШЭ
18016,"Господи, зачем я это всё преподаю. Это такая дичь...",5,248,5342.0,Быков_ВШЭ
17758,"Вы поймите, Высшая Школа Экономики - это не худшее, что с вами могло случиться в жизни.",6,379,10709.0,Галкина_ВШЭ
17751,"П: Да уж географические знания у вас прихрамывают.С: Мы же не географы, мы юристы...П: Да и юристы из вас, прямо скажем, хреновые!",4,257,6698.0,Почекаев_ВШЭ
17656,"Глицин - это препарат из группы ""хуже точно не будет, а может даже и поможет"".",3,315,6266.0,Фонсова_ВШЭ
17639,Вы же студенты Высшей Школы Экономики. Выше нет!,2,218,6395.0,Косоруков_ВШЭ
17546,Опрос займёт ровно 10 минут и пройдёт в первые две минуты пары.,2,268,6714.0,Гусев_ВШЭ
17502,"Так, у нас есть 4 минуты, чтобы поговорить о вечности.",3,213,6185.0,Копылова_ВШЭ
17459,"- Я уже 4 дня не курю.*аплодисменты студентов*- Так что если я попробую у кого-нибудь стрельнуть сигаретку, то не давайте. А у меня стаж, между прочим, 50 лет.",1,212,5429.0,Фонсова_ВШЭ
17321,"С: Извините, а почему 8?Б: Ну 10 - это космос, 9 - это блестяще, 8 - это так поблёскивающе)",3,263,5010.0,Бурда_ВШЭ
17274,"Мне, все понравилось, у вас отличное выступление, садитесь, оценка 7.",3,206,5026.0,Бурда_ВШЭ
17209,При Наполеоне было как при Путине: относительно стабильно и по сравнению с 90-ми лучше. ,2,230,5838.0,Новиков_ВШЭ
17185,I have been working in HSE for 4 years which is 4 years longer than i wanted here to be. ,2,322,7187.0,Мусабиров_ВШЭ
17178,"Мы с коллегой думали, что дебаты о существовании бога сейчас никого не интересуют, но, оказалось, что мы не знаем современного студента Высшей Школы Экономики. От этого, оказывается, вас начинает штырить как от кокаина, и поэтому для нас это будет хороший способ потратить ещё один семинар.",5,239,6124.0,Мартынов_ВШЭ
17167,"Кто не с правом, тот под правом.",6,305,8626.0,Быстров_ВШЭ
17149,Кто рано встаёт — тот весь день хочет спать.,15,304,8155.0,Большухин_ВШЭ
17107,Если ты не знаешь 3 отличия между вупсенем и пупсенем можешь просто выйти с пары. ,8,225,6121.0,Семенов_ВШЭ
17015,"Почему Сократа приговорили к казни? Он всех достал! Сократ ходил по полису с молодежью, которая хотела лулзов и тролил уважаемых граждан. В своем специфическом виде спорта он клал всех противников на лопатки.",6,232,7235.0,Файер_ВШЭ
16936,"В эпоху Екатерины появляется понятие собственности. Собственность это хорошо? Из зала: Да! Лектор: Да, конечно хорошо, если ВЫ не собственность.",2,207,5707.0,Соловьев_ВШЭ
16911,У каждой интеллигентной девушки бывает феминистический период.,4,225,6360.0,Графова_ВШЭ
16895,П: Все знают значение слова «флуктуируют»? Это значит «колеблются». С: А нельзя было так сразу сказать?П: Это наука. Здесь нельзя так просто говорить.,7,251,6242.0,Уточкин_ВШЭ
16841,"Хватит выкладывать мои фразы в контакт, гады.",6,504,8540.0,Вечерин_ВШЭ
16837,"Не будьте лежачими камнями, будьте Rolling Stones! ",10,288,9709.0,Соловова_ВШЭ
16820,"Совмещать нужно свои хотелки и свои могульки, так сказать.",5,235,5481.0,Усенко_ВШЭ
16785,"- Так, вы над моими шутками смеялись активно, вам плюсик. А вы... смеялись не очень активно.- Но я же отвечала!- А кого это волнует?",7,449,7226.0,Новиков_ВШЭ
16784,"- Итак, Английская револю... ууууу.*Новиков замирает на полминуты, глядя в окно*- Там просто шарики пронесли.",3,357,7128.0,Новиков_ВШЭ
16773,"- Можно с начала?- что с начала? Сначала был Бог, потом появился Ленин, потом пришёл Сталин, теперь Путин.",4,276,5910.0,Евстафьев_ВШЭ
16719,"Законодательная техника страдает. Скажу как будущим практикам-юристам: если вы читаете закон и не можете понять, что там сказано - проблема не в вас.",4,239,6408.0,Гриценко_ВШЭ
16680,"Если бы Фрейд в то время приехал в Россию, где были голодные бунты, то он бы построил свои теории не на сексуальном желании, а на пищевом... Как я люблю.",6,238,7781.0,Вечерин_ВШЭ
16674,"Лектор спрашивает аудиторию:- Для чего нужен финучёт?- To summarize информацию- Oh, you speak London?",2,415,8048.0,Кондрахина_ВШЭ
16631,П: Все мы насмотрелись американских фильмов про юристов и мне «нравится» как они там постоянно говорят на процессе: «протестую!». Так вот представьте вообще возможно ли так сказать в нашем процессе?:Адвокат: Протестую!Русский судья: Пшел вон отсюда!,1,215,6531.0,Тимофеев_ВШЭ
16519,"Кто-то уже подходит, спрашивает меня про загробную жизнь. То есть, как учиться в магистратуре.",4,208,5346.0,Курдин_ВШЭ
16482,"Я называю вашу воду в курсовых ""шифрованием пустот"".",10,386,8468.0,Борышнева_ВШЭ
16475,"Я люблю пирожки, жену и путешествовать.",3,271,7402.0,Вечерин_ВШЭ
16449,"Багринцева студенту: ""Что там за переписка у вас такая интересная?"" - ""С чего вы взяли, что там переписка?"" - ""Человек не может с таким счастливым лицом смотреть в учебник"".",8,357,8468.0,Багринцева_ВШЭ
16402,"В Вышке занятие может проходить по двум схемам: традиционной - когда нет маркера и классической - когда не работает проектор. Сегодня по традиционной, я пошёл за маркером.",9,515,13812.0,Волков_ВШЭ
16394,"""Why бы и не not"".",2,296,8048.0,Оралова_ВШЭ
16393,"На экзамене.""Мы будем за вами внимательно следить... Надо же кому-то в Синергии учиться!""",9,353,10816.0,Закревский_ВШЭ
16381,Между двумя прямыми угол пи на 4. Я не люблю измерять в градусах углы. В градусах я измеряю алкогольные напитки.,9,324,8291.0,Жилин_ВШЭ
16376,"Решаем задание с интегралом.Дагаев: Какое у вас возникает желание, когда вы видите косинус в 5 степени?Студент: Выйти в окно.Дагаев: Неправильно. Правильный ответ: занести под знак дифференциала.",6,292,9138.0,Дагаев_ВШЭ
16340,"У меня есть коллекция интересных отказов в возбуждении уголовных дел. Вот история. В полицию поступило заявление от зоопарка о краже муфлона. Следователь понимал, что вероятность раскрытия этого дела невелика, и, чтобы плохим показателем это дело не повисло, решил отказать в возбуждении. Написал: администрация зоопарка забыла подрезать муфлону крылья, поэтому он улетел вместе со стаей уток. Прокурор впоследствии этот отказ отменил, поскольку муфлон - это баран такой.",19,486,11027.0,Пашин_ВШЭ
16326,"Аносова: [Имя], ты сделал домашнее задание ? Студент: Анна Витальевна, ну .. я пытался.Аносова: Это ты девушке своей будешь говорить, что ты пытался.",5,234,7121.0,Экономика
16302,"О экзамене по английскому:- Как выбрать, что писать: график или абзац эссе. Честно, тут как повезет, надо посмотреть на оба задания. Если график будет как в прошлом году, то есть всего одна полоска - это хорошо. Да и в принципе, одна полоска - это всегда хорошо, да парни?",2,218,6322.0,Хомутский_ВШЭ
16253,"Для студентов, которые переписывают работы с Википедии, есть специальный ад. Они там слушают лекции на основе Википедии.",8,226,6407.0,Чупрыгин_ВШЭ
16138,"- Можно написать ""государство"" как ""гос-во""?- Да просто Г.",1,261,6077.0,Алюшин_ВШЭ
16084,"*голуби живущие под крышей над актовым залом курлычут во время лекции*- Вот видите, даже голуби посещают лекции, а вы прогуливаете!",3,215,5055.0,Яковенко_ВШЭ
16059,"Если вам что-то непонятно, пожалуйста, задавайте вопросы. Хотя мне кажется, что я объясняю, как богиня.",0,323,6369.0,Копылова_ВШЭ
16057,С: - Можно вопрос вот прям не по теме?П: - Прям вообще не по теме?С: - Прям вообще.П: - Я женат.,18,588,8927.0,Почекаев_ВШЭ
16036,"В прошлом году спрашивал студентов : «Какова вероятность, что я пойду на кровосток?». Все смеялись. А она была высока. ",3,235,7420.0,Дёмин_ВШЭ
15987,"Обещаю вам оценивать ваши работы из принципов необъективности, предвзятости, ну и ненависти, наверное. ",8,328,7995.0,Казаков_ВШЭ
15978,"Пустые разговоры – частое явление среди влюблённых. Потому что ты говоришь с любимым человеком. Я с любимым человеком – хоть о ёжике, хоть о морской свинке. ",3,242,7708.0,Осповат_ВШЭ
15974,Мы собрались здесь ради одного главного вопроса. Кто лучше Бетховен или Бейонсе? Меня этот вопрос постоянно мучает...,1,283,7187.0,Астахов_ВШЭ
15961,Хочешь быть счастливым? Пиши курсач!,4,208,8250.0,Вечерин_ВШЭ
15944,У меня на факультете две функции: одна функция так сказать вазелина. Чтобы помочь вам войти в юр.науку. ,13,225,6726.0,Закревский_ВШЭ
15900,"Новиков: ""Вы же знаете кто у вас будет принимать экзамен?""Студенты: ""Да, вы и Кульков.""Новиков: ""Я понятия не имею кто такой Кульков."" ",1,214,5927.0,Новиков_ВШЭ
15885,Ваша личная жизнь сейчас в мат.анализе! Вся! По крайней мере на ближайшие 45 минут. И вечером после дискотеки тоже! ,4,243,9294.0,Алексеева_ВШЭ
15855,"Вот вы потом будете все эти курсовые писать, а я буду читать их и вскрываться. ",3,233,6704.0,Новиков_ВШЭ
15819,"М: Все прочитали главу в учебнике?С: Да.М: Я спрашиваю, потому что этого задания там не было.",7,237,7058.0,Мячин_ВШЭ
15778,"- В источнике достаточно много воды...- Это не вода, это эмоциональные переживания!",6,225,6417.0,Канаева_ВШЭ
15777,"У нас будет семинар, посвящённый бедности. Давайте считать его профориентационным.",17,613,9081.0,Кабанов_ВШЭ
15713,Ницше умер. Хихихи.,1,241,6885.0,Лечич_ВШЭ
15699,Девочки любят нигилистов.,5,243,7062.0,Соловьева_ВШЭ
15671,"Ко: - Вот мы и прошли 2 рубежа. А значит что скоро, в декабре...Студент из зала: - Мы все умрем.Ко: - Да!",4,217,7086.0,Ковалев_ВШЭ
15669,Если человек слушает шансон и учится в Вышке... Я бы не стала интерпретировать эту ситуацию. Тут может быть всё что угодно: от детского церебрального паралича до жизненной стратегии.,3,210,6565.0,Ганжа_ВШЭ
15668,Мне не нужны счастливые студенты на семинарах: они бессмысленны.,3,324,7536.0,Астахов_ВШЭ
15652,"Лекция неожиданно прерывается, преподаватель задумчиво смотрит в пол, в аудитории неловкое молчание.Через 10 секунд:П: Извините, нёбо зачесалось. ",5,299,6389.0,Мячин_ВШЭ
15642,"Сейчас мы посмотрим мини-контрольную, а потом у нас с вами начнётся Великая депрессия. Тема «Великая депрессия», сама она у нас начнётся перед сессией.",4,252,6386.0,Раков_ВШЭ
15625,"Когда вы вырастете, вам жить так надоест, что вы с радостью умрёте.",7,285,9391.0,Рогонян_ВШЭ
15603,"Студенты (неоднократно): извините, у меня, возможно, глупый и тупой вопрос...Почекаев: судя по вашим преамбулам к вопросам, вы все конченые дебилы какие-то!",10,223,7516.0,Почекаев_ВШЭ
15535,"Правая нога - это там, где большой палец слева.",3,209,6037.0,Филимонов_ВШЭ
15507,"— Достаточно ли вы устали для того, чтобы видеть здесь сову?... Можно вот еще нарисовать мертвую сову.",5,425,7109.0,Есаулов_ВШЭ
15459,"Вы все знаете такой паблик, ""Цитатник ВШЭ"", вы там цитируете преподов. Так вот, у меня есть собственный цитатник, где я цитирую вас. Покажу в конце года, спасибо, что пополняете мою коллекцию. ",1,302,6843.0,Хомутский_ВШЭ
15382,"Суффикс -ач последние 15 лет считался ужасно непродуктивным. Поэтому сейчас каждый раз, когда я слышу слово ""курсач"", моё сердце радуется!",7,254,6494.0,Литвина_ВШЭ
15287,"*Булат Венерович опрашивает по списку и 2-е человек не были готовы*.- Не семинар, а морской бой.*Смотрит на список и спрашивает студента, который тоже не готов*.- О.. Уже трехпалубник.",5,315,6507.0,Булат_ВШЭ
15256,"У преподов столько дедлайнов, не представляете. Слава богу, мы большинство из них заваливаем. И нас не выгоняют! ",2,292,7022.0,Воскобойников_ВШЭ
15161,There is no end. There is only endless pain.,7,221,7616.0,Рябчун_ВШЭ
15055,Ваша домашка мне понравилась. Там мемы были.,1,260,5969.0,Вечерин_ВШЭ
15038,"Кратко о том, чем студенты Вышки отличаются от остальных студентов: ""И мы продолжаем наше увлекательное путешествие галопом по русскому языку. Тема сегодняшних лекций ""Морфемика и словообразование"". В отечественной традиции филологического образования принято отводить на её изучение один семестр, мы же её освоим за эти две с половиной пары.""",3,256,5444.0,Радбиль_ВШЭ
14917,"Терминология зачем нужна — чтоб другие думали, что вы очень умные.",6,252,6645.0,Чермошенцева_ВШЭ
14885,"Анастасия Олеговна: Из кого состояла семья в античности?Кто-то из студентов: Ну, мама, папа…Анастасия Олеговна: Что, «мама, папа, я — счастливая семья», да?Студентка: Ещё раб, если семья богатая.Анастасия Олеговна: А-а-а, «мама, папа, я, раб — счастливая семья»! Отлично!",2,220,6100.0,Копылова_ВШЭ
14856,"""Я давно предлагаю адаптировать философию, например, в частушки:Шёл вечор по переулку,Дали мне по темени.Мир в пространстве существует,А ещё во времени.""",4,361,6645.0,Дамье_ВШЭ
14773,"Студент: ""Скажите пожалуйста, а вы проверили наши черновики, которые мы сдавали на контрольной""? Семинарист: ""Нет, зачем, я на них рыбу чищу"".",2,276,5289.0,Гала_ВШЭ
14770,Умное слово. Блеснете им где-нибудь.. в Дубках.,3,291,6388.0,Ковалев_ВШЭ
14763,"Запомните, ООН - это она, СССР - это он. А США - это они. Неопределившееся гендерное существо. ",4,251,5672.0,Новиков_ВШЭ
14744,"Так, чтобы я этих слов в цитатнике не видела!",0,235,4768.0,Максудова_ВШЭ
14718,"Смотрю на все эти многочисленные ваши гаджеты и приспособления. Посмотрите какой у меня *показывает кнопочный телефон*, а кто кого может отчислить?",4,296,5795.0,Почекаев_ВШЭ
14716,"Королев: Вы слышали про статью, которую написал Обама в конце президентства? В чем ее особенность?Аудитория молчит.Королев: Ну, вы слышали трек Дизайнера ""Панда""?Аудитория хором: Да!Королев: Ну вот как Дизайнер повторяет ""Panda, panda, panda, panda"", так и Обама повторяет ""China, China, China, China"".",1,243,6033.0,Королев_ВШЭ
14680,"Преподаватель: Вы решили задачу на условие Холла в домашнем задании?Студенты (хором): Да.Преподаватель: Забавно, что уже четвертая группа говорит что решила задачу, которой не было в домашнем задании. ",14,638,11291.0,Мячин_ВШЭ
14679,"Вы знаете, что у нас в центре города лежит мумифицированный Ленин? Это чтобы вы не сомневались в нашей современности. ",0,242,7811.0,Астахов_ВШЭ
14674,"Каждый, кто закончил Высшую школу экономики, он вообще полубог.",12,624,14183.0,Климова_ВШЭ
14630,"Students, I've got good news! There will be no test today because I understand... posvyat.",1,325,7439.0,Хомутский_ВШЭ
14627,Домашнее задание: смотрите мемы с Декартом.,4,392,8497.0,Астахов_ВШЭ
14578,"Самовол: - Ты что сидишь, мне улыбаешься, девочка?Студентка: - Я просто вас слушаю.Самовол: - Эх, а я надеялся..",6,328,7298.0,Самовол_ВШЭ
14536,Нужно ответить на фундаментальный вопрос... У кого есть зарядка на IPhone 6?,2,219,5890.0,Новиков_ВШЭ
14527,"""Вы потрясающие: вы говорите стикерами"".",2,210,6562.0,Грязнова_ВШЭ
14525,С: Ну тут маркер тупой.Д: Тут много чего тупое...,0,224,5641.0,Долгоруков_ВШЭ
14479,No brain - no pain.,14,421,11569.0,Ищенко_ВШЭ
14461,"Вы заходите в вагон метро. Если вы классический реалист, то вы выбираете самую слабую бабушку и гоните ее прочь. Если вы более сильный, гоните прочь всех сидящих рядом с бабушкой и ложитесь на освобожденные сидения. Если вы очень сильный, вы заставляете весь вагон прислуживать вам. ",3,226,7158.0,Новиков_ВШЭ
14426,"Я хочу, чтобы вы закопались в эту мысль как маленькие философские кроты.",4,258,6287.0,Астахов_ВШЭ
14388,"Зачем выходить к доске? Во-первых, прикольно. Во-вторых, раскрепощает...",3,217,6314.0,Горбатов_ВШЭ
14374,"*шла 4ая лекция по социологии*- Вы же понимаете, что вам можно не записывать, я вам потом все материалы отправлю? *молчание* - Поздно сказал, да?",1,310,6581.0,Павлюткин_ВШЭ
14304,Студент: - Нам Сергей Григорьевич рассказал сегодня анекдот.Елена Борисовна:- Вечно он мои анекдоты перевирает.,2,252,6565.0,Бурмистрова_ВШЭ
14265,"Извините, я издеваюсь. ",1,217,5675.0,Марей_ВШЭ
14258,"*последняя пара, все устали**сирена скорой помощи на улице*- Вот, за нами уже едут.",0,242,5844.0,Самовол_ВШЭ
14255,Когда-то в этом термосе я носила текилу.. Почему сейчас в нем только чай!,2,247,5652.0,Буйлова_ВШЭ
14224,Может просто наслаждаться жизнью? Зачем тогда в вышку припёрлись? ,9,270,8349.0,Ковалев_ВШЭ
14219,"Я видела ваши видео с посвята, поэтому давайте не обращать внимание на засосы, похмелье и прочие радости жизни.",1,287,8125.0,Максудова_Елисеева_ВШЭ
14185,- Where is your coursebook?- I forgot it at home.- ... а голову вы дома не forgot?,3,365,6588.0,Хомутский_ВШЭ
14182,"Сидит заяц на пеньке и что-то пишет. Идет лисица и спрашивает: - Что пишешь, Заяц? - Диссертацию о том, как зайцы гоняют лисиц. - Где ты видел такое? - Пойдем со мной - покажу. Идет волк:- Что пишешь, Заяц? - Диссертацию о том, как зайцы гоняют волков. - Где ты видел такое? - Пойдем со мной - покажу. Идёт медведь:- Что пишешь, Заяц? - Диссертацию о том, как зайцы гоняют медведей. - Где ты видел такое? - Пойдем со мной - покажу. У входа в пещеру лежит огромный лев и около него кучи костей лисиц, волков, медведей... Мораль: Не важно, какая тема диссертации, важно, кто твой научный руководитель.",6,453,7616.0,Носачёв_ВШЭ
14138,"Вот вы встречаете человека, он лапочка-душечка, пончик-ватрушечка, и вас тянет к такому человеку. Вы в этот момент остановитесь и подумайте: это его сущность или маска и ты не знаешь, что от них ожидать. Вот поэтому я люблю стерв. Моя лучшая подруга - жуткая стерва, но я всегда знаю, что от нее можно ожидать. ",5,291,6798.0,Дамье_ВШЭ
14128,"""It's so romantic that I can hear rain drops during the seminar.""",3,219,6379.0,Скриба_ВШЭ
14113,"П - студент Х - ХомутскийП - я не сделал домашку, потому что не нашел файл для аудирования.Х - там на аудирование было только одно задание, все остальное делается самостоятельно.П - ааа.(Пауза)Х (громогласно) - это фиаско, братан.",0,245,5496.0,Хомутский_ВШЭ
14096,"Дамье: - Не спи, замерзнешь. Это что ж ты ночью-то делал? Студент: - Как что?! Канта читал.Д: - Ага, это называется «приходи на сеновал, почитаем Канта».",2,271,4991.0,Дамье_ВШЭ
14082,"— Я вам, кстати, про жену рассказывал?— Да, Николай II, кажется, любил её очень.— Да не про его жену — про мою!",0,233,5158.0,Керов_ВШЭ
14071,"""Я всё понимаю, понедельник, 10 утра, просыпаемся!""05.10, четверг, 11:00",1,250,5197.0,Тихомирова_ВШЭ
14065,"""Девушки, что вы так обсужденно возбуждаете?""",1,215,5403.0,Жуков_ВШЭ
14042,"*рассказывает про поражение Витовта в 1399г.*- Это было фиаско. Как там... это фиаско, братан.",1,232,5082.0,Рыжков_ВШЭ
14004,"Если вы можете погладить график функции и не уколоться,то функция дифференцируется.",5,225,6229.0,Никитин_ВШЭ
13855,"Начало семинара.Дмитрию Павловичу на смартфон приходит уведомление.Новиков: Сейчас, секунду, ко мне кто-то в друзья стучится.Студент: Это я!Новиков: А, это вы! А как добавить человека в черный список?",3,441,6126.0,Новиков_ВШЭ
13840,"Весь мир — театр, а люди в нем – субъекты гражданского права. ",4,209,5976.0,Гаджиев_ВШЭ
13831,"В древних мусульманских странах гомосексуализм карался смертной казнью. Не через посажение на кол, разумеется.",6,229,6447.0,Почекаев_ВШЭ
13811,"Весь мир - театр, а люди в нем - субъекты гражданского права.",11,232,8402.0,Гаджиев_ВШЭ
13802,Заболел - прибухни.,0,260,6117.0,Хомутский_ВШЭ
13800,"Ну вы же не будете идти на смерть ради... например, печеньки. Ну ладно, плохой пример, за печеньки и умереть не страшно.",4,273,6828.0,Новиков_ВШЭ
13787,"1 курс: посещаемость будет учитываться почти по всем предметам.4 курс: спасибо, что пришли на эту лекцию.",2,217,4805.0,Ахметсафина_ВШЭ
13767,"Вы теперь взрослые. Теперь вы можете не только пить и курить, но и делить на ноль.",13,406,7567.0,Жуков_ВШЭ
13758,"«Ребёнок — это инвестиция, и непонятно, окупится ли она»",2,227,7567.0,Щербакова_ВШЭ
13748,Вы здесь сидите только с одной целью: стать хоть кому-нибудь нужным.,6,259,7164.0,Вечерин_ВШЭ
13719,"Карл Маркс и Фридрих Энгельс не четыре мужика, а два. А слава кпсс вообще не мужик.",0,364,5996.0,Раков_ВШЭ
13704,"Марей *пишет на доске перманентным маркером, пытается его стереть - неудачно*М: Не был и не привлекался, даже рядом не стоял.*опускает экран*",2,222,5459.0,Марей_ВШЭ
13601,"Студент во время лекции: Можете, пожалуйста, включить кондиционер?Карпенко: Обсудим это на семинаре.",2,273,5696.0,Карпенко_ВШЭ
13593,"""Другим студентам давал 30 минут, вам - полчаса""",0,309,5994.0,Шельменков_ВШЭ
13573,"Семинар у Булата Венеровича это когда:Булат: ""... Хорошо, скажите мне, чем вы отличаетесь от древних греков?""Студентка: ""Нууу... Они занимались мыслительной деятельностью""*Булат Венерович смеётся в голос вместе со всей аудиторией*Булат: ""Ну, да, здесь с вами не поспорить!""",2,272,5129.0,Булат_ВШЭ
13569,"""If woman says 'no', it doesn't mean 'no'; if woman says 'yes', it doesn't mean 'yes'; the same thing is here: 'zero' doesn't mean 'zero'. Mathematics!"" ",2,248,5898.0,Жуков_ВШЭ
13559,"Мы не видим ни убийства, ни инцеста, то есть на сцене ничего интересного не происходит.",2,220,5669.0,Жаркая_ВШЭ
13523,"Студент: я так спешил, все равно опоздал, извините, пожалуйста.Преподаватель: ничего страшного, спешка от шайтана, не спешите больше.",7,304,7650.0,Боднар_ВШЭ
13521,Почему никто не садится за первые парты? Я что такой стрёмный? ,2,218,5720.0,Глазков_ВШЭ
13516,"На доказательство этой теоремы уйдет много времени и само доказательство большое, поэтому мы не будем ее доказывать, но мамой клянусь это так.",3,316,5403.0,ВШЭ_Никитин
13487,Мемы должны идти от души. ,2,263,7313.0,Шомова_ВШЭ
13439,"Если уж учиться, то в Вышке. На худой конец в МГУ.",7,377,12258.0,Алюшин_ВШЭ
13365,"Понимаете, это как тот случай, когда ваша тёща летит на вашем Мерседесе в пропасть... Непонятные чувства. ",1,228,6511.0,Раков_ВШЭ
13335,"Разумеется, Господь выше всех, но в системе вассальных отношений он не участвовал. ",2,209,6129.0,Новиков_ВШЭ
13284,"""Знаете, почему аудитория не предусмотрена на всех вас? Потому что ко 2 курсу групп будет не 8, а 6, и все поместятся."" ",4,206,5161.0,Аносова_ВШЭ
13225,"Какие Вы можете назвать негативные стороны глобализации помимо того, что в России появился рэп-баттл?",8,378,7592.0,Королев_ВШЭ
13222,"П:...""Платон"" - это прозвище, его настоящее имя - Аристокл. ""Платон"" означает ""широкий"". Почему Платона так назвали?Студенты: За широту ума...П: За то, что он был мускулистый. То есть философа, повлиявшего на всю последующую европейскую культуру, мы знаем под именем ""Фитнесняш"".",6,398,7182.0,Самохвалова_ВШЭ
13221,"В диалоге Платона «Ион» Сократ встречает рапсода Иона, который занял первое место на состязании рапсодов, что очень престижно. Ион хочет спеть Сократу, но тот отказывается слушать. Это как если бы к нам в аудиторию сейчас вошёл Пол Маккартни и предложил: «Давайте я вам спою?», а я бы сказала: «Нет, Вы знаете, не надо — у меня лекция».",6,307,7554.0,Самохвалова_ВШЭ
13219,"Привыкайте, дискриминация по гендерному признаку будет всегда, поэтому мнение дамы - закон.",2,223,5464.0,Бурмистрова_ВШЭ
13195,"Девушки... как прекрасно они выглядят, потому что ничего не знают.",9,233,10415.0,Самовол_ВШЭ
13189,"""Так уж вышло, что на наших лекциях будут мемчики"" ",0,238,5678.0,Пащенко_ВШЭ
13142,"""В Америке есть такой странный обычай - соблюдать конституцию и законы""",2,222,5760.0,Шилов_ВШЭ
13122,"""Вышка занимается захватом собственности в центре Москвы""",0,243,6355.0,Гусев_ВШЭ
13112,"""Культура подразумевает ограничение действий человека. *Обращается к студенту, который сидит рядом с девушкой*: вот ты, например, хочешь её прямо сейчас, а культура бьёт по рукам: нельзя, нельзя!""",6,286,7238.0,Четвернин_ВШЭ
13043,Теория аргументации и академическое письмо.,1,220,14604.0,Демин_hse
13040,"*на семинаре по микро*Фёдоровых: Как доказать, что это является функцией? Студент: Биекция. Фёдоровых: Что, биекция? Просто знаете такое слово? Синхрофазотрон, если мы играем в слова. А, или я должен был на букву ""Я"" назвать?",4,235,13267.0,Фёдоровых_hse
13037,"*Перед экзаменом — препод подходит к аудитории, все студенты здороваются, улыбаются и т.д.*П.: ""Вот, а после экзамена и на могилу плюнуть не придут..""",5,254,13212.0,Почекаев_hse
13025,"— Хотела сначала поставить ноль, но потом подумала: ладно, жизнь сама ещё поставит вам ноль.",2,342,12869.0,Серёгина_hse
13008,"Пользоваться ничем нельзя. Максимум, что у вас может лежать на столе - это ручки, калькуляторы и чистые листочки со шпаргалками.. То есть я имел в виду листочки для черновиков.",0,207,10466.0,Ким_hse
12980,(В): Вы орали в детстве?(С): Нет.(В): Вы многое упустили.,4,230,11048.0,Великая_hse
12951,"— Вы же филологи, вы должны это знать.— Вообще-то, филолог и лингвист - разные вещи. Мы можем и оскорбиться! — Если хотите, оскорбитесь, Алина...— Оскорбилась.",4,271,11377.0,Афанасов_hse
12948,"В учебнике пришлось писать ""отдельные экономисты считают"". Отдельные экономисты - это я.",3,351,10079.0,Кутепова_hse
12946,"Феминизм - это за равенство в правах, а не ""Вы мужчины и должны знать своё место у параши"" (с) Н.В.П.",1,300,11139.0,Печерская_hse
12902,"Философия воспринимается студентами как: ""Ой философия, ну можно пойти пива попить""",0,252,11052.0,Скоробогатов_hse
12894,"Так, давайте сейчас ещё немного позанимаемся, а потом ещё поржём.",1,213,9647.0,Жуков_hse
12890,"- А автоматы будут?- Автоматы будут у тех, кто не сдаст экзамен.",1,342,9991.0,Ким_hse
12846,"""Не выбрасывайте эти конспекты. Сначала сдаем экзамен, потом макулатуру""",1,254,8741.0,Волконская_hse
12844,"*музыка с последних рядов*Препод: Там сидит компания со сложной внутренней жизнью. Не то, чтобы мне это не нравится, я просто завидую.. и вообще присоединился бы.",2,250,8716.0,Григорьев
12821,"Учебный план - не Коран, в него можно вносить изменения.",2,329,9284.0,Архипов_HSE
12795,"АЕ: А вот это вы откуда взяли? Про то, что ""пресуппозиция = интерпретанты""? Я бы так не сказал...В: Вообще-то это из вашей книги. АЕ:А, да? Хмм... Ну ладно. ",2,251,8157.0,Бочкарев_hse
12789,"Тяжело в учении, легко в гробу!",11,288,9997.0,Немзер_hse
12747,"Is this function divergent or convergent? This question is obviously not from multiple choice part, by the way. I have to give you four options there. They would possibly be: a) Convergent; b) Divergent; c) I don't know; d) Go to hell. What is your favourite answer? Oh... Don't tell, please. I know. ",2,219,10105.0,Ахметшин_hse
12740,"""Я поставила ему 10, у него отличная работа... я вчера так смеялась, пока ее читала""  ",1,294,9519.0,Бабкова_hse
12728,Сложно - это нормально. Очень сложно - это нормально. Слишком сложно - это тоже нормально. Запредельно сложно - это ваш весенний экзамен. ,10,513,15428.0,Лукьянченко_hse
12700,"–Елена Аркадьевна, а кто будет проверять наши работы? –Родькин –А Вы можете как-то повлиять на результат? –Извините, он женат ",7,643,9577.0,реклама_со
12685,— А что вас так мало? Где остальные?— Курят.— Курят? Ну пусть они умрут.,1,280,8708.0,Алюшин_HSE
12631,"Английский английским, но в аду с вами никто на английском разговаривать не будет. Учите латынь. ",13,429,11717.0,Горбатов_hse
12589,"Почитайте учебник Матвеевой, она там прикольные вещи пишет",8,209,8999.0,Матвеева_hse
12570,"Никаких энергетиков перед контрольной не пить, ни в коем случае, это вредно, только водку!",9,364,10669.0,Матвеева_hse
12495,"Знаете десять заповедей? Так вот была и одиннадцатая. Бог передал ее Моисею и сказал сообщить только лингвистам. Звучит так: ""При переводе древних текстов начинать нужно с личной формы глагола"". ",11,259,8030.0,Альбрехт_hse
12430,"До конца третьей пары ещё 20 минут. Диалог студентов и преподавателя:П: на сегодня мы заканчиваем...С: Урааа!П:...с кейнсианской моделью и переходим...С: уууууу(П: ладно, ладно, до свидания)",0,240,6958.0,Прохорова_HSE
12389,Все девушки на моих лекциях принадлежат только 1 мужчине - мне!,3,284,8590.0,Громов_hse
12312,"Вы думаете, если родители отправляют вас куда-нибудь далеко учиться, это они о вашем будущем заботятся? Нет, они заботятся о своем настоящем. ",0,224,7578.0,аулова_hse
12219,"*Взмахивает конфискованной ручкой, похожей на волшебную палочку*- Вжух, and you are expelled",2,221,7595.0,Кочевцева_hse
12198,"Это уже шутки не за 300, а за 99, прям шуточный fix price...",2,210,7779.0,ИЯиМКК
12167,"Вышку надо терпеть, других вариантов нет",11,279,8887.0,Кузнецова_HSE
12068,"Онтология изучает вопросы причинности существования. Например, почему единорогов не существует, а единоросы существуют.",5,232,7504.0,Долгоруков_hse
12048,"Это древо нашей судебной системы. Ну что вы смеетесь, я сам рисовал. Какая система, такое и древо",0,210,6642.0,Михайлов_hse
12033,"Ученик: *сдавая работу* До свидания.Скриба: Стоять! А дописать вы не хотите, например?У: Что, например?С: 14 граничащих с Китаем стран, например. У: Пусть этим китаисты занимаются. С: А вы кто? У: А я не китаисты. С: Но кто вы? У: Я - никто. ",8,220,6709.0,Скриба_hse
11987,Сейчас я вам расскажу один пример и вы начнёте понимать мемы в интернете,1,235,6625.0,Левин_HSE
11964,"Есть поговорка такая: ""Life is a piece of shit, shit is a piece of life"".",0,265,,Неверов_HSE
11956,У каждого из вас есть способности. Не у каждого к математике. ,7,495,,Бурмистрова_HSE
11924,Зис ис радикьюлус ,36,1639,,РиСО
11914,"Давайте играть честно. Если знаний нет, то контрольная превращается в честное соревнование вашей ловкости и моей наблюдательности. (С) М.С. Гамалей ",15,610,,Гамалей_hse
11908,"Я потерял очень важную вещь. Она такая чёрная, длинная и резиновая... А, вот же она, моя флешка.",1,216,,Дежурко_hse
11881,"Откуда мы знаем, что будет на экзамене? Мы сами еще не придумали",6,256,,Зубарева_hse
11876,"Я вот считаю, например, себя красоткой, а общество видит во мне преподавателя.",7,332,,Симонова_hse
11846,"Стефанович: Как назывались в древней Руси свободные люди?(Один из студентов): смерды?(Другой): свободные смерды, что?)))Стефанович: свободные смерды - это вы. А свободные люди так и назывались: люди",7,366,,Стефанович_hse
11842,"-Самые стойкие пришли! К первой паре... в понедельник...-Сегодня пятница-Пятница, да? ",2,385,,Марей_HSE
11841,Левшиц: Кандидаты наук имеют право на 20 метров земли Студент: В квартире или на городском кладбище?,0,226,,Левшиц_HSE
11836,"""Играет за окном детская музыка""Студент: сейчас бы вальс ШостаковичаЖуков: кстати, этот вальс чаще всего играет в самых пошлых сценах фильмов. Вот что в нимфоманке, что в...Студентка: Что вы смотрите?Жуков: Ооу, вы даже не представляете, что я смотрю 😏 ",5,219,,Жуков_HSE
11796,"(смотрит на окурок, валяющийся на полу аудитории и двигает его носком ботинка) Декаданс какой-то.",3,250,,Матвеев_hse
11713,"Диалог преподавателя и студентов:- (П) я не понял, чего вы такие возбужденные-то??- (С) да мы просто из столовой только что- (П) а там что, наливают что ли?",1,257,,Левшиц_hse
11683,"Я знаю, что уже говорил. Просто память студентов работает примерно... Вот представьте дуршлаг.",4,319,,Велижев_hse
11643,"Пашкевич: Если Даша тратит 8000 руб/мес на косметику, какая она?Студент 1: Красивая?Студент 2: Богатая!Пашкевич: Ненормальная! Она выброс!",6,288,,Пашкевич_hse
11641,"*говоря о забастовках рабочих в Италии*Я возмущалась, спрашивала у своего научного руководителя: ""Почему они бастуют? Они ведь так хорошо живут!"", - на что она мне отвечала: ""Они потому хорошо и живут, что бастуют. Они отстаивают свои права"".",3,238,,Срединская_hse
11611,"Ну что такое лишение свободы на 3 года, начальная школа и то больше.",7,285,,уголовноеправо
11582,"Спирин: Вот представьте: вор хочет украсть деньги. Вырывает сумочку, а там белый порошок, пистолет и полоний. Что скажете?Студент: повезло",1,256,,Спирин_hse
11574,"Ходил я недавно на ЧГК, решили назвать нашу команду ""околофилософы"", в итоге кто-то прочитал это как ""ололо философы"". Решили не переименовываться. ",4,284,,Мартынов_hse
11478,"Керов: И еще один анекдот. В Советском Союзе интеллигенция шутила: ""Мы в нашей стране как в трамвае - половина сидят, половина трясутся.""",3,208,,Керов_hse
11398,Сессия сильнее смерти! ,5,240,,Большухин_hse
11397,Вы в суде еще на конституцию сошлитесь,2,215,,Спирин_hse
11353,"Любовь не может быть несчастливой, зато безответной - может. Вот, например, вы любите философию, а она вас - нет.",7,222,,Порус_hse
11294,"- Мальчики, замолкли. Весенний призыв - ваш. Девочки, харош трындеть. Макдональдс ждёт вас. ",2,209,,Салимова_hse
11260,"Человеку, который читает, не нужны ни лсд, ни героин. Он может только на ночь выпить кефира, и его попрет.",5,213,,Гусейнов_hse
11165,"Вы там что, в айпад играете? А то у вас руки под партой. А руки под партой могут означать две вещи, и я не знаю, какая из них хуже.",0,221,,малютин_hse
11157,"Малютин: под закон об экстремизме можно подвести вообще все. Даже то, что мы сейчас с вами говорим. Вот то, что законотворчество - производственный процесс - это подрыв авторитета власти. Сейчас зайдут сюда и привлекут меня.Студент: и меня тоже привлекут? Я же это сказал.Малютин: вас в первую очередь. Я-то юрист, я отмажусь. А вы нет.",1,248,,малютин_hse
11127,"Очень полезно учить стихи - у вас будет противоядие от того говна, которое вас окружает.",6,242,,Гусейнов_hse
11097,Преподаватель- Поняли?Студенты- НетПреподаватель- Чё такие тупые то?Студенты- Зачем вы так грубо?Преподаватель- Я не хотел никого обидетьСтудент- Скажите это суду,0,251,,Самовол_Hse
11048,"- Но ни в коем случае не читайте ""Терезу-философа"", по сравнению с этим произведением сам Маркиз де Сад - это просто цветочки./Некоторые начали гуглить ""Терезу-философа""/- Ой, а что вы это там делаете?- Читаем про Терезу-философа...- Ну я же просил вас не смотреть! Я же говорил, что это нельзя читать! И ещё НИ В КОЕМ СЛУЧАЕ не читайте... /перечисляет разные эротические романы/. И вообще, я вам вышлю список того, что вам не надо читать. И на экзамене я спрошу из этого списка то, что вы ни в коем случае не должны знать.",10,290,,Голубков_hse
11000,"- To make a conclusion, average... Чё?-Вот и я обычно так же ваши работы проверяю.",1,211,,Мироненко_hse
10927,"/студент отвечает/: the majority of slaves on Haiti../Скриба/: мажорити - это то, что у нас на задних рядах сидит",10,213,,Скриба_hse
10837,"Есть у меня один недостаток: не могу не реагировать на шум в классе. Вот повернулся ты затылком ко мне, а лицом к этой даме и охмуряешь её. Но пока я веду лекцию, все девочки мои! Я их охмуряю! ",7,315,,Самовол_hse
10772,"""Извините, пропустил знак. Уже три недели не дифференцировал""",2,228,,Громов_hse
10756,Я вас обожаю. Хоть каждый день могу самоутверждаться за вас счёт. Вы настоящие друзья ,4,259,,Самовол_hse
10732,"Китайский язык это такая желешка. Я тыкаю в неё, она такая булюлю.",9,383,,Аулова_hse
10724,"Студент: Я ещё хочу ссылаться на Канта...Почекаев: А вам есть 18 лет?Студент: Ну да, а что?Почекаев: Да просто Канта без коньяка сложно понять",5,310,,Почекаев_HSE
10603,"""Представьте, что у вас мама и папа экзистенциалисты. Вот они ходят круглыми сутками по кухне, принимают трагические позы и такие: ""Ооо, как я отчаян, как тяжело мне экзистировать в этой пустоте"". И у вас с самого младенчества такой ДИКИЙ ФЕЙСПАЛЬМ, вы только и думаете: ""БОЖЕ, ПОЖАЛУЙСТА, уберите уже это куда-нибудь"". И вот так все во Франции на экзистенциалистов плевались. Да, все так и было.""",6,280,,Мартынов_HSE
10534,"Я бреюсь 2 раза в день: вечером для жены, утром для вас! © Подполковник ",1,221,,Бахуревич_HSE
10516,"Как вы видите, график синуса икс колеблется, как неопределившаяся женщина.",4,211,,Самовол_hse
10514,"Студентка: "" Объясните, пожалуйста, ещё раз""Логвенков: "" Да тут все просто! Даже добавить нечего!""Студент:"" Ей просто нравится ваш голос""Логвенков:"" ну, зачем же так при всех...""",16,353,,Логвенков_HSE
10412,"Сколько нужно человек, чтобы подключить компьютер к проектору?-два студента медиакома и один философ, который не будет мешать",3,209,,Павлов_hse
10372,"-Что будем делать, чтобы измерить кошку?-Надо разделить ее на части!-Кошка должна быть целой, иначе она сдохнет. Сразу видно, что у вас нет кота.""",4,280,,Порус_hse
10355,"мы часто встречаемся в жизни с такими проблемами, как серьезные болезни, рак, выхино...",2,249,,Павлов_hse
10346,"Уголовное право/Лекция/Есаков:- Когда вы поступали в универ, поначалу вы были группой лиц без предварительного сговора;- Прошла неделя, вы стали группой лиц с предварительным сговором;- После создания группового e-mail(a), вы стали организованной группой;- к четвертому курсу вы станете преступным сообществом! ",6,262,,Law
10259,"Если бы вы не были студентом, я бы сказала ""Бля"".",4,367,,Дунце_hse
10251,"""Есть у меня одна история, не знаю, допустимо ли это вообще в аудитории. Я помню, что первый год начал работать и я преподавал международное право, читал я его в СПбГУ. Вполне себе огромная аудитория, и я типа спешу-спешу, у меня мало времени, тороплюсь, у меня остается что-то буквально 10 минут, куча материала. Вот я пишу-пишу-пишу на доске, и такой голос в аудитории, ну какая-то девушка: «Лю-ю-юсь, интересно: а он все так быстро делает?». Я тогда так и остановился… не нашелся, что ответить. Я сказал, что надо немножечко потерпеть еще, мол, сейчас мы быстро закончим… С тех пор я объясняю все очень медленно, дабы не скомпрометировать себя"".",6,378,,Таланов_hse
10232,Неужто ни у кого нет спирта? Вы ходите на занятия по логике без спирта? ,1,272,,Максудова_HSE
10221,"*окно, четыре студента-журналиста громко разговаривают в коридоре* студент: мы обсуждали какую-то х**ню!..*из ближайшей аудитории выходит преподаватель* препод: я, конечно, понимаю, что вы здесь обсуждаете х**ню, но нам слышно каждое слово, не могли бы вы ее обсуждать в другом месте?",5,341,,СтараяБасманная
10016,"- Здравствуйте, Даниил Александрович, это стратоста СКБ151, Вы где? - В плане ? - У нас сейчас семинар по физике. Прошло 15 минут, а Вас нет.- О, чеееерт !!!",0,263,,Бограчев_HSE
10002,"-Вы когда-нибудь читали плохие тексты? Свои, например?",4,206,,Галямина_hse
9979,"Знаете, я, наверное, прекращу лекцию. Что-то слишком сложно, пойду выпью",11,334,,Бограчев_HSE
9935,"Сегодня мы будем говорить о развалинах. Но не старых развалинах, которые ведут у вас пары, а об античных ",0,236,,Самохвалова_HSE
9804,"""Еще пять минут размышляем, потом я навязываю вам свою волю""",6,240,,Тонков_hse
9762,"Знаете, я , к счастью, уже давно не хожу в большие книжные магазины. Философия на полках обычно зажата между эзотерикой, мистикой и книгами по саморазвитию. Отлично, Ницше - это что-то среднее между ""как открыть в себе третий глаз"" и ""как стать лидером"".",7,276,,Мартынов_hse
9678,"Слово не воробей,вылетит-привлекут",7,236,,Мазаев_hse
9453,"Откуда я такой дебильный пример взяла? А, наверное из вашей контрольной. Ё-моё... ",2,220,,Салимова_hse
9400,"Что я мог успеть за 20 часов криминологии? Только если так: ребята, это криминология. Криминология, это ребята.",2,211,,Клейменов_hse
9377,"У меня плохая память на даты и имена, поэтому я стал учителем истории.",2,208,,Миронов_hse
9023,"(девушка молча выходит из аудитории во время лекции)- А куда?- Не знаем.- Ну, она вернётся?- Да.- Хорошо.(возвращается)- Здрасьте, а где вы были? А, просто выходили. Ну, ладно. Проходите.- А нельзя было? - Да нет, сколько угодно. Просто светский диалог, вам должно быть приятно...",3,230,,Павлов_hse
8947,"Хороших людей в конце года ждет Дед Мороз, а плохих-дэдлайн",11,261,,Виноградов_hse
8844,"""Гуууррр, гууурррр, гуууррр""",5,243,,голубь_в_актовом_зале_на_басманной_hse
8739,"Рассказываю я про птицеводство в Италии. И тут одна студентка спрашивает:- А что такое птицеводство?Я сначала подумал, что она шутит, и спросил:-А Вы знаете каких-нибудь домашних птиц?Ст.:- Попугайчиков знаю.Я:-Нет, которых кушать хотя бы можно.И тут мы с ней начинаем вспоминать кур, уток, гусей... Вроде, разобрались. Хотел с опаской перейти к свиноводству, но тут поднимает руку ее не менее интеллектуальная соседка и спрашивает:- А петухи?Уже просвещенная мною студентка посмотрела на нее с ТАКИМ презрением и громко выдала:- Дура! Петухи входят в кур!",7,258,,Ковалев_hse
8708,Театры кабуки процветали и всегда было множество желающих познакомиться с миловидными актрисами поближе. Для избежания падения нравов в театры разрешили набирать только миловидных мальчиков. Нравы упали ещё ниже.,14,291,,Штейнер_hse
8583,"Когда будете писать курсовые, к введению вы приступите в самую последнюю очередь... Чтобы объяснить себе и другим, как вы дошли до такой жизни",3,237,,Акельев_hse
8458,- У занятий философией бывают неприятные последствия... - Алкоголизм? - Много неприятных последствий... ,4,210,,Астахов_HSE
8362,"(на примере 50 оттенков серого.)Давайте договоримся, что у нас тоже будет стоп-слово. Когда вы будете задавать мне много вопросов и это будет отнимать время от лекции, я буду говорить ""красный"". Ладно? ",6,281,,Павлов_hse
8361,"Философам я тоже говорю, что вы молодцы, что вы занимаетесь философией. Они просто уже сделали свой выбор, смирились с тем, что они будут жить с мамой. Философу деньги не нужны. У него есть мама.",2,258,,Павлов_hse
8346,"— Был у меня один студент, который не учился, зачёты не сдавал и всё такое. Не то чтобы меня это как-то волновало, но было просто интересно, что да как. И однажды я у него спросил, почему он не учится? А он отвечает: ""Да понимаете, все эти предметы и зачёты существуют только в моём сознании. На самом деле ничего это нет и не было. Я, понимаете, соплицист!"". А зима тогда холодная была, все мы были соплицистами, да... Вот теперь боюсь говорить ""солипсисты"", все время кажется, что перепутаю...",12,353,,Мартынов_HSE
8303,"Человек смертен, у него течет кровь и он пропускает дедлайны.",9,272,,Астахов_HSE
8274,"Сильно опоздавшая девушка пытается тихо и незаметно войти в аудиторию.Павлов: Здравствуйте! Какие новости?Девушка (полушепотом): Пробки на Можайском шоссе...П: Друзья, пробки на Можайском шоссе!",14,430,,Павлов_hse
8270,"Я тоже говорю философам, что они молодцы, что выбрали свою профессию. Они сделали это осознанно, определились. Они знают, что будут жить с мамой.",4,276,,Павлов_hse
8168,"-О, здесь зеркало есть!-Оно вам не поможет...",1,247,,людиделающиепропуска_hse
8083,"Знаете старый анекдот про строительство заборов в России? Сначала пишут 3 буквы, а потом прибивают к ним доски. Так вот в Вышке так же, только буквы другие (берёт фломастер и пишет на доске): LMS.",3,310,,Марей_hse
8052,"Вот сейчас я точно буду орать, потому что мы переходим к Конституции",5,278,,Краснов_hse
8047,"Зря я эту пару провожу, надо было пойти домой и пьянствовать",4,233,,востоковедение
8044,"А потом Платона продали в рабство. И вот он такой в рабстве сидит, а тут опа и идут его ученики:""О, смотри, Платон. Давай купим?"" ",3,311,,Павлов_hse
8037,"Существует мнение, что интеллектуалы — это те, кто знает более интересное занятие, чем секс. ",8,321,,Мартынов_hse
8006,"""Когда ты смотришь Гарри Поттера и видишь молодёжь, махающую дубьём и орущую на испорченной латыни - это довольно забавно, но это не магия""",2,212,,Марей_hse
7895,Высшее образование было не очень удачной идеей. ,6,290,,МО
7835,"столовка на Трехсвяте, студент роняет вилку на пол и тихонько ругается на японскомЛукин, оборачиваясь:-Батенька, а вы, часом, не анимешник?",1,277,,Лукин_hse
7818,"""Автоматов нет, но вы держитесь, хорошего настроения, здоровья...""",15,561,,Горбунова_hse
7793,"""Спасибо за Ваше мнение. Мы обязательно передадим Вашу просьбу английской грамматике.""",3,225,,Кочевцева_hse
7731,"Вышка - абсолютно свободный университет! Вон, я в кедах вражеской страны хожу, и до сих пор не уволена",1,268,,Кречетова_hse
7723,"Идет пара. В аудиторию заходит опоздавшая девушка по имени Любовь, а свободных мест уже нет.С.Г.Пишина: ""Вот так и в жизни, приходит любовь, а приткнуть ее некуда""  ",11,482,,Пишина_hse
7720,"Мы, когда были студентами, часто ныряли в глубь знаний, чтобы стипендии не лишиться, а вы ныряете в эту глубину, чтобы из Вышки не вылететь",4,299,,Щукина_hse
7683,"Товарищи, вы будете смеяться, но в некоторых странах государство заботится о благосостоянии населения.",6,361,,Корнейчук_hse
7667,"Никогда не делайте то, что можно сделать завтра, ведь возможно завтра это уже не придется делать. ",6,222,,Мельничук_hse
7565,Ох уж эти добрые преподаватели)),10,460,,hse
7537,"""По-идее, в каждом вопросе один правильный вариант ответа, но так как это контрольная по философии…""",5,230,,Чепурин_hse
7348,"""Будет обидно, если я ошибся в этой формуле, потому что я включил ее уже во все свои учебники.""",6,400,,Корнейчук_hse
7108,"Никогда не говори никому ""Отвали"", вместо этого говори ""Мы с вами работаем в разных парадигмах"".",12,336,,Кожанов_hse
7083,"""Дописывайте, ставьте точку... В своей юридической карьере"" (во время контрольной работы)",19,235,,Лошкарёва_hse
7024,"-Вы слайд переключили! -Да какая разница, вы все равно ничего не знаете!",2,225,,Матвеева_hse
7012,"-What do you want? Money? Our souls?-Mind your pronunciation. It just sounded like ""assholes"". Which is not a very good bribe.",6,252,,Dannett_hse
6943,- Почему вы меня боитесь? Пока что я нормальный парень. Я психопатизируюсь к летней сессии.,10,229,,Скворцов_hse
6695,"Господи, на что я трачу свою жизнь...",10,254,,Скворцов_hse
6642,"Я не понимаю, как Вышка собирается воспитать мировую элиту, если вина не наливают даже на последней паре.",38,737,,Кречетова_hse
6432,"""Читаю ВКР: ""Если 2 человекака испытывают боль..."" думаю про себя: ""Пусть испытывают, не жалко. Ясно же, что хорошего человека человекакой не назовут"".",7,351,,Горбатов_hse
6430,"Не очень понимаю эту систему с округлением оценок. В моей практике пол-литра никогда не округлялось до литра.(Экзамен, Политические партии, Политология 3-ий курс)",7,466,,Каспэ_hse
6421,"Император сделал то, что хочет сделать каждый, когда сталкивается с учебной частью: сел на корабль и вышел в море.(М.С.Целуйко, история Китая, востоковедение, первый курс)",21,469,,Целуйко_hse
6417,"Я официально заявляю, что эта задача сильнее меня...(Кустарёв, ФКН, матан)",2,246,,Кустарев_hse
6400,"На самом деле, между Богом и правильным тысячеугольником намного больше общего, чем кажется на первый взгляд.(Чернавин, Философия, БИ)",6,247,,Чернавин_hse
6397,"- Где студент ххх?- Он курить ушел- Вот этого не посоветую ,я свой выбор сделал - алкоголь!(Мельник Д.В, Соцфак, 1 курс, Истэк)",3,403,,Мельник_hse
6376,"Преподаватель несколько секунд глядит на пенал студента, дальше вопрос:-А чай можно хранить в этой штуке?(М.И. Лившиц, МИЭМ)",3,353,,Лившиц_hse
6363,"Я люблю фотографировать вас на контрольных — у вас лица лучше становятся.(ФКН, ПМИ, диффуры)",3,255,,Гордин_hse
6359,"Я не сказал это вслух, но, может быть, вы поняли.(Виленчик С.Л., 1 курс, ФКМД, экономика)",4,302,,Виленчик_hse
6346,"""Есть много мест, где можно хорошо проводить время в вашем возрасте, но это не стены ВШЭ""(Куркин А.А., эконом, 1 курс, Нижний Новгород, 2014 )",18,526,,Куркин_hse
6333,"Поточная лекция по математической статистике, пришло только 7 человек, лектор вздохнул и говорит:""Эх вы, разносчики знаний для всего потока...."" (Мхитарян В. С., 2 курс, статистика)",4,285,,Мхитарян_hse
6330,"...Чаадаеву с детства вдалбливали: читай Плутарха, читай Вергилия, а если он не читал, то его били. И правильно делали, потому что если детей не бить, они обленятся. Это вам мои педагогические ""50 оттенков серого""",18,458,,Ермолов_hse
6318,"В жизни математика есть три опоры - алгебра, геометрия и интуиция. (Никитин А.А., ФКН пми матан, 2 курс)",5,304,,Никитин_hse
6309,"Жизнь - борьба. До обеда - с голодом, после обеда - со сном. ",18,504,,Орлов_hse
6305,Любишь кататься - люби и катайся. ,11,358,,Орлов_hse
6300,"Громов Е.М. студенту на пересдаче по математическому анализу:""Это твоя первая пересдача? Да ты у нас девственник?!""  (НИУ ВШЭ НФ, менеджмент, 2 курс)",10,298,,Громов_hse
6296,"- Ну в общем здесь так, тут так, ну а здесь вы сами видите. Все: - Да! Конечно! - Видимо, я тут один, кто ничего не понимает.(Д.Н Тверской, ФКН, линал)",0,216,,Тверской_hse
6268,"Учите теорию, а то у вас во всех работах доказательства на уровне ""Вах, мамой клянусь!"" (Матан, ЭкФак СПб, Алексеева Т. А.)",39,995,,Алексеева_hse
6254,"Хм, есть ли там запасы.. *Открывает дверцу шкафчика на кафедре*.. а, мелки. Но это не очень хорошие мелки — на них написано ""Мелки школьные"", а на упаковке от моего мела было написано ""Мелки детские"", что, несомненно, лучше. (А. Б. Шаповал, ФКН, матан)",1,254,,Шаповал_hse
6250,"Извините, что опоздал сегодня больше обычного(Пионт, Линал, 1 курс ФКН)",3,423,,Пионт_hse
6244,"-А как насчет привязать вас к стулу, пока вы не решите все?*Студент* -А меня кормить надо-А я вам капельницу с глюкозой поставлю(Кустарев, ФКН, матан)",3,265,,Кустарев_hse
6237,"Основным бомжевателем того времени был Конфуций.(Целуйко, 1 курс востоковедения, история Китая)",10,208,,Целуйко_hse
6204,"""Допустим, я даю вам таблетку... Так, только это не цитировать!""(Р.Н.Акифьева, психология, 1 курс, социология, Спб)",3,273,,Акифьева_hse
6177,"*Идёт экзамен. Студент отвечает невпопад* - Вы вообще как готовились к экзамену? Какие источники?- Ну, разные, от сайта истфака МГУ.. - Истфака МГУ? А почему не Тимирязевской сельхоз академии? (Ефремова, экзамен по ИГПР, право)",9,462,,Ефремова_hse
6176,"""Как видите, в майнор мы набирали самых молодых преподавателей. Я тут вообще самый старый. На оставшиеся профессорские места, наверное, будем искать школьников"" (СПб, презентация майноров у политфака и гму) ",4,251,,Стародубцев_hse
6173,"В древнерусском языке нет таких тонкостей как в английском, когда пишется Манчестер, а читается Ливерпуль.(Данилевский, истфак)",3,214,,Данилевский_hse
6160,"Люди в суде себя ведут совершенно иначе... Даже пьяненький придет, но всегда с трепетом передо мной: ""Ваша честь..."" *писклявеньким голосом*И я всегда говорю: ""Я Вас очень уважаю, я Вас очень уважаю, пожалуйста, встаньте за кафедру...огнедышащий господин.""(Пашин С.А., 3 курс, уголовный процесс)",5,244,,Пашин_hse
6136,"""Ну вот смотрите, если я сейчас залезу на стол и станцую, это совсем не означает, что я склонна к эксцентричным поступкам, возможно, я просто что-то приняла...""(Акифьева, психология, 1 курс соц.фак)",7,360,,Акифьева_hse
6131,"- А зачем нам здесь косинусы?- Как зачем?! Утром проснулся, косинус туда, косинус сюда, вот и Пришел на Кантемировскую!(Т.А. Алексеева, 1 курс, матан, ВШЭ СПб)",6,229,,Алексеева_hse
6122,"Что такое должностное лицо? Ну у меня как, должностное? (придает своему лицу важный вид)(Шаповалов И.А. , 1 курс, право, тгп)",1,211,,Шаповалов_hse
6120,"- Максим Сергеевич, а эти наши работы для экзамена сколько будут весить?- Ну, грамм 500.(Целуйко, востоковедение)",11,310,,Целуйко_hse
6114,"- Владимир Александрович, что такое бифуркация?- Это резкое изменение системы при малом изменении параметра. Ну вот добавили вы в пищу немного полония, совсем чуть-чуть!(Гордин В.А., дифференциальные уравнения, ПМИ ФКН)",15,360,,Гордин_hse
6106,"""Рассмотрим квадратное уравнение... как люди, которые учились в шестом классе, мы друг друга поймем""",1,301,,Гордин_hse
6092,"""Ребят, вы дно.""(Новиков Д.В. философия у юристов, 1 курс)",14,549,,Новиков_hse
6086,"Кому нет 18 лет - можете закрыть уши, хотя на Уголовном кодексе нет значка ""18+""(А.В. Сердюков . Право у политологов)",5,280,,Сердюков_hse
6076,"(П - препод, С - студенты)П: Сократу возражают его... Эти, как их там...С: Ученики?П: Да, гомосеки эти.(Кирсберг, философия, БИ)",4,209,,Кирсберг_hse
6075,"""Я не хочу портить ответом ваш замечательный вопрос""(Владимир Александрович Гордин, ПМИ, 2 курс, диффуры)",3,288,,Гордин_hse
6065,"- Постройте этот график!- Андрей Николаевич, его даже Вольфрам не построит... (тихий голос с первой парты)- Вот видите: мы круче Вольфрама! - (Субочев)",5,245,,Субочев_hse
6052,"Говоря о становлении Руси: ""Нормальные пацаны пришли и им начали отстегивать.""( Р.Ю. Почекаев. 1 курс юрфак.)",1,253,,Почекаев_hse
6050,"*уснул как-то я на на лекции (на первой парте), просыпаюсь и ловлю взгляд Александра Евгеньевича*-Доброе утро. Что, бессонная ночь с мадмуазель и преферансом?(Лепский Александр Евгеньевич, ПМИ, матан)",5,312,,Лепский_hse
6037,"-Извините, а в чем заключалась теорема, которую мы доказали?-Начнем с начала... Меня зовут Владимир Александрович.(Владимир Александрович Гордин, ПМИ, 2 курс, диффуры)",5,424,,Гордин_hse
6034,"Если произойдет конфуз и с меня свалятся штаны, то вы рассмеетесь, хотя смеяться не должны, а должны восхищаться моими прокаченными ногами.(Губин, 2 курс медиаком)",3,229,,Губин_hse
6024,"Студент: Родион Юрьевич, Вы не знаете, отдыхаем ли мы седьмого числа? Р. Ю.: Не знаю. А что там? *пауза* Ааа, там эти... Хромосомные праздники. (Белькович Р.Ю., 1 курс, ИППУ, факультет права) ",15,430,,Белькович_hse
6020,"Мы еще не начали говорить о ведьмах, а я уже знаю, кого первого мы сожжём.(Д.М.Тимохин, социальная история, соцфак, 1 курс)",5,208,,Тимохин_hse
6013,"Единственная уважительная причина для отсутствия на паре - это смерть. Староста, отметьте мертвых. ",27,761,,Тютин_hse
6010,"Все работодатели знают, что хорошие студенты успевают и учиться, и работать, а плохие солд…студенты - нет.(И.А. Ким, экономика, Лицей НИУ ВШЭ)",5,263,,Ким_hse
6000,"На суде подсудимый забылся, начал говорить на ""фене"" (уголовный жаргон), я ему замечание, а он продолжает. Ну тогда я тоже на ""фене"" стал говорить, у него и челюсть отвисла. Объяснил ему, что он баклан немытый, а я патриарх. Господи, чем я занимался...(С.А. Пашин, право)",20,698,,Пашин_hse
5971,"""А теперь рисуем бюджетное ограничение и начинаем его труба шатал"" (Автономов Ю.В., микроэкономика, экономика 1 курс)",8,208,,Автономов_hse
5958,"Р.Ю. - Собственно, чем я хочу заниматься? Грабить, насиловать, убивать...*заходят люди*Р.Ю. - Сомневаюсь, что вновь пришедшие поняли о чем идет речь...Голос из зала - Поэтому вы стали преподавателем?Р.Ю. - Пуиииии... Это то, что меня сдерживает! (Белькович Р.Ю., 1 курс, ИППУ, факультет права)",16,281,,Белькович_hse
5957,"- Здорово! - Здорово! *наблюдающий за этим преподаватель* - А поцеловаться? Слабо? - Слабо. - А за баллы? (Кухарев. ОСГ, 1 курс юрфака)",1,238,,Кухарев_hse
5949,,5,362,,Оффтоп_hse
5942,"""Японцы хоронили мертвецов в раковинных кучах, куда также выбрасывался мусор. Такое захоронение мне кажется странным обычаем. - Куда собрался?- По делам.- Вынеси, пожалуйста, на помойку дедушку.""(Никита Александрович Вуль. Востоковедение. 1 курс.)",6,247,,Вуль_hse
5913,"*Выводит формулу с пятью параметрами, дробями и степенями.*- А сейчас я расскажу вам, как познакомился со своей женой. Кто нибудь скажет, чему равняется эта сумма? - 0! 1! - Нет. Моя жена - единственная студентка за всё время существования НИУВШЭ, которая сходу сказала, чему это равно. (Арефьев,эконом)",12,534,,Арефьев_hse
5905,"Умение закрывать рот - секрет счастливой семейной жизни и идеальной фигуры.(2курс ,менеджмент. И.Ю. Букина)",20,467,,Букина_hse
5899,"Если я напишу, допустим, что утром я съел кашу и запил ее чаем, то вряд ли кому-то в будущем это будет интересно. А вот если я напишу, что я съел живого осьминога и запил его кровью девственницы, то это сохранят, а ещё скажут, что в 2015 году жили очень странные люди.(Р. Ю. Белькович, право, история политических и правовых учений, 1 курс)",11,270,,Белькович_hse
5884,"""Любовь проходит, а экономические отношения остаются."" (Р. Савчук, семинар по экономике, медиаком, 1 курс)",14,330,,Савчук_hse
5856,"Не делайте умное лицо, вы же будущие офицеры.(Чумаченко. Военная кафедра, Н. Новгород)",5,209,,Чумаченко_hse
5836,"«Женщина — тот ноль, что делает единицу (мужчину) десяткой».(Мадера А.Г., менеджмент, 2 курс)",8,324,,Мадера_hse
5830,"Б: Вот что вы по финансам читаете?Студент: Берзона, например.Б: Ну, это классика...(Берзон Н.И., эконом, 3 курс)",4,319,,Берзон_hse
5822,*про цветной маркер*Голубым с последней парты не видно? ,2,289,,Канторович_hse
5815,"Семинар, идет контрольная. Внезапно С.И. встает выключает свет в аудитории, а потом сразу же включает. Повисает немой вопрос.С.И. - Ничего, пишите-пишите, теперь светло и свет телефонов на ваших мордашках не отражается!",6,499,,Абылкаликов_hse
5794,"А что сегодня всего 60 человек?....никто меня не любит...(Сироткин А.В., Теория вероятности и математическая статистика, 1 курс социология)",3,224,,Сироткин_hse
5780,"Юрист-это диагноз, экономисты-это секта. (Кузнецов Д.Л. Право)",19,478,,Кузнецов_hse
5778,"- я считаю, что есть вещи хуже, чем смерть.- Например? Гражданское право? Путешествие на электричке в Дубки? (Долгоруков, философия, 2 курс права)",8,332,,Долгоруков_hse
5751,"- У вас же у всех есть свободное время, не так ли? -нет -После 18:00? -нет -В субботу и воскресенье? -нет -я ухожу, вы рушите все мои теории (Кононенко Р. В. Социология, 1 курс, МЭиПМ)",5,370,,Кононенко_hse
5741,"Модератор не должен общаться с аудиторией на её же языке. Но он должен понимать этот язык. И не краснеть, если кто-то сказал ""Бл*!"". И не соглашаться в ответ: ""Ну конечно же! Бл*!""Левинсон А.Г. (социология, 4 курс)",4,211,,Левинсон_hse
5740,"Черняк: За время преподавания в МГУ я выучил дорогу в Кащенко, так как часто ходил к своим лучшим студенткам. В МИЭФ такого нет...Студентка: Просто мы лечимся в частных клиниках.(Черняк, 3 курс, МИЭФ, эконометрика)",11,327,,Черняк_hse
5738,"Нарисовав график на доске:- если стоять у доски и двигаться головой влево-вправо, то можно заметить, как по оси х бежит синяя полоска-...- не так много радостей у меня в работе, что бы этим пренебрегать ",8,496,,Фурманов_hse
5722,"На прошлой неделе мы выращивали марихуану, а на этой займемся проституцией. (Макушина Е. Ю. Финансовый учет и отчетность, 1 курс) ",5,321,,Макушина_hse
5708,"Уголовный кодекс- прайс лист. Цена устраивает, вперёд. У нас ничего не запрещено.(Иванова Е.В., право, менеджмент)",14,402,,Иванова_hse
5683,"– Людоедство, инцест и скотоложество мы уже обсудили, идем дальше.– Простите, можно выйти? – Что, вас уже тошнит? (В.В.Долгоруков, философия)",3,376,,Долгоруков_hse
5626,"Всякий раз, когда у нас в стране начинают говорить о ""самобытном пути"", значит в экономике страны наступила полная... (смех в аудитории) ...Да, она самая: денег нет, зарплат нет, продуктов нормальных нет...зато крымнаш (О.Л. Солодкова, 1 курс, востоковедение) ",18,327,,Солодкова_hse
5621,"*о григорианской реформе*Это единственный случай в истории, когда реформа, предложенная простым человеком, была принята без единого изменения. Именно поэтому она работает.(И.Н. Данилевский, 1 курс, истфак.)",3,212,,Данилевский_hse
5619,Я вашей старосте звоню как Владимиру Владимировичу Путину.Она тоже трубку не берет.(Аджави Х.А.; востоковедение),1,217,,Аджави_hse
5608,"Белькович:А что в Африке? Ааааа, в Африке горы вот такой высоты аааа, в Африке реки вот такой ширины Аааа, крокодилы, бегемоты Аааа, обезьяны, кашалоты Ааа и что? Аудитория: зеленый попугай! Белькович: И КРОВАВЫЙ ГЕНОЦИД! (Белькович Р. Ю. Право, ОКТ)",32,829,,Белькович_hse
5606,"Я не буду нагружать вас рефератом, ограничусь тестом в конце модуля. эй, я не слышу восторженных аплодисментов.( П.С. Стефанович , истфак, 1 курс) ",3,264,,Стефанович_hse
5603,"""Если прибыль у монополиста растет при повышении цены, то, говоря на вашем сленге, он красавчик"" (Юсупова Г.Ф. АОР, менеджмент 3 курс)",1,283,,Юсупова_hse
5600,"J-curve так же похожа на букву J, как Кейнсианский крест на крест.(Фридман А.А., МИЭФ, 3 курс)",13,230,,Фридман_hse
5597,"""Эта фраза уже есть в ""Цитатах преподов ХСЕ"", так что не нужно её постить туда во второй раз"". (Сердюков А.В. Медиаком, 1 курс, лекция по праву)",0,317,,Сердюков_hse
5591,"(Девушки заходят в аудиторию спустя 20 минут пары) П: - что вы там ищете? С: место П: все мы ищем место в этом Мире. Рядом со мной есть место и на коленках. Но мне будет неудобно. Не перед вами, а лично мне. (Белькович Р.Ю. Факультет права, 1 курс)",22,437,,Белькович_hse
5590,"Синус 41- это сколько? Вот все понимают, что такое 40 градусов, 40 градусов - это хорошо. А что такое 1 градус? 1 градус - это 40 раз разбавленная водка, гадость какая, да кто такую пьет? ( Самовол В.С., менеджмент 1 курс)",2,230,,Самовол_hse
5589,"Лекции - это не шоу. Это не телевизор. Это не Соловьев, Киселев и прочие шоумены. Стефановича нельзя выключить пультом, его нужно конспектировать. (П.С. Стефанович, факультет истории)",4,303,,Стефанович_hse
5583,"*Звонит телефон*-Нет. Не звоните мне больше.*Поворачивается к аудитории*-Бесплатный билет на дискотеку предлагали...(Ким, макра, менеджмент)",3,228,,Ким_hse
5571,"*берёт микрофон, путается в проводах, подходит к доске* -Я как рок-звезда. (К.А.Сосунов, макроэкономика, БИ 1 курс) ",5,382,,Сосунов_hse
5567,"Разве вы не заметили, что жизнь - это страдания? (Князева Е.Н., философия, менеджмент, 1 курс)",4,258,,Князева_hse
5561,"-Вы первый курс?- Да- Вы не первый курс, вы - ад(Р. Ю. Белькович, Право, история политических и правовых учений, 1 курс)",9,302,,Белькович_hse
5552,"- Ничего страшного, что вы москвич. К нам в университет таких тоже берут. (Виноградов, истфак, 1 курс)",6,309,,Виноградов_hse
5528,"Коллеги, вы рискуете не стать коллегами. (О.В. Будницкий, истфак)",8,433,,Будницкий_hse
5521,"Курсовая - это юбка, покрывающая колени, реферат - мини-юбка, доклад - мини-бикини. А вот доклад без ссылок, это, простите, порнография. (П.С. Стефанович, факультет истории)",33,716,,Стефанович_hse
5511,"Я думаю, что еще никогда не было так интересно изучать макроэкономику, как в этом году. (Ким, макра, менеджмент 2 курс)",9,249,,Ким_hse
5510,"Когда Владимир ввел контингент вежливых людей в Крым,кстати, все Владимиры любят вводить вежливых людей в Крым....(Почекаев, иогп, юрфак)",1,295,,Почекаев_hse
5502,"А ну прекратили бурление в аудитории!! Прекратили бурление! Да я в вас сейчас эспумизаном брошу!(Белькович Р.Ю., 1 курс, право)",9,393,,Белькович_hse
5461,"– Так, когда жил Гегель? – ммм... в Средние Века? – Господи… А в какой стране он жил? – В Греции? – Божешьтымой! Ну а как звали-то его? – Эм.. – Ну как?! Женя Гегель?!! Билл Гегель?!!! Может быть Арсен Гегель?!!! (В.В.Долгоруков, экзамен по философии)",18,457,,Долгоруков_hse
5458,"*Это стих, написанный Ильей Михайловичем Локшиным и опубликованный им сразу после экзамена у 1 курса политологов. Это шедевр! Очень просим опубликовать!* Получилось, может быть, немножечко злобно, но это нечаянно.Famous khaki uniformIt's four in the morning, the end of December.I'm writing to no one from my secret chamber.Moscow is cold, but I like what I'm drinking.And Leonard Cohen sings all through the evening.My dear student, my darling, my brother,Let's sing a capella together this cover.Let us forget the exam...I hope you won't be sent down... damn...My dear student, please, don't feel upset,Don't let your eyes get fevered and wet...That was a joke. Cry! Cry bitterly, dear,You've failed the test, and dismissal is near.The last time I saw you - not long ago, really -You could not remember if Weber is Tilly -But anyway, you were so happy and thought That life is so easy. But no, it is not... Well, I see you there with the pen in your teethAnd then on the bedside-table - Oh, grief! - You are standing on it, astonished and молча -Oh, what a sorrow! - One more Russian soldier...Or, if you are graceful and elegant girl,I wish you to merry the Essex of Earl.Vice versa, don't mind. Oh, I like what I'm drinking.Barbara Geddes sends her regards.And what can I tell you, my brother, my student?I wish you good rest.Be brave and be tempered, be strong and be prudent,And next time prepare for tests.And Tilly... Don't worry, my sister, cause Charlie is dead.He won't reveal that you have him misread.It's worse with Przeworski cause he is alive.I guess, he is sharp'ning his bloodthirsty knife.He's going to Moscow and soon will be here....Will you ever go clear?So, hide yourself, brother.I don't want to botherYou more, I come to an end.Till Friday, my friend.Sincerely,I. Lokshin.",22,387,,Локшин_hse
5455,"Пива надо пить меньше,чтобы не было лица синуса,глаза косинуса и унитангенс угла наклона касательной,а потом ничего непросеканс на экзамене(Гловели,экономическая история,экономфак)",12,295,,Гловели_hse
5448,"— Доллар — это боль, страдание. Аудитория затихла.— Да-да, dolor по-латински — боль, страдание.(Н.Е. Самохвалова, филология)",22,411,,Самохвалова_hse
5432,"Акт парламента - это не law, а сочинение конгрессменов на тему ""Каким я хочу видеть law""(Четвернин В.А. Право)",7,229,,Четвернин_hse
5388,"""За Ельцина голосовали, потому что он похож на мужа-алкоголика.""(1 курс, логистика, история)",2,207,,Ермолов_hse
5385,"Дорогие друзья, оценки за ваши контрольные и за текущую работу на семинарах появятся в лмс сегодня ночью. В котором часу это произойдет, сказать не могу, ибо это зависит, к сожалению, не от меня, а от системы, взаимопонимания с которой у меня не было никогда. Я помолюсь всем компьютерным богам, принесу людские жертвы идолам информатики, распылю все необходимые благовония и постараюсь, чтобы все заработало завтра к утру. ( Морозов Олег, 1 курс, БИ)",3,351,,Морозов_hse
5374,"На лекции исторической географии по деколонизации.""За неимением других вариантов, Хо Ши Мин пишет Ленину с просьбой добавиться в друзья. Ленин принимает заявку и тут же начинает постить ему музыку на стену... в основном Интернационал.""(И.В. Саблин, истфак СПб)",10,322,,Саблин_hse
5366,"""Вы что там? Играете? Я б тоже поиграл... Но надо лекцию читать.""(Анисимов ,истфак, Спб)",3,212,,Анисимов_hse
5358,"- ВШЭ, она как бритва Оккама – отсекает все личное. (М.С. Гамалей, востоковедение, История западных цивилизаций, 1 курс)",13,328,,Гамалей_hse
5336,"Тамара Анатольевна, а что вы думаете о современной ситуации с рублем? - Я думаю, как потребитель. Хочу завернуться в простыню и на кладбище. (Политология, 1 курс, Экономика, Протасевич)",12,355,,Протасевич_hse
5332,"Я получил письмо от вашей группы с просьбой посвятить следующий семинар характеристике текущей ситуации в российской экономике. Но для характеристики ситуации в российской экономике можно не тратить целый семинар, хватит всего одного слова. (Федоровых Д.А., эконом, 17.12.2014)",124,1944,,Федоровых_hse
5323,"Алексеева: Интеграл от dv равен v, от dx - x, от дифференциала Васи - сам Вася. Студент: Люди не дифференцируются! Алексеева: Вот будет у тебя 17-ти летняя дочь, узнаешь, как от людей производная берется! (1 курс, экфак, СПб)",6,248,,Алексеева_hse
5302,"... В мире много интересного, например, интересно, сколько пингвин в холодильнике продержится, но это не значит, что это нужно изучать. ",11,340,,Стребков_hse
5293,"Реклама, лекция по введению в специальность. *звонит телефон* Зверев: Тихо! Это наш ректор звонит! *воцаряется тишина* Зверев берет трубку: ЗдорОво, Слав!.. (Зверев С.А, реклама, 1 курс)",1,273,,Зверев_hse
5291,"-....,только говори правильно.-хорошо, я постараюсь.-нет, ты не постараешься, ты будешь говорить правильно.(Минх Г.В., 1 курс, кпр)",4,209,,Минх_hse
5273,"Я, вот, здесь совершил ошибку, но ничего, великие тоже ошибаются.( Корнейчук Борис Васильевич, экфак, СПб)",10,281,,Корнейчук_hse
5254,"*Из письма студентам*""У нас же свободная страна, и каждый сделает свой выбор. Кому-то ближе светлые стены и мягкие стулья 422 аудитории, а кто-то предпочтет кубизм и брутальность 423 аудитории..Ну а те, кто все-таки немного повнимательнее посмотрит в расписание на сайте и подключит здравый смысл - придут в 705 аудиторию""(Карпус П. А., преподаватель факультета менеджмента, кафедра общего и стратегического менеджмента)",5,296,,Карпус_hse
5247,"У каждого человека должна быть цель в жизни. Кто её не видит, может завести себе очки, как это сделал я, например. Тогда цель будет виднее. (А.Б. Шаповал, ПМИ, 1 курс)",4,239,,Шаповал_hse
5240,"Плохо брать чужое. Что кошелек, что Крым. (Анисимов Е.В., истфак, Питер)",8,349,,Анисимов_hse
5235,"Студентка: А книга есть в интернете в свободном доступе? Стефанович: Книга есть у меня дома, на полке. Студентка: Ээм... Стефанович: Но это не приглашение ко мне домой, Вы не подумайте!  (1 курс, история)",6,330,,Стефанович_hse
5222,"""Здравствуйте, садитесь. А тот, кто не встал, будет гореть в аду и получит допсу на экзамене"" (Р.Ю.Почекаев, 1 курс юрфак, СПб)",4,208,,Почекаев_hse
5193,"Man's logic is very simple to understand. When a man sees something he has three options: kill it, drink it, fuck it. (Mark Dunnett, миэф)",17,455,,Dunnett_hse
5167,"Никакого насилия над функциями на контрольной, всё только по любви. (Самовол В.С менеждмент) ",4,272,,Самовол_hse
5080,"-какой доклад вы возьмете?-Я ХОЧУ ДЕКАРТА. -сомнительные желания у вас(Семинар по философии, 1й курс востоковедения, Катречко С.Л.)",4,294,,Катречко_hse
5068,""".. Что самое главное в развитии ребенка? - правильно подобранный папа.""( факультет психологии)",19,423,,Некрасова_hse
5067,"Студент: Знаете, ад..он находится... Препод (перебивает) : Вы знаете, где находится ад?! Вы что, живете в Дубках?! (Долгоруков, философия)",18,565,,Долгоруков_hse
5036,"*Не включается проектор* Дробин: Как же я Вам объясню, что делать?Студент: Вы можете на доске формулы написать.Дробин: Точно! Огонь! (Дробин, Мирэк, 3 курс)",0,306,,Дробин_hse
5006,"После того, как с французами случилась революция, они захотели этим своим счастьем поделиться с соседями. (Саблин, истфак, Питерская Вышка)",6,219,,Саблин_hse
4982,"""Амперчик, give me примерчик"" (Самовол В.С., математика, менеджмент, 1 курс)",2,230,,Самовол_hse
4979,"П: Как ваше имя?С(замешкавшись): Костя... Константин...П: Так как мне вас называть?С: Как вам больше нравитсяП: Мне нравится ""Маша"", пойдет?(Тонков, СПб, юрфак, 1 курс)",1,363,,Тонков_hse
4960,"""Как у нас говорят: "" Ты никому не пиэйчди, что ты PhD"".(Сёмина, менеджмент 2 курс)",8,311,,Сёмина_hse
4958,"Мужики, свозите свою женщину хоть раз в жизни в Париж. Каждая женщина должна сказать «я была в Париже». Ей живётся легче после этого. (Суздальцев А.И., МО, 1 курс)",19,497,,Суздальцев_hse
4957,"Уточкин: Вербальный контекст... Нет, это слишком долго, я не буду вам рассказывать. Студент: На экзамене тоже можно так ответить?Уточкин: Ну да, сойдет(Уточкин, психфак)",7,474,,Уточкин_hse
4948,"Учителей миллионы...Столько умных людей не бывает, если вы понимаете, о чём я.(Мышкис П. А., Логистика, Вышмат, 1 курс)",5,339,,Мышкис_hse
4947,"Итак, инфляция снижается, но мы находимся на возрастающем участке кривой AD, поэтому выпуск падает ещё сильнее, и весь мир летит в сраное говно.(Сосунов, 3 курс эконом)",11,379,,Сосунов_hse
4932,"""Если меня спрашивают, куда пойти ребенку учиться на журналиста, я отвечаю, что ребенку нужно выбрать другой факультет""( Лысенко Анатолий Борисович журналистика, 1 курс, история медиакоммуникаций)",6,265,,Лысенко_hse
4922,Как-то меня приглашали туда читать доклад. Сейчас эта контора зовется университет имени Кутафина.,2,206,,Козырин_hse
4918,"Савельева: -Итак, на дом задано два анализа -Извините, а в каком виде анализы приносить? -Прямо напрашивается- ""в баночке""(Савельева, реклама, 1 курс)",3,211,,Савельева_hse
4904,"*Лекция по Эконометрике*Вбегает студентка, к Канторовичу: ""Извините,мне Ваша подпись нужна""Преподаватель удивлен:""Что там у вас?-Ага,так"" *Подписал, студентка ушла*Канторович: Не брачный ли это контракт?..Да,размечтался(Эконом,3 курс)",0,408,,Канторович_hse
4900,"""Препод  -Содержание одного преступника обходится в 3 млн рублей в год;Студентка  -Простите, это же очень дорого;Препод  -Понимаете, это же волшебные деньги, бюджетные""(Григорьев И.С., политический анализ, СПб)",4,259,,Григорьев_hse
4894,"- Заменяем одно непонятное слово на другое. Это и называется наукой, друзья. Занимаешься этим несколько десятков лет - и умираешь. Жизнь прожита не зря!(Самовол В.С., математика, менеджмент, 1 курс)",8,310,,Самовол_hse
4891,"Истфак, 1 курс, семинар по истории искусства,О.С. Воскобойников, прерывая выступление студентки: - Простите, а зовут -то вас как? Что все так смотрят? Я же не номер спросил, а только имя... ",6,221,,Воскобойников_hse
4878,"You have to fight a boxer who is stronger, faster and cleverer than you. Would you fight by the rules or kick his balls before the fight?(Марк Даннетт, МИЭФ, 1 курс) ",6,256,,Dannett_hse
4857,"""Ну, с уважительными причинами пропусков моих семинаров все просто - их нет"" (Субочев, БИ 1 курс)",9,209,,Субочев_hse
4846,"Опять нестираемый маркер.. Водки ни у кого нету?(Шаповалов, 1 курс, тгп)",1,267,,Шаповалов_hse
4831,"-Кто любит программирование? *Часть поднимает руки* -Ну а кто любит психологию? *Поднимает вся аудитория* -Молодцы, прогнулись. (Молокостова А.М., психология, ПМИ, 1 курс)",1,236,,Молокостова_hse
4827,"""Moscow subway is a battleground"" ",5,217,,Skempton_hse
4807,"Студент: А какие годы жизни у Евсевия Кесаринского? Успенский В.С.: Я вам что, студент что ли, даты запоминать? (факультет истории, Питерская Вышка)",6,333,,Успенский_hse
4797,"Потом он начал рисовать порнографические картинки, которые я вам показывать не буду. *смена слайда* А, черт. Они всё-таки тут есть. (А. Дежурко, история дизайна)",6,342,,Дежурко_hse
4792,"- Ни у одного животного не может быть несчастной любви. У ежа может быть несчастная любовь... *пауза* Я же, кажется, обещал вам нормальные примеры, да?(Карпенко И.А, логика и теория аргументации, 1 курс, культурология) ",4,348,,Карпенко_hse
4779,"Коллеги, когда сходится этот интеграл? Если не помните, обратитесь ко мне, я помогу! Помогу вам забрать документы с ПМИ. (Никитин А. А. ПМИ)",1,274,,Никитин_hse
4762,"""Вышка - самый лучший ВУЗ. Здесь очень сильный преподавательский состав и замечательная атмосфера. В МГУ я тоже преподаю, но им то я не говорю, что у них лучший ВУЗ"" (Давидсон А. Б., история, 1 курс)",8,486,,Давидсон_hse
4754,"Раз у вас уже было Исламское право, вы знаете что такое куфр. Куфр это а-та-та. Так вот, куфр вам завтра будет за списывание, по всем законам шариата.(А.А. Панов, право 1 курс)",7,293,,Панов_hse
4752,*На контрольной по матану. Девочка сдает работу и ручку.*Хабина: Ручка? Таких взяток мне еще не давали! ,7,379,,Хабина_hse
4747,"""Го на пересдачу , я создал""(А. Субочев , матан БИ)",7,439,,Субочев_hse
4727,"""Всегда спрашивайте себя, а не bullshit ли вы делаете?"" (Абрамов Роман Сергеевич, журналистика)",8,289,,Абрамов_hse
4704,"БВ - а что это вы по одной книжке читаете?Студентка - у нас просто один учебник на двоих.БВ - а что еще у вас на двоих? Один мозг, одна оценка, один народ, одна воля, один фюрер?(Булат, 1 курс, тгп)",12,411,,Булат_hse
4676,"А вот это был очень хороший вопрос. Я думаю, что его нужно повторить. *после театральной паузы* Потому что я его не расслышал. (Виленчик.1 курс. Бизнес-информатика.)",3,292,,Виленчик_hse
4663,"Это не надо принимать близко к сердцу. Напротив, это надо принять близко к мозгу. (Степанцов ,ЛинАл, 1 курс БИ)",9,265,,Степанцов_hse
4660,"""Нельзя говорить ""да Винчи"", ""ван Лейден"", ""ван Рейн"" без упоминания имени. Запомните: это НЕ ФАМИЛИИ! Скорее погонялово. Типа Вася Мытищинский."" (Левченко Я.С., теория и история заруб. искусства, 1 курс, культурология) ",7,307,,Левченко_hse
4647,"-За это девушки должны любить Платона. Он первым сказал, что женщина - тоже человек, а не ""друг человека"" (Философия, 1 курс отделения культурологии) ",9,306,,Макарова_hse
4602,"Все, что вы можете представить в своих грязных фантазиях, у римлян было. Даже то, чего вы не можете представить, у них уже было. Поэтому Рим пал. Из-за разврата. (В.В. Мингалев, 1 курс истории, Пермь)",10,321,,Мингалев_hse
4588,"*Востоковеды. 1 курс. История западных цивилизаций. Маленькая аудитория. Мест нет. Преподаватель стоит возле окна.* Диалог: Студент: Давайте откроем дверь, а то жарко. Гамалей М.С.: Нет, вы заболеете. Студент: Давайте тогда откроем окно..? Гамалей М.С.: Тогда заболею я. Пусть лучше все задохнутся.",8,284,,Гамалей_hse
4557,"- Как произошло государство? - В результате общественного договора. - Покажите мне его и я отзову свою подпись. (Шаповалов, лицей НИУ ВШЭ) ",6,299,,Шаповалов_hse
4555,"It doesn't matter whether you're a president or a prostitute. They both get f*cked.(M. Dannet, МИЭФ, 1 курс)",9,299,,Dannet_hse
4553,"Записывая на доске формулы, останавливается, понимая, что записывает неправильно, критически смотрит полминуты, потом тихо говорит: - Неужели я облажался?.. (Е.М. Громов. 1 курс эконом, Нижний Новгород)",2,274,,Громов_hse
4538,"*Латынь*Виноградов:"" traho, traxi, tractum, trahere. Ну, какое русское слово от этого глагола произошло?"" Студенты:""..."" Виноградов:""Все потупили взоры..."" (1 курс, история) ",8,211,,Виноградов_hse
4530,В.А. Критикует жадность. :- А я хочу жениться на девушке которая весит сто тридцать килограмм!!! А потом бегать по ней и кричать Неужели все мое? Неужели все мое? ,10,347,,Четвернин_hse
4507,"-So why do you like ice-cream? -It's like an injection of happiness. -An injection of happiness? That's called heroin. (М. Даннет, МИЭФ, 1 курс) ",7,579,,Dannet_hse
4505,"*перманентный маркер не стирается с доски*-Что за подстава! Сбегайте кто-нибудь за бутылкой водки!(Михеев, линал, СПб эконом)",1,294,,Михеев_hse
4494,"В 80е годы прошлого века в СССР резко подняли цены на алкоголь. Как вы думаете, на что упал спрос? Правильно, на мебель..(Левин М. И., эконом) ",7,266,,Левин_hse
4489,"Вы же смотрите аниме, должны знать: первые 72 серии ужасной нудятины, а потом, вы от него днями оторваться не можете, даже про поней забываете.",4,262,,Гамалей_hse
4474,"Побойтесь бога, у нас тут теория множеств, хватит ржать! (В. В. Долгоруков, философия 1 курс)",5,250,,Долгоруков_hse
4468,"""Надо предложить руководству сделать провод микрофона подлиннее, а то я привязан тут , как коза на лугу.""Н.С.Покровский (1ый курс, социологическая теория)",2,323,,Покровский_hse
4467,"В наше время существует потрясающий социальный лифт - ""Единая Россия"". ",3,311,,Фёдоровых_hse
4454,"*Ильинка, здание напротив Администрации Президента. Непрерывные гудки и сирены за окном мешают лектору вести пару. *Миронюк, бросая взгляд в сторону окна: - Высшие существа коммуницируют!",5,279,,Миронюк_hse
4452,"Соблюдайте дедлайны, и да пребудет с вами Сила. (М.А.Волконская, филфак)",8,278,,Волконская_hse
4448,"-(student) Don't you believe in forgiveness?-Yeah, I love people forgiving me!-And how about you forgiving other people?-No, f*ck that!(M. Dannet, миэф, 2 курс)",3,297,,Dannet_hse
4435,"- May I ask you a question? - yes, sure - Where have you learnt Russian? - Here, in SVYTAYA RUS'.(D.Rubin ,МИЭФ)",4,376,,Rubin_hse
4429,"""Давайте начнём семинар с убийства"" (Барышева К.А. Право,уголовка, 3 курс)",3,239,,Барышева_hse
4417,"К мальчикам и девочкам, кто хорошо себя ведет и ходит на лекции на новый год приходит дед мороз. К плохим мальчикам и девочкам на новый год приходит дедлайн. (Красавина Р.А. Эконом. История. Нижний Новгород)",11,380,,Красавина_hse
4399,"- А теперь расскажите мне о культурных особенностях ситхов... То есть, сикхов!*Студенты смеются*- Оочень хорошо. Вот кто засмеялся, пусть расскажет о культурных особенностях ситхов.(М. С. Гамалей, 2 курс, Этнология и этнопсихология стран Востока)",5,249,,Гамалей_hse
4390,"От перемены мест слагаемых сумма ,вообще-то, иногда меняется. Например: Седовласый, красный нос. Кто я, дети? (Дед Мороз) А красноносый седовлас. Кто я, дети? ( Додумайте сами: .....ас) ",5,242,,Матвеенко_hse
4384,"Воскобойников: ""Неизвестно еще, чей Кандинский."" Студент: ""Наш!"" Воскобойников: ""Наш-наш... И Крым наш, и Кандинский наш... То ли еще будет."" (история, 1 курс) ",7,225,,Воскобойников_hse
4376,"Я вообще состою в клубе ""Защитников буквы Ё"", потому что считаю, что ""Страна передохнЁт после Нового Года"" и ""Страна передОхнет"" - разные вещи.(Г.К.Балашова, ППО, 1курс)",6,297,,Балашова_hse
4369,"Я-то подохну, а вам еще жить в этой стране!(М.Ю.Урнов.Политология,1-ый курс)",7,244,,Урнов_hse
4359,"Диалог Кантора и Студентки:(К): Вы кто у нас будете?(С): По курсу философ, на деле не знаю.(К): Не надо стесняться называть себя философом - это скромное звание, это значит, что Вы просто любите мудрость.(С): Но я не уверена, что люблю только мудрость...(К): Естественно! Вы любите мужчин, вкусно поесть, но это не мешает Вам любить мудрость! А значит, Вы философ.",9,397,,Кантор_hse
4352,"Когда меня спрашивают о том, что великого создала Россия, я отвечаю, что это две вещи: русская литература и русская женщина.",16,371,,Кантор_hse
4342,"Вот вы пытались к Расселу придраться. Как это называется там, троллирование? Троллёж? Рассел умер. Бессмысленно троллить Рассела, он не сможет вам ответить. (Порус, философия, 1 курс)",11,277,,Порус_hse
4340,"О картине Э. Мане ""Олимпия"": Он просто порнуху рисует, но так это делает, что вы не можете ему сказать:""Эдуард, ты не прав. До чего ты докатился?"" (1 курс, история) ",7,229,,Воскобойников_hse
4335,"- Давайте решим с вами задачку, друзья. ""Лев лгал по понедельникам, вторникам и средам и говорил правду во все остальные дни недели. Единорог же вел себя иначе: он лгал по четвергам, пятницам и субботам и говорил правду во все остальные дни недели. Они высказали следующие утверждения: Лев: ""Вчера был один из дней, когда я лгу"". Единорог: ""Вчера был один из дней, когда я тоже лгу"". Что это был за день?""- (студентки, между собой) Ну кто-то из них по-любому п*@дит... Это точно единорог.- (Препод) Да-да, единорог п*@дит, вы мыслите в правильном направлении!(Философский факультет, 1 курс)",7,340,,Долгоруков_hse
4333,"""За гомосексуализм была казнь, но, наверное,за это не сажали на кол"" ( Р.Ю. Почекаев, юридический факультет, 1 курс, ИГПЗС)",8,279,,Почекаев_hse
4327,"So, the correct answer is A. Who said C?Burn yourself!(Ахметшин, МИЭФ, 1 курс) ",10,354,,Ахметшин_hse
4312,"Шульгин: ""Не могу носить линзы, глаза слезятся.""Студент: ""Зато лучше видно этот прекрасный мир.""Шульгин: ""Невозможно смотреть на этот прекрасный мир без слез.""(Шульгин А.Г., Нижний Новгород)",9,355,,Шульгин_hse
4308,Есть два равноценных понятия: Путин и Солнце(Горбатова Ю.В. логика 1 курс),4,269,,Горбатова_hse
4306,"Макушина: Вот сколько примерно раз в день вы достаете кошелёк?Студент: Ну раз 15-16...Макушина: [student.name], почему мы с вами почти не знакомы? Почему мы до сих пор не вместе? Ведь это судьба! А я все думала, где я себе мужа найду... (Макушина Е.Ю., эконом)",3,265,,Макушина_hse
4277,"На семинаре:Студентка (держа в руке печенье, очень застенчиво): - Извините, Вы не будете против, если я съем при Вас эту печеньку?Подобряев:- Да хоть куру гриль!(Подобряев А.В., ФиПЛ, синтаксис)",4,307,,Подобряев_hse
4270,"Поздрвляю вас с выходом из гетто первокурсников. Теперь вы - полноценные люди. (Е. Э. Лямина, филфак, 2 курс)",5,289,,Лямина_hse
4241,"""There shouldn't be any tak skazat' problems"" ",1,223,,Галыбин_hse
4237,"Самое страшное наказание в Китае - слайзинг. Это когда человека режут по кусочкам. Я не знаю, почему я улыбаюсь сейчас, пока говорю это *смеется*.",6,282,,Локшин_hse
4222,"Asian women age a bit different. They stay young until becoming Yoda. How would you feel waking up in bed with Yoda? (Марк Даннетт, МИЭФ, 1 курс) ",16,314,,Dannett_hse
4187,"(Об оксюморонах): ""Ну это в духе ""горячее мороженое"", ""талантливый студент""... Шутка"" ",3,221,,Булат_hse
4148,"*Лекция по философии.*- Единорог был, но его убили, поэтому его нельзя встретить, как и настоящих мужчин. (С.М. Климова, 1 курс, филфак)",8,219,,Климова_hse
4131,"""То, что ты делаешь с материалом - это насилие. Ты насилуешь материал, а он кричит, сопротивляется. Но я-то вас учу, чтобы вы с материалом занимались сексом. Вы его обрабатываете, а он вам отвечает 'о даааа…"" (Сергеев, дизайн)",9,326,,Сергеев_hse
4129,"Мы берем логарифм от этого ящика... Я снова попаду в этот список цитат, да? (А. Ахметшин, 1 курс, МИЭФ) ",9,487,,Ахметшин_hse
4115,"*Семинар по бухучёту на исследовательском потоке (ИП) эконома*Макушина: Исследовательский поток - единственные, кто, наверно, из-за концентрации мозгов до сих пор не прислали мне свой почтовый адрес и телефонСтуденты: Мы прислали, неделю назад ещё. В отправленных сохранилось.Макушина: Да? [роется в телефоне] Опа! И правда прислали. Ну, говорила же я вам, что в семье не без урода. Вы ИП, а я ТП(Макушина, эконом, 3 курс)",2,264,,Макушина_hse
4093,"Студенты вышки сидят на фейсбуке. В вконтакте сидят только лохи и студенты МГУ. (Черняк В.И., 1 курс)",3,216,,Черняк_hse
4074,"Надо уже принести болгарку и спилить эту колонну... заодно узнаем, несущая ли она. Как говорится, вскрытие показало, что смерть наступила в результате вскрытия.(Логвенков, линал, 1 курс соцфак)",2,281,,Логвенков_hse
4052,"*Пряча тетрадку с линейной алгеброй*Так, это вам ещё рановато! А то ещё суициднёте у меня тут раньше времени! (Жуков, МИЭФ)",2,290,,Жуков_hse
4044,"— Здесь я лох.— Уважайте своё женское достоинство! Вы лошара, а не лох.(Фурманов, ПИ 3 курс)",3,211,,Фурманов_hse
4040,"Об иконе. ""Он смотрит не на них, а на нас. Ананас... ананас...""(Воскобойников О.С. 1 курс История)",10,399,,Воскобойников_hse
4015,"«Можно ввести такую систему: те, кто понял, будут поднимать таблички ""Я всё понял"". Ну, или: ""Всё очень плохо""».(Сахарова Н. Е., дискретная математика для лингвистов, 1-й курс)",7,252,,Сахарова_hse
3981,"For things you like you need to go to hell. (M.Dannett, МИЭФ, 1 курс) ",9,245,,Dannett_hse
3971,"С: Евгений Григорьевич, а вы можете микрофон держать ближе? Ясин: Я немного стеснён, потому что и так его уже в рот засунул. (эконом, 3 курс, Ясин Е.Г., рос. экономика)",1,312,,Ясин_hse
3956,"How would you prove there is no invisible intangible transsexual unicorn sitting on your head, smoking a big mushroom?(M.Dannett, МИЭФ, 1 курс)",22,377,,Dannett_hse
3952,"Чтобы доказать виновность, надо доказать, что ты прокурор.(С.А. Пашин, факультет права)",9,210,,Пашин_hse
3943,"Каждый раз когда кто-то выходит с лозунгом ""защитим отечественного производителя!"", на обратной стороне должно быть честно написано ""и навредим отечественному потребителю!"" (Федоровых Д. А., эконом)",21,438,,Федоровых_hse
3932,"You need to be careful using the collocation ""personal service"". It usually means prostitution. (M.Dannett, МИЭФ, 1 курс)",2,210,,Dannett_hse
3899,-Безрукова здесь?Поднимите руку. (Скоробогатов 1 курс),4,236,,Скоробогатов_hse
3886,"(По поводу сокращения времени на изучение Истории государства и права зарубежных стран с 4-х до 2-х модулей) ""Видимо, руководство Вышки действует по принципу Петра Первого: ставить перед русскими невозможные задачи, чтобы они сделали хоть что-то"" (Д. Ю. Полдников, Право)",3,212,,Полдников_hse
3832,"Так, проблемы инфраструктуры в России... Ну, помимо той проблемы, что инфраструктуры вообще нет, имеются проблемы даже с той инфраструктурой, что есть. ( Борисова Л.А.)",5,232,,Борисова_hse
3817,"-Сергей Андреевич, а какую дополнительную литературу вы порекомендуете почитать? -Ну, мне ""Мастер и Маргарита"" нравится. (С.А. Шершаков, программирование)",11,345,,Шершаков_hse
3813,"""Я не помню, как я перешла от марксистской теории к сайту знакомств Афганистана..."" (Мезенцева, гендерная социология)",6,262,,Мезенцева_hse
3776,"Я бы вас спросил на первом курсе, что такое отрасль права. Но вы-то уже на втором - не хотелось бы ставить вас в неловкое положение.",5,360,,Овчинников_hse
3770,"Одним из участников Уголовного Судопроизводства является терпила. Но мы будем называть его, конечно потерпевший.  (Право, НН)",11,209,,Ковтун_hse
3767,"Нет ничего слаще власти. А вы говорите ля мур, ля мур. Эх, ерунда. (Овчинников, право)",4,230,,Овчинников_hse
3764,"""Совет девушкам: если хотите понравиться парню, знакомьтесь с ними там, где у них возникает сильное эмоциональное возбуждение. Ну, например, на качелях... над пропастью""(Осин, психфак)",6,268,,Осин_hse
3761,"""These are 4F basic responses: food, fight, flight and... Well... I think you understand what is the last F.""(Паниди К. А., эконом)",10,393,,Паниди_hse
3758,"Сам я лекции читать не люблю. Я люблю, когда студенты говорят, а я между делом отпускаю всяческие остроумные комментарии. (М.Б. Велижев, филология, 2 курс)",3,281,,Велижев_hse
3686,"Какая тут проституция, Петров. Это любовь. Девушка не сразу всегда понимает, что любит, а вот посмотрит на бриллиантовые сережки, и поймет, что что-то тут есть.*лекция по уголовному праву*(Мурзаков С.И., уголовное право, НН)",12,252,,Мурзаков_hse
3625,"Живут счастливо и умирают в один день либо в сказках, либо в автокатастрофах. (Демография, Сакевич)",10,236,,Сакевич_hse
3622,"- Семилетняя война началась в 1756 году...- А закончилась?- ...- Ну это же просто - прибавьте семь лет!- Так я это и делаю...(А. Васильев, филология)",2,219,,Васильев_hse
3598,"*Е.С. Входит в аудиторию, садится и роняет зарядку от ноутбука. Поднимая ее, случайно сталкивает что-то со стола.* - Сейчас я перестану разбрасывать предметы, и мы начнем. (Е. С. Островская, филология, 2 курс) ",5,383,,Островская_hse
3579,"- Если вас интересует вопрос: ""Кто автор работы и что он курил?"", то автор я и я не курю. (Долгоруков В.В., зачет по логике, психфак.)",10,351,,Долгоруков_hse
3573,,11,216,,Фёдоровых_hse
3517,"Это скорее иллюзия, нежели объективная реальность... так же, как и ваше юридическое образование. (Булат, право)",11,262,,Булат_hse
3513,"— Виталий Владимирович, а что такое трансцендентальное единство апперцепции?— Маленькая ещё, знать такие вещи!",9,241,,Долгоруков_hse
3460,"-Как будет проходить экзамен: ты берешь билет, и если ты молился, то может быть бог поможет.(Востоковедение, 1 курс,Аджави Хуссейн Ахмедович)",8,226,,Аджави_hse
3417,"Студент в начале семинара: - А вы можете не стирать с доски то, что осталось от предыдущей группы? - Нет. У нас будет другой семинар. С блекджеком.. (пауза).. и шлюхами. - А вы знаете, что существует паблик с цитатами преподов ВШЭ? - Я сказал ""шлюпками""! (Чириков И.С., социология)",10,428,,Чириков_hse
3361,"Чем меньше на вас одежды на экзамене, тем меньше вы меня волнуете...ну в плане списывания. (Акимов Д. В.)",15,410,,Акимов_hse
3346,"Выходишь ты из ванной с полотенцем на голове, вся ренессансная такая!(Воскобойников, истфак)",7,238,,Воскобойников_hse
3297,"Если я дал вам пощечину , разорвал на вас одежду и дал по заднице, по голой, то это еще не значит что я применил насилие в целях совершения полового акта. Просто вы мне неприятны как студенты, которые не учили уголовное право и этим я успокоился .(С. И. Мурзаков ,NN)",20,296,,Мурзаков_hse
3268,"Обычно защита проходит весело. Комиссия постоянно смеется. Потому что читать без смеха то, что вы приносите, просто невозможно. Если не будем смеяться, получим сердечный приступ. (Агадуллина Е.Р. психфак, консультация перед госом)",16,250,,Агадуллина_hse
3260,"Этот маркер отчетливо пахнет виски. *принюхивается* Причем не самым дешевым! Надо Сергею Владимировичу рассказать...(М.А.Даниэль, морфология, ФиПЛ)",5,270,,Даниэль_hse
3239,"— Ну хорошо... давайте представим, что вы все в армии... *запинается, оглядывает аудиторию, где сидят около восьмидесяти девушек и один парень* в Израильской... (М.И. Свердлов, филология)",7,323,,Свердлов_hse
3227,""" Ты можешь быть сколько угодно восхитительным, но если ты никому не нужен, то ты никому не нужен"" (Лебедев, факультет психологии, социальная психофизиология, *про естественный отбор и моногамию*)",20,291,,Лебедев_hse
3188,"– (рисует на доске три кружочка). Эти понятия совместимы попарно, но не совместимы все вместе. Приведите пример. Подсказываю: что можно делать вдвоем, но нельзя втроем? – Эм… ну это… – Да я не про это! – (радостно) А знаете, можно и втроем! – (шепотом) Я в курсе. (Долгоруков, логика)",6,335,,Долгоруков_hse
3143,"Что должен студент? Студент должен быть отчислен! А вот задача студента в том, чтобы бороться с отчислением. ",19,281,,Сердюков_hse
3117,"Windows 8: от создателей LMS. (Маркин М., эконом)",2,230,,Маркин_hse
3091,"ММ: Как вы можете доверять моим родителям, если их не знаете?Студент: Мы ведь видим, что вы умный,образованный, у вас хорошие манеры, высшее образование, вы воспитанный.ММ (с довольным видом): Так-так, продолжайте....(Маркин М., эконом 2014)",1,213,,Маркин_hse
3087,,20,475,,Топ10_hse
3086,,13,441,,Топ10_hse
3084,,8,365,,Топ10_hse
3083,,6,356,,Топ10_hse
3066,,7,441,,Топ10_hse
3065,,3,321,,Топ10_hse
3061,,14,457,,Топ10_hse
3060,,0,215,,Топ10_hse
3056,,3,243,,Топ10_hse
3054,,3,267,,Топ10_hse
2986,"Стирает с доски, и, вдруг губка вылетает из крепления и отскакивает ему на рубашку грязной стороной: ""Опа, нападение... И вот как я жене объясню, что это не женская тушь?"" (Тонков Е.Н., право, экфак, 1 курс, СПб)",4,288,,Тонков_hse
2877,"Влетает шмель в аудиторию, все внимание приковано к нему. Минабутдинов: -Давайте посмотрим сюда, я вам сам пожужжу (Минабутдинов, эк.фак, СПб)",11,264,,Минабутдинов_hse
2866,"Зачем вставать ночью за водой? Пнул раба, и он пошел.",11,254,,Марей_hse
2852,"Тонет ваш ребенок и еще один.Вы кинетесь спасать своего, потому что вложились в него, тонет ваш инвестиционный проект.(Барсукова С.Ю.,эконом. социология)",12,322,,Барсукова_hse
2810,"Вот строчка: ""Ночь потушит наш огонь"". Хм, сразу вспоминается ""come on,baby, light my fire"", да? Нет? Что, только мне? Ну и ладно, мне можно.(В.В.Файер, ФиПЛ, античка у 2-ого курса)",10,306,,Файер_hse
2764,"- В Турции до сих пор муж имеет право расторгнуть брак, если жена вышла замуж не девственницей.*тишина у аудитории* - А что вы так расстроились то?(Солодкова О. Л., востоковедение)",10,280,,Солодкова_hse
2732,"В мучениях возрастает ваша стоимость. И только так. Так что идите и страдайте. (Малашкин А.В. ПМиК, МИЭМ)",16,249,,Малашкин_hse
2680,"Проверка эссе — это в некотором роде потребление. Вы готовили нам свои блюда в виде эссе, мы пробовали их, но, кажется, вы пытаетесь накормить нас полуфабрикатами. Вы пытаетесь подсунуть нам недоваренную яичницу и недожаренный борщ.И только одно блюдо удалось на славу!(Шаповалов, на разборе 2 этапа всеросса по обществознанию)",17,292,,Шаповалов_hse
2605,"Студенты: и это называется лекции по логике? Долгоруков: я поговорю с учебной частью, в следущем году у вас будет курс ""бабушка, фейхуа и алкоголизм"". Электив, так сказать.",8,210,,Долгоруков_hse
2593,"-Почему переменные ""е"",""к"",""л"",""м"",""н""? -Понимаете, в прошлый раз я обнаружил, что мы используем переменные ""б"",""д"",""с"",""м"" - как-то не очень, пусть уж будут лучше ""еклмн"". (Долгоруков, психфак)",10,307,,Долгоруков_hse
2585,"- When I saw the list of students I was surprised: 80 people chose this course. Just wondering: is there any reason for that? - Yes. We were asked to pick 4 courses out of, well, 4 courses. So we had no choice. - Right, great! You could've told me that the course was interesting, or you were curious, but all of you are just like: ""We had no choice!"" Thank you! (Д. Майснер)",4,215,,Майснер_hse
2576,В прошлом году я проводил анонимный опрос по поводу моего курса. Узнал о себе много нового. В этом году проводить не буду. (Бессуднов А.Р. Социология),11,249,,Бессуднов_hse
2575,"Дементьев: Хорошо не когда твоя корова родила, а когда у соседа сдохла.Студент: Вся суть рейтинга МИЭФ в одном предложении.(Дементьев А.В., макро, 2 курс, МИЭФ)",7,274,,Дементьев_hse
2529,"(Студенты) -А когда у нас будет экзамен по информатике? (А.А.) -Ну где-то в середине июня.Точно не знаю. А когда у вас первый экзамен? (С) -31 мая по истории. (А.А.) -Ну и что вы тогда волнуетесь о моем экзамене? Вас к моему экзамену уже отчислят. (Пальянов А.А., МЭиМП)",4,245,,Пальянов_hse
2519,"*Идет третий час консультации перед контрольной работой*Студент: Вы написали, что консультация будет с 17 часов до упора. это значит до скольки? Федоровых: Это значит, что пока не упоремся, будет идти консультация.",24,559,,Федоровых_hse
2513,"- Вы почему опоздали?- Проспал.- Уже не первый раз. Она хотя бы красивая?(Мозиас, МЭиМП)",22,572,,Мозиас_hse
2509,"Человеческий мозг сильнее сессии! (Григорьев Л.М., МирПол)",10,231,,Григорьев_hse
2507,"Тотальная ошибка - это круглый квадрат. Всё остальное - мелочи жизни. (Рогонян Г.С., философия, СПб)",18,228,,Рогонян_hse
2503,"-Крылов: Был случай, когда студент так громко читал текст, что его вне аудитории услышали и подумали, что он матом ругается.-Студент: А что их так смутило?-Крылов: Усратикя ахуйа айебу фи биляди.( Крылов А.Ю., арабский)",15,317,,Крылов_hse
2486,"-Сейчас небольшая контрольная на 15 минут. Берём листочки, пишем фамилию, номер группы. два вопроса. 1- характеристика основных патологических состояний сознания. 2 -проиллюстрировать на собственном примере сумеречное состояние сознания, вызванное внезапной контрольной 1 апреля! (Романов, психфак)",14,295,,Романов_hse
2483,"Если вас не берут в Гарвард учиться, отправляйтесь туда профессором.(Карпова Н.С., МЭиМП)",10,288,,Карпова_hse
2465,"Загадка о качестве советской промышленности:- Жужжит, не летает, в ж*пу не попадает.Отгадка:- Советский бесшумный летательный аппарат по попаданию в ж*пу.(В.А. Четвернин, право)",13,210,,Четвернин_hse
2464,""" В прошлый раз из этой аудитории я выгнал 6 человек. Сегодня я хочу побить свой рекорд и вы мне в этом поможете. Игра началась""",4,264,,Федоровых_hse
2454,"*Студент рисует график спроса и предложения с неправильным расположением осей. Другой студент это замечает.*Федоровых: ""Ну да, у графика нетрадиционная ориентация, но каждый может выбрать ориентацию сам, давайте не будем его (имя студента) осуждать"".",4,282,,Федоровых_hse
2446,(Экзамен) Долгоруков: Какие средства социального контроля Вы знаете? Студент: Мм... Долгоруков: Спрошу по-другому – Вас часто бьют?,7,219,,Долгоруков_hse
2443,"Если категорически нельзя, но очень хочется, то можно.. Как это называется? Правильно! Коррумпированное общество! (Покровский, социология, 3 года назад)",9,242,,Покровский_hse
2423,"Во время экзамена: хотите анекдот расскажу? Чем отличается устный экзамен от письменного? Вырезом декольте. (Кутлалиев, социология)",6,272,,Кутлалиев_hse
2397,"Я ВАМ ЭТУ ФОРМУЛУ НА ДОСКЕ ВЫЖГУ !(Логвенков, матан на ГМУ)",9,210,,Логвенков_hse
2374,"Я понимаю, что он экономист, но некоторые вещи он же должен соображать.(Балашова, социология)",9,258,,Балашова_hse
2373,"*Психологический тест*-О этот вопрос про вас на сессии! ""Бывает ли, что вы говорите о вещах, о которых ничего не знаете?"" ",5,255,,Хачатурова_hse
2351,"Получи лицензию на ношение оружия. Зачем, спросишь ты? Чтобы на экзамене застрелиться.(Матан ,ГиМУ ,Логвенков)",11,213,,Логвенков_hse
2339,"Рейтинговая система приводит к тому, что вы становитесь малость долбанутыми.(Поклонов, БИ)",15,340,,Поклонов_hse
2332,"А потом добрые христиане присылают письма,в которых написано что если вы не верите,то ВЫ БУДЕТЕ ГОРЕТЬ В АДУ,В АДУ,ГОРЕТЬ В АДУ.(Долгоруков ,Психфак)",8,211,,Долгоруков_hse
2317,"Что общего между Сталиным и Моисеем? Моисей вывел евреев из Египта, а Сталин — из политбюро.(Гловели, МЭиМП)",18,286,,Гловели_hse
2297,"""Я часто проверяю ваши контрошки в метро. Иногда пассажиры удивляются - столько красного, а стоит пятерка."" (МЭ и МП, немецкий язык)",10,395,,Блок_hse
2255,"На доске ничего не видно, но так даже лучше, так загадочнее. (В.В. Файер, 2 курс, античная литература)",11,295,,Файер_hse
2254,"- А можно уже просто умереть в этом универе?- Да, это и будет правильным ответом!",14,248,,Пильник_hse
2243,"Придется установить крепостной режим. Можно выйти? Нет, только в Юрьев день. ",6,417,,Булат_hse
2194,"У меня есть презентация, но техника не работает, поэтому найдите её сами на сайте кафедры. Опыт последней контрольной показывает, что вы (за редким исключением) способны найти нужную информацию в интернете на телефоне под столом незаметно для преподавателя за пару минут. (Мельник Д.В.)",9,250,,Мельник_hse
2189,Получить галочку на моем семинаре-бесценно. Для всего остального есть Mastercard. ,10,324,,Мельник_hse
2178,"""Будучи юристами, никогда не используйте термин ""легитимность"", оставьте его политологам, историкам, и гражданам пивного ларька"" (Краснов, факультет Права)",10,226,,Краснов_hse
2165,"""Наша жизнь наполнена выбором. Вот вы выбрали психфак, а могли пойти героином торговать"" (с) (Долгоруков, психфак)",8,257,,Долгоруков_hse
2160,"Бонд - Джеймс Бонд.Алгебра - линейная алгебра.(1 курс БИ, Быков А.А)",6,210,,Быков_hse
2092,"At my first year at the university of Athens, I realized that microeconomics is just a bunch of mathematical tasks, nothing to do with reality, so I went back home and didn't go to the university for a year. But then I've got a note from the army, so I came back... (К.Маринакис)",11,234,,Marinakis_hse
2091,"Девочки, у вас только два варианта: или замуж, или теория вероятности!(Радионова М.В., пермский кампус)",8,235,,Радионова_hse
2053,"""К доске пойдут писать мальчики - у девочек маникюр, это для него вредно. Если парень отказывается, я резюмирую, что у него маникюр"". (Макарова И.А., ВШЭ СПб, юрфак)",4,273,,Макарова_hse
2028,"Когда Россия в таком кризисном состоянии, когда столько вокруг интересного и непонятного, вы в своих дипломных работах изучаете отношение молодежи к земляничному мылу. (Толстова Ю.Н.)",28,397,,Толстова_hse
2023,"Нельзя так просто сесть на первую парту среди ботаников, и говорить на реальном пацанском пермском диалекте.",10,220,,Кожанов_hse
2009,"Конституционный суд, как сердце красавицы... склонен к измене и перемене... (Блохин П.Д., право)",2,249,,Блохин_hse
1993,"Вы не смотрите, что в Матвеевой написано. Вы слушайте, что лектор говорит. (Матвеева Т.Ю.)",13,267,,Матвеева_hse
1988,"Студент: мне кажется, на рынке происходит как бы естественный отбор Препод: то есть, по-вашему, фирмы спариваются, дают потомство и только удачные мутации выживают? (с) (Федоровых ,эконом)",5,226,,Федоровых_hse
1978,"И тут Ленин решил провести коллективизацию. Коллективизацию он провел через задницу. Задницей был Молотов. (с) (Гловели Г.Д., МЭиМП, прошлый год)",17,376,,Гловели_hse
1912,"Сорвин К.В.: ""Моральный закон во мне априорен. Кто бы под этим подписался?"" Студентка: я! Сорвин К.В.: ""Я имел в виду Канта, но Ваш вариант мне тоже нравится""",5,217,,Сорвин_hse
1898,"- Вот почему вы так и не представили свой доклад?- Ну вы сказали ""Ни и ладно"", и я подумала ""Ну и хорошо"".- Вот видите что бывает, когда девушка начинает думать.",3,212,,Кургинян_hse
1892,"Они назывались ""досократиками"". Представляете, это ж каким человеком нужно быть, чтобы всех, кто был до тебя, назвать ""дотебятиками""!?(В.В.Файер, ФиПЛ)",9,267,,Файер_hse
1880,"Эта девушка была счастливой, а тут вдруг- микроэкономика... Скоро наденет клетчатую юбку в пол, будет пить какао и плакать. Вот что делает микроэкономика с людьми. Остановитесь! (С)",11,323,,Мельник_hse
1877,"*О том, как познакомиться с девушкой в метро*-Девушка, а не хотите ли проинтегрировать по частям?",2,210,,Самовол_hse
1867,"Хитров: - Государство запрещает пропаганду сексуальности, и при этом само же ее показывает. Например, через рекламу и т.д. При этом стоимость этой рекламы очень высока. Вообще, все, что касается сексуальности, очень дорого.Студентка: - Кстати да. В сексшопе так все дорого!Хитров после паузы: - Ну да, на одну стипендию не разгуляешься...(Хитров, философия. Психфак)",7,217,,Хитров_hse
1860,"Хороший пример. Да, на гей-парадах все так обычно и происходит. Стоп-стоп-стоп! Я не был! Мне рассказывали... (Долгоруков)",0,260,,Долгоруков_hse
1832,Федоровых: - Вы в плацкарте едете? - Да. - Бугагашенька ,3,288,,Фёдоровых_hse
1812,"Обычно защита проходит нормально. Всех адекватно оценивают. Есть, конечно, девственницы... *немая сцена. студенты вытаращили глаза* Ну которые начинают ""мне никогда не ставили 7!!!"" ну потерпишь, че. В первый раз всегда больно. (с) (Скворцов, психфак)",34,521,,Скворцов_hse
1801,"Акимов: -о, вы тут!- ну да.. у нас же лекция..- ну, я думал вы не придёте.. я просто так зашёл проверить...",3,231,,Акимов_hse
1794,"Заказчик не то чтобы дебил, но просто специалист в другой области. (Титаев. Питер)",9,280,,Титаев_hse
1793,"Вот о чем с вами можно говорить, если вы не видели эльфов?! © (Д.В. Мельник)",10,283,,Мельник_hse
1766,"Мельник: Она не должна спать на первой парте, это отвлекает. Я чувствую себя ничтожеством! (1 курс, соцфак)",3,213,,Мельник_hse
1743,"-Почему задание не сделал? -Вчера хоккей был, расстроился, руки не поднимались что-то делать. -Хоккей? какой хоккей? ты называешь это хоккеем?? (Морозов, тервер, 2 курс)",7,365,,Морозов_hse
1722,"- Почему он не ходит на мои пары?- Нуу, потому что он умный- Я тоже ниче такой, но я ж хожу к вам на пары. (А.М. Изосимов)",16,441,,Изосимов_hse
1701,"- Какой девиз у Вышки?- ""Не для школы, а для жизни мы учимся""- Нееет. Неправильно. ""Нет человека - нет проблемы""(Мельник, эконом)",69,815,,Мельник_hse
1667,"Чему нас учит Сартр: вместо того, Чтобы сказать «мадам, не хотите ли со мной переспать?» нужно говорить так – «мадам, не согласитесь ли вы зайти и посмотреть мою великолепную коллекцию марок?» (Долгоруков)",6,271,,Долгоруков_hse
1641,"-Что? Мимимизировать? Хорошо, значит сделаем издержки достаточно няшными. ",38,680,,Фёдоровых_hse
1638,"Любовь приходит и уходит, а право остаётся. (В.В. Таланов. Право ВТО, НИУ ВШЭ спб)",32,429,,Таланов_hse
1572,В Австралии жить неинтересно. Раз в год на кого-нибудь кенгуру упадет - все обсуждают. Вот в России интересно жить.,4,208,,Четвернин_hse
1555,"""Что-то вас сегодня мало... Аааа, понятно, вчера праздник был. Значит, тут только одинокие сердца собрались"" (Кургинян С.С. психфак)",4,235,,Кургинян_hse
1544,"""Обязательным условием заключения брака являлось нахождение обоих супругов в здравом уме. Но разве кто-то заключает браки в здравом уме?"" ",14,392,,Андрощук_hse
1531,"«На этой сексуальной ноте мы заканчиваем наш курс, немного абсурдный и непонятный, но согласитесь, это лучше, чем ничего.» (Ищенко, философия, последний семинар на факультете логистики)",5,234,,Ищенко_hse
1493,"Читать Гарри Поттера, завернувшись в плед - одно из самых больших удовольствий в жизни. (филология, Лекманов)",18,309,,Лекманов_hse
1489,"*Совет от Урнова*Если тебя спрашивают как профессионала, а ты не знаешь что сказать... Сделай умное задумчивое лицо, выдержи паузу и ответь ""И все таки нет.""",19,281,,Урнов_hse
1480,"Прочитал я ваши эссе. Некоторые - очень ничего, читаю и понимаю, что человек говорит по-русски. А некоторые... Как вам сказать... Ну вот знаете терку для овощей? Вот когда я читал эти эссе, у меня было ощущение, что мне этой теркой по мозгам кто-то ррррррррраз, ррррррррраз, ррррррррраз (Андрощук)",5,229,,Андрощук_hse
1446,"""Берегите ваших мужиков. У вас они, по моим наблюдениям, такие, хиленькие. Я бы даже сказал, прости господи, хипстеры!"" (Евстафьев Д.Г.) *про мужскую половину на рекламе*",17,323,,Евстафьев_hse
1440,"""Греческие воины умирали с улыбкой. Берите пример, котятки!"" (А.В. Марей)",11,269,,Марей_hse
1407,"-давайте предположим, что я полный идиот, а вы пытаетесь объяснить мне суть линейной регрессии... -(студентка) регрессия показывает нам... -Дайте. Мне. Пошутить. -(студентка)ой, извините, пожалуйста... -Все. Вы все испортили. Шутки больше нет. (Стародубцев, Питер)",5,218,,Стародубцев_hse
1400,"На следующей неделе Вышка проводит олимпиаду. Сюда придут толпы школьников, чтобы занять ваше место... Пока что только место в аудиториях. (Федоровых Д. А., эконом)",6,240,,Федоровых_hse
1391,Это маркетинговый провал сказать женщине что есть еще одна такая же.,20,326,,Заздравных_hse
1372,"""Дионисическое начало - это не оргии и алкоголь. Я пью вино каждый день, но это же не делает меня алкоголиком. Ну если вдруг станет заметно, вы мне скажите"" (Кречетова, культурология)",7,283,,Кречетова_hse
1324,"Эту теорему мы доказывать не будем, здесь как Вконтакте - ""все сложно"". (Лобанов, экономика, 2008 год)",4,287,,Лобанов_hse
1305,"- Почему вы не заходите? - Мы боимся! - Чего!? - Местного самоуправления. - Дети мои, не бойтесь того, чего нет. (Овчинников)",11,272,,Овчинников_hse
1298,"*после вывода огромной формулы на доске* ""Если что-то не ясно, предлагаю смириться"" (Фурманов, теорвер и матстат, отделение программной инженерии)",11,293,,Фурманов_hse
1178,"Семинар по истэку. Обсуждаем бары, кальяны и виски. - Девушки, ну кальяны курить и пить такие крепкие напитки не надо в вашем возрасте. Вы же должны же быть этими...как его... Феями!Вы видели фею с виски? (c)Мельник",10,228,,Мельник_hse
1147,"Студент не понимает, не понимает, потом привыкает. Субочев.",19,223,,Субочев_hse
1116,-А как примерно будет выглядеть зачет?-Больше всего зачет будет похож на письменный тест и на смерть.(Пащенко),19,396,,Пащенко_hse
1075,"Никогда не говори никому ""Отвали"", вместо этого говори ""Мы с вами работаем в разных парадигмах"". (С) Кожанов",24,338,,Кожанов_hse
1063,"На контрольной вам нужны три вещи: ручка, чтобы писать, водичка, чтобы пить и платочек - слезки вытирать. (Логвенков)",27,473,,Логвенков_hse
1044,"""Вот вам пример от балды. Собственно, я и экзамены вам так же составляю."" (с) (Салимова Альфия Фаизовна, МЭиМП, прошлый год)",10,206,,Салимова_hse
1028,"Из вас математики, как из дерьма пули. (Логвенков)",24,219,,Логвенков_hse
1011,"""Государь"" Макиавелли - краткий курс тирании для чайников.",10,314,,Пащенко_hse
994,Чизбургер безразличия.,18,433,,Акимов_hse
992,Обществознание - это не наука: обществознание - это хрень! ,10,330,,Горбатова_hse
989,"Я прочитал паблик ""Цитаты преподов HSE"" и вывел формулу идеальной шутки. Во-первых, надо заранее предупредить, что сейчас будет шутка, а во-вторых, в ней должна быть доля сексизма. (Павлов А.В., философия)",2,251,,Павлов_hse
988,"""Еще 5 градусов и путь до метро будет усеян детскими трупиками"" (Мельник Д.В.)",5,258,,Мельник_hse
926,"Я уже что только не делаю, чтобы вы не приходили на пары. Не отмечаю вас, лекции свои высылаю на почту, а вы все ходите и ходите! Спите лучше дома. (с) (И. Б. Орлов)",14,403,,Орлов_hse
906,"""Когда то я был молод и красив...а теперь только красив."" (А.Осавелюк)",3,233,,Осавелюк_hse
891,"Чем знаменит Сиэтл? Дети, Курт Кобейн там родился! Вы не знаете макру, не знаете арифметику, но это вы должны знать! (Т.Ю.Матвеева)",6,213,,Матвеева_hse
878,"Шуметь на лекции - моя монополия, и я не собираюсь ее кому-либо отдавать! (Гловели)",2,220,,Гловели_hse
862,"Вот если был бы паблик ""Цитаты студентов ВШЭ""... Ох, я бы постил туда. (Андрощук)",2,245,,Андрощук_hse
855,"Мельник: Давайте так: я вам ставлю точку, а вы забываете все, что сейчас сказалиСтудентка: Хорошо...)М: У вас интернет есть?С: ЕстьМ: ну тогда посидите минут 15, полайкайте фотки котят и забудьте о Смите и его теории(Мельник Д. В.)",9,414,,Мельник_hse
852,У преподавателя не получается вставить флешку в комп и он начинает ее продувать. Тут студент: А вы спиртом протрите! Скоробогатов: Это одно и то же :D,4,318,,Скоробогатов_hse
849,"-Вот какая у вас стипендия? - 1500 -фу блин, с такими ценами я даже не хочу связываться с вами, нищеброды. (Мельников)",6,276,,Мельников_hse
777,"-Что такое дуализм?... Дуплекс? -Ну... Двойной...-Что двойной? Твикс, по вашему, тоже дуализм?(Булат Венерович, право)",5,280,,Булат_hse
754,"""Половине группы я поставлю автоматы, а половину буду долго мучить на зачете. И я не буду грешен, т. к. первая половина будет на меня молиться."" (В.Андрощук)",6,347,,Андрощук_hse
753,"-Почему в Средние века не сжигали красивых мужчин,а только красивых женщин? -Ну вы вспомните Библию,кто там первый накосячил-то.    (Пащенко Т.В.)",10,296,,Пащенко_hse
709,"'Всё равно надо это проговорить. Это тренирует ваши bla-bla-bla skills'Марей, GE, МЭиМП",9,223,,Марей_hse
635,Где книга мёртвых?,10,272,,Гамалей_hse
633,"""Определяемый термин-это часть определяемой части определения,которая не встречается в определяющей части определения."" Мне кажется,что,если мы с вами много раз это повторим,то появится Сатана! (Пащенко Т.)",7,263,,Пащенко_hse
588,"'У студентки упал айпад на лекции'. Мельник(М): Разбился? Студентка(С): Да. М: А вы из моей группы.С: Нет. М: Жаль, так бы хоть плюсик поставил,чтоб утешить.",3,309,,Мельник_hse
582,"""Больные пошли нынче студенты. Вы чего на первую пару пришли?"" Мельник Д. В.",7,248,,Мельник_hse
429,"Вы вообще в какой стране родились? Откуда у Вас все эти слова: демократия, народная поддержка?... (И. Орлов)",12,309,,Орлов_hse
333,"... Его работа называлась ""Органон"". Запомните, ребят, не ""Агроном"" и не ""Арагорн"".Т.В. Пащенко.",6,213,,Пащенко_hse
214,"Функция, конечно, поломается... Ты ее и так, и так... А она типа: ой, я не такая, я жду трамвая (с) Самовол",6,282,,Самовол_hse
175,ТГП. Назмутдинов Булат Венерович (Б. В.) и Сергей (С)Б.В.: что вы можете сказать про международное публичное право?С.: ну...эээ...оно...публичное...Б.В.: ОГО! Оно наверно еще и международное...а может быть еще и право?...,7,212,,Булат_hse
170,"На алгебре решаем пример. Самовол :ну что получилось? Кто-то: Ноль.Самовол: Неправильно. А у кого не ноль? Аня: У меня не ноль. С: Мне нравятся девушки, у которых не ноль...""Кто-то: мне тоже! [нравятся девушки, у которых не ноль]Самовол: а вот конкуренты мне не нравятся!",11,393,,Самовол_hse
159,"-Катя, куда вы? -Выйти. Я решила вас не беспокоить. -Вот вы читали новые правила внутреннего распорядка НИУ ВШЭ? -Нет, а что пишут? -Говорят, нельзя выйти из аудитории, не сказав преподавателю. -Ок. Можно выйти? -Ну конечно, Катя, чего вы спрашиваете. (Павлов А.В.)",2,213,,Павлов_hse
114,"Прошу прощения, я вынужден поставить стакан на стол, иначе я буду продолжать читать эту лекцию как тост. (Гасан Чингизович Гусейнов)",12,353,,Гусейнов_hse
